{
    "train_loss": [
        0.31267437021914535,
        0.11175307302440018,
        0.07666895835731019,
        0.056281400202239436,
        0.04589586922130878,
        0.03547853479295378,
        0.03163909501028115,
        0.028677934102501093,
        0.024272780567702785,
        0.02267131692628096,
        0.020482653474172587,
        0.01901221613737482
    ],
    "train_acc": [
        90.55,
        96.57407407407408,
        97.65185185185184,
        98.22407407407407,
        98.5537037037037,
        98.87407407407407,
        98.98518518518519,
        99.07777777777778,
        99.22407407407407,
        99.28703703703704,
        99.37592592592593,
        99.4037037037037
    ],
    "val_loss": [
        0.12844689705587448,
        0.1044903648026446,
        0.07686645874476179,
        0.08531137429019238,
        0.07624455317458574,
        0.0863147648150458,
        0.0743477953637534,
        0.079055612926629,
        0.08923895134927427,
        0.0925633017285826,
        0.1091914259075643,
        0.09335057827782758
    ],
    "val_acc": [
        96.1,
        96.8,
        97.68333333333334,
        97.28333333333333,
        97.76666666666667,
        97.68333333333334,
        97.91666666666667,
        97.9,
        97.88333333333334,
        97.41666666666667,
        97.61666666666666,
        97.85
    ],
    "test_loss": 0.1094552947411045,
    "test_acc": 97.65,
    "metadata": {
        "timestamp": "2025-02-20T15:56:35.430463",
        "run_name": "oily-mountain",
        "model_config": {
            "class_name": "BaseMLP",
            "input_dim": 784,
            "hidden_dims": [
                512,
                256,
                128,
                64
            ],
            "output_dim": 10,
            "activation_type": "ReLU",
            "dropout_prob": 0.0,
            "store_activations": true,
            "num_parameters": 575050,
            "num_trainable_parameters": 575050
        },
        "training_config": {
            "batch_size": 128,
            "learning_rate": 0.001,
            "optimizer": {
                "class_name": "Adam",
                "parameters": null
            },
            "criterion": "CrossEntropyLoss",
            "device": "cpu"
        },
        "dataset_info": {
            "name": "MNIST",
            "train_size": 54000,
            "val_size": 6000,
            "test_size": 10000,
            "input_shape": [
                1,
                28,
                28
            ],
            "num_classes": 10
        },
        "system_info": {
            "python_version": "3.12.6 (main, Sep  6 2024, 19:03:47) [Clang 15.0.0 (clang-1500.3.9.4)]",
            "pytorch_version": "2.6.0",
            "cuda_available": false,
            "cuda_version": null,
            "platform": "macOS-15.1-arm64-arm-64bit",
            "cpu_count": "arm64",
            "processor": "arm"
        },
        "git_info": {
            "commit_hash": "5517e256902e60e8c7e9d5795adcb43074322259",
            "branch": "main",
            "is_dirty": true
        },
        "tags": [
            "baseline",
            "large_model"
        ],
        "final_metrics": {
            "best_val_loss": 0.0743477953637534,
            "best_val_acc": 97.91666666666667,
            "best_epoch": 6,
            "total_epochs": 12,
            "training_duration": 33.392237,
            "test_loss": 0.1094552947411045,
            "test_acc": 97.65
        }
    }
}