{
    "train_loss": [
        2.0328807559623536,
        1.6448936696866112,
        1.3470572849020575,
        1.16383002197008,
        1.0511071759660098,
        0.9857757066098435,
        0.9479703010541003,
        0.9111179315365886,
        0.889974996659428,
        0.8708084101360556,
        0.8423268564786957,
        0.8217060140806351,
        0.7920365140053898,
        0.7547883689403534,
        0.7288258838427575,
        0.7055888109580035,
        0.6789526394193206,
        0.6638135234891521,
        0.6236534090403697,
        0.6056647684901811,
        0.5919939955405149,
        0.5725972120654527,
        0.5519550056395373,
        0.5445380977121009,
        0.5305384900332627,
        0.5169143697238081,
        0.4995644649058157,
        0.47418427852234,
        0.4527668092064383,
        0.4455668492975393,
        0.43954185265782886,
        0.4257057831397554,
        0.4265392336517714,
        0.42069187908658484,
        0.410898982948884,
        0.396347640144034,
        0.39288338171362314,
        0.3840843244539618,
        0.3814037408662068,
        0.36468315233975224,
        0.3576011895356585,
        0.3452468523976362,
        0.3385710711304045,
        0.3390594847253149,
        0.3288294593516684,
        0.3152944688548409,
        0.31379272869977903,
        0.3012414073209627,
        0.30398941474362007,
        0.2975647711499607,
        0.2915468074346041
    ],
    "train_acc": [
        39.87222222222222,
        44.93888888888889,
        54.02777777777778,
        58.044444444444444,
        60.135185185185186,
        61.388888888888886,
        61.89259259259259,
        62.16481481481482,
        63.148148148148145,
        63.96111111111111,
        67.79444444444445,
        69.95925925925926,
        73.21111111111111,
        74.04814814814814,
        74.22037037037038,
        74.34814814814816,
        75.05925925925926,
        76.49259259259259,
        78.27407407407408,
        80.2,
        80.18333333333334,
        80.50185185185185,
        80.78518518518518,
        81.12777777777778,
        82.84444444444445,
        83.15,
        83.47592592592592,
        83.5425925925926,
        84.8462962962963,
        85.0037037037037,
        84.97222222222223,
        85.09444444444445,
        85.02592592592593,
        85.02037037037037,
        85.02407407407408,
        85.32777777777778,
        85.85555555555555,
        87.03888888888889,
        87.35925925925926,
        88.95370370370371,
        89.30555555555556,
        89.73333333333333,
        90.75,
        90.39814814814815,
        90.52222222222223,
        90.58518518518518,
        90.65,
        90.83148148148148,
        91.02777777777777,
        91.38333333333334,
        91.83518518518518
    ],
    "val_loss": [
        1.8550184889042631,
        1.367802173533338,
        1.118769143490081,
        0.9485099049324685,
        0.8110138900736545,
        0.7253521756922945,
        0.6701332267294539,
        0.6315966508489974,
        0.5956618101038831,
        0.5666172333220219,
        0.5491180755990617,
        0.4997847486049571,
        0.45557459427955305,
        0.4051011198378624,
        0.3711171086798323,
        0.3569984975013327,
        0.3250251222164073,
        0.3021925488050948,
        0.2753602275823025,
        0.25195493025982635,
        0.24453533615203613,
        0.23848030224759528,
        0.23664766233018103,
        0.21022381474997134,
        0.21114388615527052,
        0.19206406477283924,
        0.19412033592766903,
        0.1771713526959115,
        0.1771564188789814,
        0.18404599199903773,
        0.18021959224913983,
        0.17432403310816338,
        0.16915385393386193,
        0.1723961298294524,
        0.15963516891636748,
        0.17351332045298942,
        0.15537927220476436,
        0.16073606210820218,
        0.15695218876638312,
        0.15846442772035904,
        0.14437954706397463,
        0.15656055430782603,
        0.15376569885522762,
        0.15035303353153645,
        0.14966667395956973,
        0.14167663046812756,
        0.14961839411804018,
        0.14821252286275652,
        0.15894193455893943,
        0.15479858433629604,
        0.14317909533039053
    ],
    "val_acc": [
        44.483333333333334,
        57.38333333333333,
        70.61666666666666,
        73.1,
        76.88333333333334,
        77.15,
        76.75,
        78.03333333333333,
        79.28333333333333,
        85.25,
        87.26666666666667,
        88.13333333333334,
        95.58333333333333,
        96.13333333333334,
        96.4,
        96.25,
        96.61666666666666,
        96.66666666666667,
        96.76666666666667,
        96.63333333333334,
        96.65,
        96.55,
        96.6,
        96.83333333333333,
        96.75,
        97.03333333333333,
        96.81666666666666,
        97.18333333333334,
        97.13333333333334,
        96.88333333333334,
        96.95,
        97.15,
        97.1,
        97.21666666666667,
        97.31666666666666,
        96.98333333333333,
        97.25,
        97.35,
        97.36666666666666,
        97.31666666666666,
        97.41666666666667,
        97.23333333333333,
        97.28333333333333,
        97.3,
        97.33333333333333,
        97.45,
        97.4,
        97.38333333333334,
        97.16666666666667,
        97.08333333333333,
        97.26666666666667
    ],
    "test_loss": 0.12742306506614895,
    "test_acc": 97.78,
    "metadata": {
        "timestamp": "2025-02-20T21:47:45.583086",
        "run_name": "0220214745_BaseMLP_RescaledReLU_acoustic-shim",
        "model_config": {
            "class_name": "BaseMLP",
            "input_dim": 784,
            "hidden_dims": [
                512,
                256,
                128,
                64
            ],
            "output_dim": 10,
            "activation_type": "RescaledReLU",
            "dropout_prob": 0.2,
            "store_activations": true,
            "num_parameters": 575050,
            "num_trainable_parameters": 575050
        },
        "training_config": {
            "batch_size": 128,
            "learning_rate": 0.001,
            "optimizer": {
                "class_name": "Adam",
                "parameters": null
            },
            "criterion": "CrossEntropyLoss",
            "device": "cpu"
        },
        "dataset_info": {
            "name": "MNIST",
            "train_size": 54000,
            "val_size": 6000,
            "test_size": 10000,
            "input_shape": [
                1,
                28,
                28
            ],
            "num_classes": 10
        },
        "system_info": {
            "python_version": "3.12.6 (main, Sep  6 2024, 19:03:47) [Clang 15.0.0 (clang-1500.3.9.4)]",
            "pytorch_version": "2.6.0",
            "cuda_available": false,
            "cuda_version": null,
            "platform": "macOS-15.1-arm64-arm-64bit",
            "cpu_count": "arm64",
            "processor": "arm"
        },
        "git_info": {
            "commit_hash": "15e48a32d31478ac54b6c3350a900b9f6e2bcba1",
            "branch": "main",
            "is_dirty": true
        },
        "tags": [
            "layers_4",
            "dropout_0.2",
            "activation_RescaledReLU_eps_1e-10"
        ],
        "final_metrics": {
            "best_val_loss": 0.14167663046812756,
            "best_val_acc": 97.45,
            "best_epoch": 45,
            "total_epochs": 51,
            "training_duration": 135.9095,
            "test_loss": 0.12742306506614895,
            "test_acc": 97.78
        },
        "weight_analysis": {
            "network.linear_0.weight": {
                "mean": 0.007956541143357754,
                "std": 0.07528115063905716,
                "min": -1.274154543876648,
                "max": 0.7680301070213318,
                "norm": 47.96034240722656,