{
    "train_loss": [
        2.302158172096686,
        2.2890904503411025,
        2.2355292244545093,
        2.174734184527284,
        2.1326634228512007,
        2.1056350814222724,
        2.087073876959453,
        2.0736896234666,
        2.0668557215640897,
        2.062430732623096,
        2.0592711508556563,
        2.056853122620786,
        2.0549188078297256,
        2.053434725056327,
        2.0521307850336012,
        2.051037088107159,
        2.0499727014116766,
        2.0490592927164375,
        2.048274119883352,
        2.0476378631817784,
        2.0469899541958814,
        2.046464756201794,
        2.0460710593309446,
        2.0455828447477513,
        2.0451855885474037,
        2.0448172112211798,
        2.044465746077316,
        2.044167198276068,
        2.0438994607089254,
        2.0436293166395614,
        2.043387653420887,
        2.0431557775108735,
        2.0429809209294794,
        2.0428505062491973,
        2.0426039207038156,
        2.0424951300801824,
        2.042379800459785,
        2.042225631209911,
        2.0420324737426796,
        2.041981391997134,
        2.041840053282643,
        2.0417214030338124,
        2.0416924512781804,
        2.041522680300672,
        2.0415173839618808,
        2.0414407015976748,
        2.041356131928792,
        2.0413152439899354,
        2.0412305118913334,
        2.0411453097352483
    ],
    "train_acc": [
        33.32222222222222,
        36.01111111111111,
        36.425925925925924,
        37.75185185185185,
        43.22037037037037,
        50.82222222222222,
        55.512962962962966,
        55.446296296296296,
        55.601851851851855,
        55.42037037037037,
        55.7,
        55.68333333333333,
        55.85,
        55.77037037037037,
        55.72037037037037,
        55.69074074074074,
        55.57592592592592,
        55.71851851851852,
        55.95740740740741,
        55.95925925925926,
        56.07592592592592,
        55.98888888888889,
        55.72037037037037,
        55.88333333333333,
        56.43888888888889,
        56.37407407407407,
        56.525925925925925,
        56.925925925925924,
        56.91481481481482,
        56.52777777777778,
        56.08518518518518,
        56.19814814814815,
        56.242592592592594,
        56.724074074074075,
        56.68333333333333,
        60.955555555555556,
        63.55555555555556,
        62.931481481481484,
        63.3537037037037,
        63.37777777777778,
        62.25370370370371,
        62.95925925925926,
        62.35740740740741,
        61.53703703703704,
        62.487037037037034,
        62.114814814814814,
        61.87592592592593,
        61.31296296296296,
        60.242592592592594,
        61.54814814814815
    ],
    "val_loss": [
        2.3006520322028625,
        2.269875632955673,
        2.201857998016033,
        2.1543656968055886,
        2.120007702644835,
        2.098847845767407,
        2.0817075536606158,
        2.07218403511859,
        2.0668474866988813,
        2.0634949866761554,
        2.0605740800816963,
        2.058594581928659,
        2.056977018396905,
        2.0556806909277086,
        2.0543966445517032,
        2.053166318447032,
        2.0520676957800035,
        2.0513511870769743,
        2.05055434145826,
        2.0499968224383416,
        2.049268514552015,
        2.048855827209797,
        2.0486416664529354,
        2.0479639388145285,
        2.047555132115141,
        2.0472979849957404,
        2.047238253532572,
        2.0466781321992267,
        2.046610477122855,
        2.0461958012682326,
        2.046127735300267,
        2.0459397092778633,
        2.0455717888284237,
        2.0456871225478803,
        2.045464191030949,
        2.0451035093753895,
        2.0453042020189,
        2.0448590948226606,
        2.0449086351597563,
        2.044931482761464,
        2.04474505972355,
        2.044772006095724,
        2.044481520957135,
        2.0442957117202436,
        2.044149956804641,
        2.044260816371187,
        2.044167939652788,
        2.0440579830332006,
        2.0439337517352816,
        2.0439208517683314
    ],
    "val_acc": [
        32.483333333333334,
        36.36666666666667,
        33.55,
        38.583333333333336,
        52.61666666666667,
        53.38333333333333,
        53.63333333333333,
        53.9,
        53.55,
        54.016666666666666,
        54.15,
        54.11666666666667,
        54.083333333333336,
        53.6,
        54.0,
        54.31666666666667,
        54.266666666666666,
        54.333333333333336,
        54.71666666666667,
        54.63333333333333,
        54.71666666666667,
        54.31666666666667,
        54.25,
        54.666666666666664,
        54.766666666666666,
        54.88333333333333,
        55.766666666666666,
        55.733333333333334,
        55.7,
        54.75,
        54.983333333333334,
        54.8,
        55.56666666666667,
        55.483333333333334,
        55.53333333333333,
        62.8,
        63.1,
        62.916666666666664,
        63.06666666666667,
        63.05,
        54.68333333333333,
        55.016666666666666,
        62.833333333333336,
        63.083333333333336,
        54.983333333333334,
        63.06666666666667,
        63.25,
        54.93333333333333,
        63.1,
        63.333333333333336
    ],
    "test_loss": 2.0442449292050133,
    "test_acc": 64.01,
    "metadata": {
        "timestamp": "2025-02-21T16:54:23.697424",
        "run_name": "0221165423_BaseMLP_PowerNormalization_cyan-wallpaper",
        "model_config": {
            "class_name": "BaseMLP",
            "input_dim": 784,
            "hidden_dims": [
                512
            ],
            "output_dim": 10,
            "activation_type": "PowerNormalization",
            "dropout_prob": 0.0,
            "store_activations": true,
            "num_parameters": 406528,
            "num_trainable_parameters": 406528
        },
        "training_config": {
            "batch_size": 128,
            "learning_rate": 0.001,
            "optimizer": {
                "class_name": "Adam",
                "parameters": null
            },
            "criterion": "CrossEntropyLoss",
            "device": "cpu"
        },
        "dataset_info": {
            "name": "MNIST",
            "train_size": 54000,
            "val_size": 6000,
            "test_size": 10000,
            "input_shape": [
                1,
                28,
                28
            ],
            "num_classes": 10
        },
        "system_info": {
            "python_version": "3.12.6 (main, Sep  6 2024, 19:03:47) [Clang 15.0.0 (clang-1500.3.9.4)]",
            "pytorch_version": "2.6.0",
            "cuda_available": false,
            "cuda_version": null,
            "platform": "macOS-15.1-arm64-arm-64bit",
            "cpu_count": "arm64",
            "processor": "arm"
        },
        "git_info": {
            "commit_hash": "a3b0a5e3f94443cb345268bf1f25446ff58657b8",
            "branch": "main",
            "is_dirty": true
        },
        "tags": [
            "stochastic_layers_1",
            "activation_PowerNormalization_layer_temperature_0.5"
        ],
        "final_metrics": {
            "best_val_loss": 2.0439208517683314,
            "best_val_acc": 63.333333333333336,
            "best_epoch": 49,
            "total_epochs": 50,
            "training_duration": 123.12549,
            "test_loss": 2.0442449292050133,
            "test_acc": 64.01
        },
        "weight_analysis": {
            "network.linear_0.raw_weight": {
                "mean": 0.060756683349609375,
                "std": 0.5574522018432617,
                "min": -6.15117073059082,
                "max": 3.303420066833496,
                "norm": 355.2734375,
                "sparsity": 0.0
            },
            "network.linear_1.raw_weight": {
                "mean": -3.0199098587036133,