{
    "train_loss": [
        2.2943968309610376,
        2.250158243269717,
        2.177636892309686,
        2.0675891705598874,
        1.9415566692420092,
        1.847798294648175,
        1.7742604960762494,
        1.7048217380216337,
        1.631931930356681,
        1.5815751388739636,
        1.5539145947067659,
        1.5349556947771408,
        1.5202674557812406,
        1.5089234608044557,
        1.4999248831758003,
        1.4927816244098246,
        1.4870739115922937,
        1.4825746804052056,
        1.4791462907293962,
        1.4763818600731438,
        1.4742595929105136,
        1.4724881052970886,
        1.471033598574417,
        1.4698489715137752,
        1.4688227337683546,
        1.4679916455847393,
        1.467217238875927,
        1.4665763711477342,
        1.4659945368766785,
        1.4655153468886823,
        1.465093591201927,
        1.4647366622047966,
        1.464407085524916,
        1.4641108998755143,
        1.4637888627594682,
        1.4635658896929844,
        1.463344191205445,
        1.463145345025718,
        1.4629575426544623,
        1.4627770609200283,
        1.4626656013642443,
        1.4624865577684194,
        1.4623682174072445,
        1.4622637615384648,
        1.4621477271143295,
        1.4620638461474558,
        1.4619277645061366,
        1.461874556767432,
        1.4617877127999943,
        1.4616858874452057
    ],
    "train_acc": [
        17.581481481481482,
        31.73148148148148,
        38.59444444444444,
        44.1,
        51.157407407407405,
        57.74629629629629,
        58.76851851851852,
        57.772222222222226,
        63.262962962962966,
        64.25,
        62.92777777777778,
        63.28333333333333,
        64.08148148148148,
        64.8,
        65.39444444444445,
        65.78333333333333,
        66.07962962962964,
        66.31111111111112,
        66.40555555555555,
        66.47037037037038,
        66.53888888888889,
        66.55555555555556,
        66.55555555555556,
        66.61481481481482,
        66.65925925925926,
        66.7,
        66.75185185185185,
        66.75925925925925,
        66.82222222222222,
        66.80740740740741,
        66.84814814814816,
        66.8537037037037,
        66.82592592592593,
        66.85740740740741,
        66.88333333333334,
        66.86666666666666,
        66.87777777777778,
        66.87592592592593,
        66.83333333333333,
        66.85555555555555,
        66.92222222222222,
        66.87407407407407,
        66.88703703703703,
        66.8962962962963,
        66.85,
        66.89444444444445,
        66.87777777777778,
        66.8962962962963,
        66.90925925925926,
        66.89259259259259
    ],
    "val_loss": [
        2.277870426786707,
        2.219633695927072,
        2.132316178463875,
        2.001074215199085,
        1.8898474815043997,
        1.8087764420407884,
        1.7414268838598372,
        1.6704935114434425,
        1.607534223414482,
        1.5727212682683418,
        1.5510451083487653,
        1.5345183534825102,
        1.521642601236384,
        1.5115181892476184,
        1.5035157837766282,
        1.4972096605503813,
        1.4922432721929346,
        1.4884077462744205,
        1.4854147180597832,
        1.4830421564426828,
        1.4811115848257186,
        1.479486402044905,
        1.4781876853171816,
        1.477063480843889,
        1.4761296662878483,
        1.4753210265585717,
        1.4746074549695278,
        1.4740111168394698,
        1.473476103011598,
        1.4729923643964402,
        1.4725984182763607,
        1.4722298713440591,
        1.4719001181582188,
        1.4715927078368816,
        1.471323535797444,
        1.4710990469506446,
        1.4708669413911535,
        1.4706771475203493,
        1.4705174527269729,
        1.4703250058153843,
        1.4701813028213826,
        1.4700482880815546,
        1.4699110680438103,
        1.4697897637144048,
        1.4696611977638083,
        1.4695940017700195,
        1.4694972367996866,
        1.469408780970472,
        1.4693164774712095,
        1.4692278035143589
    ],
    "val_acc": [
        22.633333333333333,
        37.5,
        40.25,
        47.43333333333333,
        54.71666666666667,
        59.55,
        57.85,
        57.95,
        64.0,
        62.28333333333333,
        62.0,
        62.46666666666667,
        63.233333333333334,
        63.93333333333333,
        64.55,
        65.13333333333334,
        65.3,
        65.43333333333334,
        65.51666666666667,
        65.51666666666667,
        65.61666666666666,
        65.58333333333333,
        65.61666666666666,
        65.63333333333334,
        65.65,
        65.7,
        65.7,
        65.8,
        65.83333333333333,
        65.85,
        65.98333333333333,
        65.98333333333333,
        66.08333333333333,
        66.11666666666666,
        66.03333333333333,
        66.01666666666667,
        66.08333333333333,
        66.11666666666666,
        66.11666666666666,
        66.06666666666666,
        66.08333333333333,
        66.11666666666666,
        66.15,
        66.11666666666666,
        66.16666666666667,
        66.16666666666667,
        66.23333333333333,
        66.31666666666666,
        66.25,
        66.26666666666667
    ],
    "test_loss": 1.4511998348598238,
    "test_acc": 66.6,
    "metadata": {
        "timestamp": "2025-02-21T15:02:14.912665",
        "run_name": "0221150214_BaseMLP_ReLU_gold-buck",
        "model_config": {
            "class_name": "BaseMLP",
            "input_dim": 784,
            "hidden_dims": [
                512
            ],
            "output_dim": 10,
            "activation_type": "ReLU",
            "dropout_prob": 0.0,
            "store_activations": true,
            "num_parameters": 406528,
            "num_trainable_parameters": 406528
        },
        "training_config": {
            "batch_size": 128,
            "learning_rate": 0.001,
            "optimizer": {
                "class_name": "Adam",
                "parameters": null
            },
            "criterion": "CrossEntropyLoss",
            "device": "cpu"
        },
        "dataset_info": {
            "name": "MNIST",
            "train_size": 54000,
            "val_size": 6000,
            "test_size": 10000,
            "input_shape": [
                1,
                28,
                28
            ],
            "num_classes": 10
        },
        "system_info": {
            "python_version": "3.12.6 (main, Sep  6 2024, 19:03:47) [Clang 15.0.0 (clang-1500.3.9.4)]",
            "pytorch_version": "2.6.0",
            "cuda_available": false,
            "cuda_version": null,
            "platform": "macOS-15.1-arm64-arm-64bit",
            "cpu_count": "arm64",
            "processor": "arm"
        },
        "git_info": {
            "commit_hash": "e002b61e0f49ed24cde6d4c5b63a2d8ef535d0f8",
            "branch": "main",
            "is_dirty": true
        },
        "tags": [
            "stochastic_layers_1",
            "activation_NoActivation_layer_temperature_1.0"
        ],
        "final_metrics": {
            "best_val_loss": 1.4692278035143589,
            "best_val_acc": 66.31666666666666,
            "best_epoch": 49,
            "total_epochs": 50,
            "training_duration": 120.473213,
            "test_loss": 1.4511998348598238,
            "test_acc": 66.6
        },
        "weight_analysis": {
            "network.linear_0.raw_weight": {
                "mean": -1.8970739841461182,
                "std": 2.611252784729004,
                "min": -10.714285850524902,
                "max": 9.147144317626953,
                "norm": 2044.9071044921875,
                "sparsity": 0.0
            },
            "network.linear_1.raw_weight": {
                "mean": -5.734996795654297,
                "std": 2.3722147941589355,
                "min": -9.3703031539917,