{
    "train_loss": [
        2.3025853633880615,
        2.3025853633880615,
        2.3025853633880615,
        2.3025853633880615,
        2.3025853633880615,
        2.3025822430425347,
        2.2366450392239465,
        2.0370224748177552,
        1.886563311538425,
        1.6803707240317105,
        1.6144370484691095,
        1.5726663521115813,
        1.5353440354220675,
        1.5132829854838656,
        1.495736380606466,
        1.4855883889853672,
        1.4802747425309855,
        1.4746071351647942,
        1.4706585472228968,
        1.4686702145219415,
        1.4673305131247822,
        1.466339160763257,
        1.4654886982452249,
        1.464825986685911,
        1.4642536007397549,
        1.4637849226382107,
        1.463366950292723,
        1.4630305603217175,
        1.4627065813936893,
        1.4624664921896153,
        1.4622614084261853,
        1.4620786012631457,
        1.4618959966429037,
        1.4617556005857566,
        1.4616038875557236,
        1.4615130418849782,
        1.4614178190864093,
        1.4613044595266405,
        1.461236883961194,
        1.4611319227241226,
        1.4611071297342744,
        1.4610386502121298,
        1.4609746958407182,
        1.4609037256353838,
        1.4608621608589498,
        1.4608239805528902,
        1.4607803005177828,
        1.4607480846310115,
        1.4607704925876093,
        1.4606895732088676
    ],
    "train_acc": [
        7.864814814814815,
        10.477777777777778,
        12.155555555555555,
        11.551851851851852,
        9.968518518518518,
        9.825925925925926,
        10.907407407407407,
        25.631481481481483,
        33.58888888888889,
        47.096296296296295,
        50.86851851851852,
        54.19074074074074,
        58.544444444444444,
        59.925925925925924,
        62.196296296296296,
        63.44259259259259,
        64.07037037037037,
        64.87037037037037,
        65.60185185185185,
        65.89259259259259,
        66.04074074074074,
        66.14259259259259,
        66.21111111111111,
        66.34074074074074,
        66.34814814814816,
        66.44444444444444,
        66.46851851851852,
        66.4888888888889,
        66.60185185185185,
        66.6037037037037,
        66.63703703703703,
        66.67222222222222,
        66.65925925925926,
        66.7074074074074,
        66.72037037037038,
        66.75925925925925,
        66.76851851851852,
        66.78888888888889,
        66.76481481481481,
        66.78703703703704,
        66.83888888888889,
        66.81481481481481,
        66.81481481481481,
        66.84814814814816,
        66.8,
        66.8462962962963,
        66.83518518518518,
        66.86666666666666,
        66.83518518518518,
        66.84814814814816
    ],
    "val_loss": [
        2.3025853633880615,
        2.3025853633880615,
        2.3025853633880615,
        2.3025853633880615,
        2.3025853633880615,
        2.302530902497312,
        2.1782454886335008,
        1.9415424377360242,
        1.796303391456604,
        1.6403626482537452,
        1.6031385761626222,
        1.5571490754472448,
        1.5298404465330409,
        1.50976462820743,
        1.4945931130267205,
        1.4881776926365304,
        1.4828319980743083,
        1.4772672374197777,
        1.474590874732809,
        1.4731546995487619,
        1.472135361204756,
        1.4712870298547949,
        1.4706880691203665,
        1.4701271640493514,
        1.4697219691378005,
        1.4694044031995408,
        1.4691377776734373,
        1.468875694782176,
        1.4687675567383462,
        1.468562034850425,
        1.4684628501851509,
        1.4683259852389072,
        1.4681943173104144,
        1.4681712490447023,
        1.4680331920055634,
        1.4679924046739619,
        1.467985323134889,
        1.467975007726791,
        1.4679088237437796,
        1.4677977612678041,
        1.4678332957815616,
        1.4678485215978418,
        1.4678102909250463,
        1.4678142806316943,
        1.4677371801214014,
        1.467718578399496,
        1.4676860291907128,
        1.4677305044011866,
        1.4676635924805985,
        1.4677013640708112
    ],
    "val_acc": [
        9.466666666666667,
        12.983333333333333,
        12.633333333333333,
        11.016666666666667,
        10.3,
        10.3,
        17.4,
        32.45,
        41.95,
        48.1,
        50.05,
        56.65,
        58.333333333333336,
        59.8,
        62.03333333333333,
        63.05,
        63.81666666666667,
        64.53333333333333,
        64.83333333333333,
        65.16666666666667,
        65.41666666666667,
        65.53333333333333,
        65.55,
        65.71666666666667,
        65.81666666666666,
        65.81666666666666,
        65.86666666666666,
        65.81666666666666,
        65.88333333333334,
        65.85,
        65.91666666666667,
        65.98333333333333,
        65.98333333333333,
        65.93333333333334,
        65.81666666666666,
        65.85,
        65.85,
        65.9,
        65.88333333333334,
        65.95,
        65.88333333333334,
        66.0,
        65.96666666666667,
        65.96666666666667,
        65.95,
        65.9,
        66.01666666666667,
        66.0,
        66.08333333333333,
        66.08333333333333
    ],
    "test_loss": 1.4502567943138411,
    "test_acc": 66.65,
    "metadata": {
        "timestamp": "2025-02-25T00:39:36.688363",
        "run_name": "0225003936_BaseMLP_ReLU_rigid-superset",
        "model_config": {
            "class_name": "BaseMLP",
            "input_dim": 784,
            "hidden_dims": [
                512,
                256,
                128
            ],
            "output_dim": 10,
            "activation_type": "ReLU",
            "dropout_prob": 0.0,
            "store_activations": true,
            "num_parameters": 566528,
            "num_trainable_parameters": 566528
        },
        "training_config": {
            "batch_size": 128,
            "learning_rate": 0.001,
            "optimizer": {
                "class_name": "Adam",
                "parameters": null
            },
            "criterion": "CrossEntropyLoss",
            "device": "cpu"
        },
        "dataset_info": {
            "name": "MNIST",
            "train_size": 54000,
            "val_size": 6000,
            "test_size": 10000,
            "input_shape": [
                1,
                28,
                28
            ],
            "num_classes": 10
        },
        "system_info": {
            "python_version": "3.12.6 (main, Sep  6 2024, 19:03:47) [Clang 15.0.0 (clang-1500.3.9.4)]",
            "pytorch_version": "2.6.0",
            "cuda_available": false,
            "cuda_version": null,
            "platform": "macOS-15.1-arm64-arm-64bit",
            "cpu_count": "arm64",
            "processor": "arm"
        },
        "git_info": {
            "commit_hash": "a3b0a5e3f94443cb345268bf1f25446ff58657b8",
            "branch": "main",
            "is_dirty": true
        },
        "tags": [
            "stochastic_layers_3",
            "activation_NoActivation_layer_temperature_0.5"
        ],
        "final_metrics": {
            "best_val_loss": 1.4676635924805985,
            "best_val_acc": 66.08333333333333,
            "best_epoch": 48,
            "total_epochs": 50,
            "training_duration": 128.05243,
            "test_loss": 1.4502567943138411,
            "test_acc": 66.65
        },
        "weight_analysis": {
            "network.linear_0.raw_weight": {
                "mean": -0.6387258768081665,
                "std": 1.1555118560791016,
                "min": -6.0017218589782715,
                "max": 5.117704391479492,
                "norm": 836.4923095703125,
                "sparsity": 0.0,
                "has_negative": true,
                "percent_negative": 65.89380645751953,