{
    "train_loss": [
        0.337660957498573,
        0.1279280879093396,
        0.09289236910976646,
        0.07369988806925326,
        0.060530831496632916,
        0.05083696056053625,
        0.04698752153331581,
        0.041644481671709234,
        0.03662829473421587,
        0.03393838017399895,
        0.029481305732359773,
        0.027849727068306056,
        0.02496046936707748,
        0.02488473165527613,
        0.02291335201797669,
        0.021560236467150596,
        0.019215789717008023,
        0.018895836102562985,
        0.017042733955630007,
        0.020398322189678752,
        0.01731408807493595
    ],
    "train_acc": [
        89.63148148148149,
        96.19444444444444,
        97.39074074074074,
        97.83518518518518,
        98.19814814814815,
        98.45555555555555,
        98.60185185185185,
        98.73518518518519,
        98.9074074074074,
        98.92592592592592,
        99.14074074074074,
        99.15555555555555,
        99.22222222222223,
        99.2537037037037,
        99.32407407407408,
        99.32592592592593,
        99.46111111111111,
        99.43333333333334,
        99.45555555555555,
        99.35185185185185,
        99.47962962962963
    ],
    "val_loss": [
        0.13113259535996205,
        0.09628574114213599,
        0.08391048230151547,
        0.08360351126720296,
        0.10371229046599027,
        0.09123336680808124,
        0.08230590852017099,
        0.08578159746297813,
        0.08067121227430378,
        0.09302484110849811,
        0.08847486452159888,
        0.10947136896132353,
        0.07459713943659309,
        0.09787185355015297,
        0.0824662036153468,
        0.07159485415174091,
        0.08176130652328596,
        0.0801112182807435,
        0.07796527767439987,
        0.11041201333554977,
        0.08509362996444403
    ],
    "val_acc": [
        95.98333333333333,
        96.95,
        97.73333333333333,
        97.58333333333333,
        96.86666666666666,
        97.65,
        97.93333333333334,
        97.91666666666667,
        97.98333333333333,
        97.96666666666667,
        97.78333333333333,
        97.68333333333334,
        98.1,
        97.91666666666667,
        98.11666666666666,
        98.35,
        98.2,
        98.23333333333333,
        98.4,
        98.0,
        98.06666666666666
    ],
    "test_loss": 0.0809078115288443,
    "test_acc": 98.2,
    "metadata": {
        "timestamp": "2025-02-20T21:44:30.874925",
        "run_name": "0220214430_BaseMLP_ReLU_faint-tuna",
        "model_config": {
            "class_name": "BaseMLP",
            "input_dim": 784,
            "hidden_dims": [
                512,
                256,
                128,
                64
            ],
            "output_dim": 10,
            "activation_type": "ReLU",
            "dropout_prob": 0.1,
            "store_activations": true,
            "num_parameters": 575050,
            "num_trainable_parameters": 575050
        },
        "training_config": {
            "batch_size": 128,
            "learning_rate": 0.001,
            "optimizer": {
                "class_name": "Adam",
                "parameters": null
            },
            "criterion": "CrossEntropyLoss",
            "device": "cpu"
        },
        "dataset_info": {
            "name": "MNIST",
            "train_size": 54000,
            "val_size": 6000,
            "test_size": 10000,
            "input_shape": [
                1,
                28,
                28
            ],
            "num_classes": 10
        },
        "system_info": {
            "python_version": "3.12.6 (main, Sep  6 2024, 19:03:47) [Clang 15.0.0 (clang-1500.3.9.4)]",
            "pytorch_version": "2.6.0",
            "cuda_available": false,
            "cuda_version": null,
            "platform": "macOS-15.1-arm64-arm-64bit",
            "cpu_count": "arm64",
            "processor": "arm"
        },
        "git_info": {
            "commit_hash": "15e48a32d31478ac54b6c3350a900b9f6e2bcba1",
            "branch": "main",
            "is_dirty": true
        },
        "tags": [
            "layers_4",
            "dropout_0.1",
            "activation_ReLU"
        ],
        "final_metrics": {
            "best_val_loss": 0.07159485415174091,
            "best_val_acc": 98.4,
            "best_epoch": 15,
            "total_epochs": 21,
            "training_duration": 55.330812,
            "test_loss": 0.0809078115288443,
            "test_acc": 98.2
        },
        "weight_analysis": {
            "network.linear_0.weight": {
                "mean": 0.0036817591171711683,
                "std": 0.07505510747432709,
                "min": -0.7814741134643555,
                "max": 0.4503884017467499,
                "norm": 47.60905075073242,
                "sparsity": 0.0
            },
            "network.linear_1.weight": {
                "mean": -0.015410298481583595,
                "std": 0.08516454696655273,
                "min": -0.5242303013801575,
                "max": 0.3671896457672119,
                "norm": 31.333393096923828,
                "sparsity": 0.0
            },
            "network.linear_2.weight": {
                "mean": -0.01608148217201233,
                "std": 0.08469586074352264,
                "min": -0.39170247316360474,
                "max": 0.32201865315437317,
                "norm": 15.605274200439453,
                "sparsity": 0.0
            },
            "network.linear_3.weight": {
                "mean": -0.013364993967115879,
                "std": 0.08585119247436523,
                "min": -0.3526068925857544,
                "max": 0.37060102820396423,
                "norm": 7.863489151000977,
                "sparsity": 0.0
            },
            "network.linear_4.weight": {
                "mean": -0.02655106410384178,
                "std": 0.11488619446754456,
                "min": -0.6182110905647278,
                "max": 0.15437373518943787,
                "norm": 2.9808106422424316,
                "sparsity": 0.0
            }
        },
        "activation_analysis": {
            "network.linear_0": {
                "avg_means": -6.445982902608019,
                "std_means": 0.15367509599004273,
                "avg_stds": 6.749961396481129,
                "std_stds": 0.12745997602362738,
                "avg_sparsity": 0.0,
                "std_sparsity": 0.0
            },
            "network.activation_0": {
                "avg_means": 3.5651695068846356,
                "std_means": 0.13323617223662707,
                "avg_stds": 6.25496754747756,
                "std_stds": 0.21749878377535334,
                "avg_sparsity": 0.6367488034228062,
                "std_sparsity": 0.0035778387363596662
            },
            "network.linear_1": {
                "avg_means": -5.572241590378132,
                "std_means": 0.13815220912391138,
                "avg_stds": 8.13627444936874,
                "std_stds": 0.2184750824063232,
                "avg_sparsity": 0.0,
                "std_sparsity": 0.0
            },
            "network.linear_2": {
                "avg_means": -6.296485971897207,
                "std_means": 0.2606154424999508,
                "avg_stds": 12.190081799283941,
                "std_stds": 0.42287439074051997,
                "avg_sparsity": 0.0,
                "std_sparsity": 0.0
            },
            "network.linear_3": {
                "avg_means": -5.0967568843922715,
                "std_means": 0.17991981038279353,
                "avg_stds": 14.039215392254768,
                "std_stds": 0.48354519706192445,
                "avg_sparsity": 0.0,
                "std_sparsity": 0.0
            },
            "network.linear_4": {
                "avg_means": -5.318440102516337,
                "std_means": 0.23630141135999674,
                "avg_stds": 11.43408280230583,