{
    "train_loss": [
        2.2900503772129945,
        2.215840184293087,
        2.101674340347543,
        1.873035674694025,
        1.7827036558734297,
        1.640148954651367,
        1.5511476408813802,
        1.5135402063622858,
        1.4986173010550403,
        1.4907231404318064,
        1.484462550748581,
        1.478032456755073,
        1.4738916627603684,
        1.471478761372408,
        1.4697051604777152,
        1.4682504735286768,
        1.467104434967041,
        1.466137224464055,
        1.4654240639288842,
        1.4648192248073235,
        1.4643449373719817,
        1.4639701199192572,
        1.4636667557237273,
        1.4633646638472497,
        1.463170261462153,
        1.4629362078639567,
        1.462794582143214,
        1.4626180690611708,
        1.4625041973534354,
        1.4623758171406966,
        1.4622825485835143,
        1.4621992775049255,
        1.4621174109490562,
        1.4620311373217976,
        1.4619749242095585,
        1.4618804997177486,
        1.4618647058993155,
        1.4618072710331018,
        1.4617791913131968,
        1.4617409208939538,
        1.461712312641867,
        1.4616564212817151,
        1.4616662382514556,
        1.4615667693987842,
        1.4615853070082823,
        1.4615500230359806,
        1.4615063220968743,
        1.461509494137425,
        1.4614622327388744,
        1.461456696004099
    ],
    "train_acc": [
        11.105555555555556,
        11.427777777777777,
        29.874074074074073,
        37.90555555555556,
        44.596296296296295,
        55.73518518518519,
        61.044444444444444,
        62.81666666666667,
        63.50555555555555,
        63.833333333333336,
        64.40925925925926,
        65.21111111111111,
        65.81296296296296,
        65.99444444444444,
        66.06481481481481,
        66.27592592592593,
        66.35555555555555,
        66.4574074074074,
        66.48518518518519,
        66.54444444444445,
        66.57037037037037,
        66.5962962962963,
        66.6574074074074,
        66.67777777777778,
        66.68703703703704,
        66.72222222222223,
        66.71481481481482,
        66.6962962962963,
        66.73703703703704,
        66.73333333333333,
        66.73518518518519,
        66.72777777777777,
        66.68333333333334,
        66.72592592592592,
        66.77407407407408,
        66.78703703703704,
        66.73703703703704,
        66.72962962962963,
        66.72592592592592,
        66.72407407407407,
        66.71851851851852,
        66.67037037037036,
        66.73333333333333,
        66.77962962962962,
        66.79814814814814,
        66.70925925925926,
        66.70925925925926,
        66.72222222222223,
        66.70925925925926,
        66.68703703703704
    ],
    "val_loss": [
        2.2533307887138205,
        2.1930879734932107,
        1.958050347389059,
        1.8321332246699231,
        1.7474911694831037,
        1.5809832760628233,
        1.5205124768804996,
        1.4978990326536463,
        1.487610715500852,
        1.481578177594124,
        1.4751440768546247,
        1.4700001402104155,
        1.4674636506019754,
        1.4657354481676792,
        1.464328555350608,
        1.4631239251887544,
        1.4621897656866845,
        1.4615360498428345,
        1.4608708518616698,
        1.4603104794279058,
        1.4599110927987606,
        1.459740991288043,
        1.459498976139312,
        1.4593318168153153,
        1.459113930134063,
        1.4589471791652924,
        1.4588568641784343,
        1.4588258393267368,
        1.4585890744594818,
        1.4585115579848593,
        1.4585012096039793,
        1.4583822919967326,
        1.4584005259452981,
        1.4584411839221387,
        1.4582237766144124,
        1.458187536990389,
        1.4582469869167247,
        1.458133207990768,
        1.4580724416895117,
        1.4580668971893636,
        1.4581737974856763,
        1.457996611899518,
        1.4579958991801485,
        1.4580375793132376,
        1.4579865704191493,
        1.4579219310841662,
        1.4579704264377027,
        1.4579232144863048,
        1.4579358024800078,
        1.4579942403955664
    ],
    "val_acc": [
        9.366666666666667,
        16.583333333333332,
        35.1,
        40.6,
        49.25,
        59.21666666666667,
        63.266666666666666,
        64.0,
        64.18333333333334,
        64.28333333333333,
        65.06666666666666,
        65.68333333333334,
        65.81666666666666,
        66.03333333333333,
        66.15,
        66.21666666666667,
        66.33333333333333,
        66.35,
        66.46666666666667,
        66.58333333333333,
        66.61666666666666,
        66.81666666666666,
        66.73333333333333,
        66.73333333333333,
        66.78333333333333,
        66.88333333333334,
        66.81666666666666,
        66.78333333333333,
        66.96666666666667,
        67.0,
        66.91666666666667,
        66.88333333333334,
        67.01666666666667,
        66.91666666666667,
        67.08333333333333,
        67.0,
        67.1,
        67.01666666666667,
        67.05,
        67.1,
        67.1,
        67.1,
        67.05,
        67.06666666666666,
        67.06666666666666,
        67.01666666666667,
        66.95,
        67.0,
        67.08333333333333,
        67.01666666666667
    ],
    "test_loss": 1.4496646531020538,
    "test_acc": 66.47,
    "metadata": {
        "timestamp": "2025-02-21T15:17:27.397226",
        "run_name": "0221151727_BaseMLP_ReLU_golden-butterkase",
        "model_config": {
            "class_name": "BaseMLP",
            "input_dim": 784,
            "hidden_dims": [
                512,
                256
            ],
            "output_dim": 10,
            "activation_type": "ReLU",
            "dropout_prob": 0.0,
            "store_activations": true,
            "num_parameters": 535040,
            "num_trainable_parameters": 535040
        },
        "training_config": {
            "batch_size": 128,
            "learning_rate": 0.001,
            "optimizer": {
                "class_name": "Adam",
                "parameters": null
            },
            "criterion": "CrossEntropyLoss",
            "device": "cpu"
        },
        "dataset_info": {
            "name": "MNIST",
            "train_size": 54000,
            "val_size": 6000,
            "test_size": 10000,
            "input_shape": [
                1,
                28,
                28
            ],
            "num_classes": 10
        },
        "system_info": {
            "python_version": "3.12.6 (main, Sep  6 2024, 19:03:47) [Clang 15.0.0 (clang-1500.3.9.4)]",
            "pytorch_version": "2.6.0",
            "cuda_available": false,
            "cuda_version": null,
            "platform": "macOS-15.1-arm64-arm-64bit",
            "cpu_count": "arm64",
            "processor": "arm"
        },
        "git_info": {
            "commit_hash": "e002b61e0f49ed24cde6d4c5b63a2d8ef535d0f8",
            "branch": "main",
            "is_dirty": true
        },
        "tags": [
            "stochastic_layers_2",
            "activation_NoActivation_layer_temperature_0.5"
        ],
        "final_metrics": {
            "best_val_loss": 1.4579219310841662,
            "best_val_acc": 67.1,
            "best_epoch": 45,
            "total_epochs": 50,
            "training_duration": 133.885544,
            "test_loss": 1.4496646531020538,
            "test_acc": 66.47
        },
        "weight_analysis": {
            "network.linear_0.raw_weight": {
                "mean": -0.6067882776260376,
                "std": 1.1428003311157227,
                "min": -6.237251281738281,
                "max": 5.6820807456970215,
                "norm": 819.767822265625,
                "sparsity": 0.0
            },
            "network.linear_1.raw_weight": {
                "mean": -0.7690852880477905,