{
    "train_loss": [
        2.3025853633880615,
        2.3025853633880615,
        2.3025853633880615,
        2.3025853633880615,
        2.3025853633880615,
        2.3025851492633187,
        2.265652478023728,
        2.0751663082018847,
        1.8034481810167502,
        1.666182592864285,
        1.6176490891036264,
        1.5798382276042378,
        1.5333196345663749,
        1.5072799768493075,
        1.492964953325371,
        1.4847931186734782,
        1.4805194577334617,
        1.4775882597783165,
        1.4753310174738625,
        1.4726565355938193,
        1.468507380564631,
        1.4656888678740552,
        1.4645998401664444,
        1.4639128717765988,
        1.4633821006069816,
        1.4629765206603642,
        1.4626526592467068,
        1.462340940513882,
        1.4620815470320354,
        1.4619090650318922,
        1.4616827097549259,
        1.46150188423446,
        1.4613547782762355,
        1.4612299749071564,
        1.4611421289602162,
        1.4610338863603312,
        1.4609102352535555,
        1.4607929895274447,
        1.4607241108519207,
        1.4606789333560455,
        1.4605984622833288,
        1.460539844646273,
        1.460513927642768,
        1.460458986002122,
        1.4603796931804638,
        1.4603506157183535,
        1.46034140044479,
        1.460295798089267,
        1.460252808733574,
        1.4601965905365786
    ],
    "train_acc": [
        8.187037037037037,
        11.49074074074074,
        13.807407407407407,
        13.77962962962963,
        10.864814814814816,
        9.896296296296295,
        10.335185185185185,
        26.944444444444443,
        42.403703703703705,
        46.44259259259259,
        50.346296296296295,
        54.983333333333334,
        59.25925925925926,
        61.76851851851852,
        62.78333333333333,
        63.53148148148148,
        63.96111111111111,
        64.28518518518518,
        64.55555555555556,
        64.97592592592592,
        65.79814814814814,
        66.31481481481481,
        66.56296296296296,
        66.63703703703703,
        66.70925925925926,
        66.67407407407407,
        66.7462962962963,
        66.73518518518519,
        66.79444444444445,
        66.8037037037037,
        66.80740740740741,
        66.77777777777777,
        66.83888888888889,
        66.8425925925926,
        66.85185185185185,
        66.86296296296297,
        66.83888888888889,
        66.85740740740741,
        66.85925925925926,
        66.8462962962963,
        66.85740740740741,
        66.84444444444445,
        66.86111111111111,
        66.87777777777778,
        66.87962962962963,
        66.88148148148149,
        66.90555555555555,
        66.81111111111112,
        66.87962962962963,
        66.86851851851851
    ],
    "val_loss": [
        2.3025853633880615,
        2.3025853633880615,
        2.3025853633880615,
        2.3025853633880615,
        2.3025853633880615,
        2.302584019113094,
        2.1968481337770505,
        1.9526254522039534,
        1.7166394604013322,
        1.6480860329688864,
        1.6088459922912273,
        1.5686456751316151,
        1.5282346314572273,
        1.5109281616008028,
        1.4999972531136045,
        1.4950289675529966,
        1.4916728455969628,
        1.489242249346794,
        1.4871825994329249,
        1.4837525372809552,
        1.4794209840449881,
        1.477619970098455,
        1.4767520503794893,
        1.4761219354386026,
        1.4757322428074289,
        1.4752757397103817,
        1.4749429555649454,
        1.4746050428836903,
        1.474402075118207,
        1.474144661680181,
        1.4739884062016264,
        1.4738196362840368,
        1.4737357256260324,
        1.4735133724009737,
        1.4733970038434292,
        1.4732436727970204,
        1.4731322171840262,
        1.4731253867453717,
        1.4729662550256608,
        1.4729040455310902,
        1.4728325250300955,
        1.4727770825649829,
        1.4726967811584473,
        1.4726536045683192,
        1.472532386475421,
        1.47253484421588,
        1.4724398572394188,
        1.4724319564535262,
        1.4723007425348809,
        1.4722901405172144
    ],
    "val_acc": [
        9.066666666666666,
        12.6,
        14.666666666666666,
        12.6,
        9.783333333333333,
        9.7,
        14.816666666666666,
        35.333333333333336,
        44.2,
        47.63333333333333,
        53.233333333333334,
        55.666666666666664,
        60.016666666666666,
        61.266666666666666,
        62.31666666666667,
        62.56666666666667,
        62.96666666666667,
        63.06666666666667,
        63.266666666666666,
        63.93333333333333,
        64.88333333333334,
        65.33333333333333,
        65.3,
        65.4,
        65.55,
        65.65,
        65.68333333333334,
        65.76666666666667,
        65.78333333333333,
        65.7,
        65.58333333333333,
        65.8,
        65.78333333333333,
        65.86666666666666,
        65.83333333333333,
        65.91666666666667,
        65.9,
        65.91666666666667,
        65.83333333333333,
        65.88333333333334,
        66.01666666666667,
        65.93333333333334,
        66.05,
        66.0,
        65.95,
        65.91666666666667,
        65.93333333333334,
        65.98333333333333,
        66.06666666666666,
        66.01666666666667
    ],
    "test_loss": 1.4500432165363166,
    "test_acc": 66.48,
    "metadata": {
        "timestamp": "2025-02-21T15:22:44.260860",
        "run_name": "0221152244_BaseMLP_ReLU_descriptive-mouth",
        "model_config": {
            "class_name": "BaseMLP",
            "input_dim": 784,
            "hidden_dims": [
                512,
                256,
                128
            ],
            "output_dim": 10,
            "activation_type": "ReLU",
            "dropout_prob": 0.0,
            "store_activations": true,
            "num_parameters": 566528,
            "num_trainable_parameters": 566528
        },
        "training_config": {
            "batch_size": 128,
            "learning_rate": 0.001,
            "optimizer": {
                "class_name": "Adam",
                "parameters": null
            },
            "criterion": "CrossEntropyLoss",
            "device": "cpu"
        },
        "dataset_info": {
            "name": "MNIST",
            "train_size": 54000,
            "val_size": 6000,
            "test_size": 10000,
            "input_shape": [
                1,
                28,
                28
            ],
            "num_classes": 10
        },
        "system_info": {
            "python_version": "3.12.6 (main, Sep  6 2024, 19:03:47) [Clang 15.0.0 (clang-1500.3.9.4)]",
            "pytorch_version": "2.6.0",
            "cuda_available": false,
            "cuda_version": null,
            "platform": "macOS-15.1-arm64-arm-64bit",
            "cpu_count": "arm64",
            "processor": "arm"
        },
        "git_info": {
            "commit_hash": "e002b61e0f49ed24cde6d4c5b63a2d8ef535d0f8",
            "branch": "main",
            "is_dirty": true
        },
        "tags": [
            "stochastic_layers_3",
            "activation_NoActivation_layer_temperature_0.5"
        ],
        "final_metrics": {
            "best_val_loss": 1.4722901405172144,
            "best_val_acc": 66.06666666666666,
            "best_epoch": 49,
            "total_epochs": 50,
            "training_duration": 128.811652,
            "test_loss": 1.4500432165363166,
            "test_acc": 66.48
        },
        "weight_analysis": {
            "network.linear_0.raw_weight": {
                "mean": -0.6453980207443237,
                "std": 1.1377347707748413,
                "min": -6.114075660705566,
                "max": 5.448706150054932,
                "norm": 828.7239990234375,
                "sparsity": 0.0
            },