{
    "train_loss": [
        1.510633045745687,
        1.4517741330427016,
        1.4503662896947274,
        1.450818455049777,
        1.4497798686908885,
        1.4502957751400662,
        1.4500951987307218,
        1.4499150932682634,
        1.4498480499073227,
        1.4506589883311665
    ],
    "train_acc": [
        62.78148148148148,
        64.60925925925926,
        64.60555555555555,
        64.59074074074074,
        64.68888888888888,
        64.82592592592593,
        64.84074074074074,
        64.90185185185184,
        64.68518518518519,
        64.62407407407407
    ],
    "val_loss": [
        1.4503126119045502,
        1.4487101220070047,
        1.4468366846125176,
        1.4484214351532307,
        1.4462616570452427,
        1.447740027245055,
        1.4510135675998443,
        1.4466924134721146,
        1.447058601582304,
        1.447008155761881
    ],
    "val_acc": [
        64.53333333333333,
        64.88333333333334,
        64.0,
        64.9,
        64.88333333333334,
        64.86666666666666,
        65.21666666666667,
        65.33333333333333,
        65.23333333333333,
        64.45
    ],
    "test_loss": 1.435008319118355,
    "test_acc": 64.74,
    "metadata": {
        "timestamp": "2025-02-25T01:53:25.020790",
        "run_name": "0225015324_BaseMLP_StochasticLayer_pointed-crocodile",
        "model_config": {
            "class_name": "BaseMLP",
            "input_dim": 784,
            "hidden_dims": [
                512,
                256,
                128
            ],
            "output_dim": 10,
            "activation_type": "StochasticLayer",
            "dropout_prob": 0.0,
            "store_activations": true,
            "num_parameters": 566528,
            "num_trainable_parameters": 566528
        },
        "training_config": {
            "batch_size": 128,
            "learning_rate": 0.001,
            "optimizer": {
                "class_name": "Adam",
                "parameters": null
            },
            "criterion": "CrossEntropyLoss",
            "device": "cpu"
        },
        "dataset_info": {
            "name": "MNIST",
            "train_size": 54000,
            "val_size": 6000,
            "test_size": 10000,
            "input_shape": [
                1,
                28,
                28
            ],
            "num_classes": 10
        },
        "system_info": {
            "python_version": "3.12.6 (main, Sep  6 2024, 19:03:47) [Clang 15.0.0 (clang-1500.3.9.4)]",
            "pytorch_version": "2.6.0",
            "cuda_available": false,
            "cuda_version": null,
            "platform": "macOS-15.1-arm64-arm-64bit",
            "cpu_count": "arm64",
            "processor": "arm"
        },
        "git_info": {
            "commit_hash": "a3b0a5e3f94443cb345268bf1f25446ff58657b8",
            "branch": "main",
            "is_dirty": true
        },
        "tags": [
            "stochastic_layers_3",
            "activation_NoActivation_layer_temperature_0.01"
        ],
        "final_metrics": {
            "best_val_loss": 1.4462616570452427,
            "best_val_acc": 65.33333333333333,
            "best_epoch": 4,
            "total_epochs": 10,
            "training_duration": 26.362935,
            "test_loss": 1.435008319118355,
            "test_acc": 64.74
        },
        "weight_analysis": {
            "network.linear_0.raw_weight": {
                "mean": -0.02614102140069008,
                "std": 0.040146443992853165,
                "min": -0.1309707760810852,
                "max": 0.24791009724140167,
                "norm": 30.352161407470703,
                "sparsity": 0.0,
                "has_negative": true,
                "percent_negative": 73.64850616455078,
                "shape": [
                    512,
                    784
                ],
                "num_params": 401408
            },
            "network.linear_1.raw_weight": {
                "mean": -0.016827570274472237,
                "std": 0.0503697544336319,
                "min": -0.1261318475008011,
                "max": 0.26008009910583496,
                "norm": 19.226482391357422,
                "sparsity": 0.0,
                "has_negative": true,
                "percent_negative": 64.79873657226562,
                "shape": [
                    256,
                    512
                ],
                "num_params": 131072
            },
            "network.linear_2.raw_weight": {
                "mean": -0.011109121143817902,
                "std": 0.06765326112508774,
                "min": -0.1253790706396103,
                "max": 0.28434354066848755,
                "norm": 12.410371780395508,
                "sparsity": 0.0,
                "has_negative": true,
                "percent_negative": 56.561279296875,
                "shape": [
                    128,
                    256
                ],
                "num_params": 32768
            },
            "network.linear_3.raw_weight": {
                "mean": -0.027170274406671524,
                "std": 0.10103076696395874,
                "min": -0.20767228305339813,
                "max": 0.28057506680488586,
                "norm": 3.7416510581970215,
                "sparsity": 0.0,
                "has_negative": true,
                "percent_negative": 63.046871185302734,
                "shape": [
                    10,
                    128
                ],
                "num_params": 1280
            }
        },
        "activation_analysis": {
            "pre_activation:network.linear_0_preact": {
                "avg_means": 0.6420832644117639,
                "std_means": 0.028045514558673143,
                "avg_stds": 1.2883772748581908,
                "std_stds": 0.009472402808151622,
                "avg_sparsity": 0.0,
                "std_sparsity": 0.0,
                "avg_mins": -0.4242129325866699,
                "std_mins": 0.0,
                "avg_maxs": 2.8214854280999364,
                "std_maxs": 1.3347754863741342e-06,
                "avg_sum": 41970.77933843085
            },
            "pre_activation:network.linear_1_preact": {
                "avg_means": 0.6607027472333705,
                "std_means": 0.03333415985483385,
                "avg_stds": 1.226797971319645,
                "std_stds": 0.010396487485251916,
                "avg_sparsity": 0.0,
                "std_sparsity": 0.0,
                "avg_mins": -0.42421231244472746,
                "std_mins": 2.535257958998026e-07,
                "avg_maxs": 2.821468175725734,
                "std_maxs": 1.7349082494697254e-05,
                "avg_sum": 21593.751288231382
            },
            "pre_activation:network.linear_2_preact": {
                "avg_means": 0.657027817787008,
                "std_means": 0.036802210606513626,
                "avg_stds": 1.1828151129661721,
                "std_stds": 0.01150580798366783,
                "avg_sparsity": 0.0,
                "std_sparsity": 0.0,
                "avg_mins": -0.4242114114000442,
                "std_mins": 5.034762081514566e-07,
                "avg_maxs": 2.821387306172797,
                "std_maxs": 0.00017501059439701524,
                "avg_sum": 10736.410073138299
            },
            "pre_activation:network.linear_3_preact": {
                "avg_means": 0.6762208887871276,
                "std_means": 0.032138105128648696,
                "avg_stds": 0.7936250618163575,
                "std_stds": 0.014886508119982544,
                "avg_sparsity": 0.0,
                "std_sparsity": 0.0,
                "avg_mins": -0.42420969871764486,
                "std_mins": 6.846361163216511e-07,
                "avg_maxs": 2.8127729131820356,
                "std_maxs": 0.009305759912590165,
                "avg_sum": 863.2872496259973
            }
        }
    }
}