{
    "train_loss": [
        2.3025853633880615,
        2.3025853633880615,
        2.3025853633880615,
        2.3025853633880615,
        2.3025853633880615,
        2.3025851599978044,
        2.271733521850188,
        2.10603453790972,
        1.8557130024896413,
        1.6965547031700894,
        1.6304548696319074,
        1.5935420128406506,
        1.5500432611641726,
        1.5234904577381803,
        1.5078214454989862,
        1.4957551970301082,
        1.48841726440954,
        1.4834486384527379,
        1.4778398410968872,
        1.4728832931315163,
        1.4703714299540949,
        1.4688320868953144,
        1.46759438232223,
        1.4666621015535146,
        1.4658755886046242,
        1.4651867535441974,
        1.4646139495180681,
        1.464166561291681,
        1.4637928723723967,
        1.4634286953374673,
        1.463161435737429,
        1.4629387751009792,
        1.462692140402952,
        1.4625175420141898,
        1.462338903221474,
        1.4621950421853087,
        1.4620370943964376,
        1.461949924722102,
        1.4618127588977181,
        1.4617050403102314,
        1.4616257553981944,
        1.4615244712874789,
        1.461411661446377,
        1.4613310392433998,
        1.4613201657742685,
        1.4612353963874527,
        1.4611731657484697,
        1.4610900683990586,
        1.4610427222545679,
        1.4610232250385375
    ],
    "train_acc": [
        8.072222222222223,
        11.596296296296297,
        14.425925925925926,
        14.742592592592592,
        11.401851851851852,
        9.927777777777777,
        10.118518518518519,
        23.348148148148148,
        39.76481481481481,
        45.50925925925926,
        49.262962962962966,
        54.71296296296296,
        57.94444444444444,
        60.101851851851855,
        61.487037037037034,
        62.58148148148148,
        63.33518518518518,
        63.90555555555556,
        64.65555555555555,
        65.4888888888889,
        65.88148148148149,
        66.02407407407408,
        66.20370370370371,
        66.29814814814814,
        66.30740740740741,
        66.36851851851851,
        66.47407407407407,
        66.48518518518519,
        66.54444444444445,
        66.55925925925926,
        66.55925925925926,
        66.52962962962962,
        66.57407407407408,
        66.59814814814816,
        66.6037037037037,
        66.71111111111111,
        66.65555555555555,
        66.69259259259259,
        66.72222222222223,
        66.68703703703704,
        66.7074074074074,
        66.71851851851852,
        66.68518518518519,
        66.72222222222223,
        66.72592592592592,
        66.73148148148148,
        66.74444444444444,
        66.71296296296296,
        66.78333333333333,
        66.6962962962963
    ],
    "val_loss": [
        2.3025853633880615,
        2.3025853633880615,
        2.3025853633880615,
        2.3025853633880615,
        2.3025853633880615,
        2.3025841763679016,
        2.204260881910933,
        1.9793482080419014,
        1.7482529396706439,
        1.6585936597053041,
        1.609472449789656,
        1.5778557544058942,
        1.5380427812008148,
        1.5185290752573217,
        1.5036985519084525,
        1.4942320052613602,
        1.4892689065730318,
        1.4848480351427769,
        1.4794543398187516,
        1.4762357676282842,
        1.4745948568303535,
        1.4734066724777222,
        1.472421055144452,
        1.4716806817562023,
        1.4709329376829432,
        1.4704042952111427,
        1.4699216802069481,
        1.4695081507906,
        1.469147207889151,
        1.4687357050307253,
        1.4685425631543423,
        1.4683245268273861,
        1.4681055875534708,
        1.4679242423240175,
        1.4677573620004858,
        1.467597854898331,
        1.4675057061175083,
        1.4673122294405674,
        1.467183214552859,
        1.467075210936526,
        1.4669800971416718,
        1.4668809581310192,
        1.4668545139596818,
        1.4665971208125987,
        1.4665400804357325,
        1.4665066612527726,
        1.4664140863621489,
        1.4663474001783006,
        1.4662668654259214,
        1.466193399530776
    ],
    "val_acc": [
        11.283333333333333,
        12.966666666666667,
        15.6,
        13.633333333333333,
        10.183333333333334,
        9.816666666666666,
        13.283333333333333,
        30.8,
        43.63333333333333,
        46.18333333333333,
        52.05,
        54.06666666666667,
        58.35,
        60.05,
        61.53333333333333,
        62.95,
        63.5,
        63.7,
        64.48333333333333,
        64.66666666666667,
        64.76666666666667,
        64.91666666666667,
        65.25,
        65.23333333333333,
        65.3,
        65.45,
        65.48333333333333,
        65.58333333333333,
        65.5,
        65.63333333333334,
        65.61666666666666,
        65.53333333333333,
        65.68333333333334,
        65.68333333333334,
        65.78333333333333,
        65.73333333333333,
        65.83333333333333,
        65.86666666666666,
        65.91666666666667,
        65.85,
        65.96666666666667,
        65.86666666666666,
        65.88333333333334,
        65.88333333333334,
        65.93333333333334,
        65.96666666666667,
        65.88333333333334,
        65.95,
        65.91666666666667,
        65.91666666666667
    ],
    "test_loss": 1.4501774386514592,
    "test_acc": 66.49,
    "metadata": {
        "timestamp": "2025-02-25T01:18:38.366679",
        "run_name": "0225011838_BaseMLP_ReLU_average-solenoid",
        "model_config": {
            "class_name": "BaseMLP",
            "input_dim": 784,
            "hidden_dims": [
                512,
                256,
                128
            ],
            "output_dim": 10,
            "activation_type": "ReLU",
            "dropout_prob": 0.0,
            "store_activations": true,
            "num_parameters": 566528,
            "num_trainable_parameters": 566528
        },
        "training_config": {
            "batch_size": 128,
            "learning_rate": 0.001,
            "optimizer": {
                "class_name": "Adam",
                "parameters": null
            },
            "criterion": "CrossEntropyLoss",
            "device": "cpu"
        },
        "dataset_info": {
            "name": "MNIST",
            "train_size": 54000,
            "val_size": 6000,
            "test_size": 10000,
            "input_shape": [
                1,
                28,
                28
            ],
            "num_classes": 10
        },
        "system_info": {
            "python_version": "3.12.6 (main, Sep  6 2024, 19:03:47) [Clang 15.0.0 (clang-1500.3.9.4)]",
            "pytorch_version": "2.6.0",
            "cuda_available": false,
            "cuda_version": null,
            "platform": "macOS-15.1-arm64-arm-64bit",
            "cpu_count": "arm64",
            "processor": "arm"
        },
        "git_info": {
            "commit_hash": "a3b0a5e3f94443cb345268bf1f25446ff58657b8",
            "branch": "main",
            "is_dirty": true
        },
        "tags": [
            "stochastic_layers_3",
            "activation_NoActivation_layer_temperature_0.5"
        ],
        "final_metrics": {
            "best_val_loss": 1.466193399530776,
            "best_val_acc": 65.96666666666667,
            "best_epoch": 49,
            "total_epochs": 50,
            "training_duration": 132.753939,
            "test_loss": 1.4501774386514592,
            "test_acc": 66.49
        },
        "weight_analysis": {
            "network.linear_0.raw_weight": {
                "mean": -0.7340997457504272,
                "std": 1.1643697023391724,
                "min": -6.0300774574279785,
                "max": 6.000407695770264,
                "norm": 872.0740966796875,
                "sparsity": 0.0,
                "has_negative": true,