{
    "hyperparameters": {
        "harmonic": true,
        "n": 28.0,
        "temperature": 0.01,
        "hidden_dim": 400,
        "epochs": 100,
        "patience": 10,
        "min_delta": 0.0001,
        "batch_size": 64,
        "learning_rate": 0.001,
        "run_name": null
    },
    "training_history": {
        "epoch_losses": [
            1.1609115542760535,
            0.8427383974035666,
            0.7372113741092337,
            0.6690316293984334,
            0.6245176025958203,
            0.5702011384753022,
            0.5809375224337141,
            0.5607780910122877,
            0.5477892100525055,
            0.5799464676807176,
            0.525954511771197,
            0.5230406489390046,
            0.509705987002359,
            0.5176103902555732,
            0.5042946258587624,
            0.5028109460719613,
            0.496674539993948,
            0.5001911431042625,
            0.48540696810716505,
            0.5022643603114431,
            0.4725809253768118,
            0.4770145481392773,
            0.4814706960482511,
            0.4923511553230062,
            0.47634397748150803,
            0.47276585908936286,
            0.47643246178402066,
            0.47694870764449204,
            0.47150596661735444,
            0.4514321332563088,
            0.4683278764901893,
            0.47133199608465753,
            0.4524628620968063,
            0.4642709086396928,
            0.4814770649840583,
            0.47251674666333554,
            0.4617974439314179,
            0.46850637757956093,
            0.44657573550304114,
            0.48682975231298503,
            0.44549355057796947,
            0.427849922901087,
            0.4700062391298539,
            0.45601330479896907,
            0.43658843310847717,
            0.4754215602967531,
            0.43953438854611504,
            0.42925047420902546,
            0.4473762797759667,
            0.425260963835823,
            0.4343603251617092,
            0.41958315200261725,
            0.4366820178099914,
            0.44620267980928613,
            0.42694162584539413,
            0.4455742199601395,
            0.42050190873618826,
            0.43998103474439587,
            0.4604783191689169,
            0.44576053664501286,
            0.4495396264103938,
            0.4538625590185494
        ],
        "early_stop_epoch": 61,
        "best_epoch": 51,
        "best_loss": 0.41958315200261725,
        "final_test_loss": 0.47349969744682313,
        "final_test_accuracy": 90.32
    },
    "timestamps": {
        "start_time": "2025-02-15 22:56:24",
        "end_time": "2025-02-15 22:58:14",
        "training_duration": "0:01:50"
    }
}