{
    "hyperparameters": {
        "harmonic": true,
        "n": 28.0,
        "temperature": 0.15,
        "hidden_dim": 400,
        "epochs": 100,
        "patience": 10,
        "min_delta": 0.0001,
        "batch_size": 64,
        "learning_rate": 0.001,
        "run_name": null
    },
    "training_history": {
        "epoch_losses": [
            0.3553316271397224,
            0.22423900088775894,
            0.18954416928487197,
            0.1771864953355542,
            0.1613044317063095,
            0.15277401974468408,
            0.1428280306894626,
            0.13642701887086764,
            0.1259646318547094,
            0.12130588061237799,
            0.11519653208132809,
            0.10838389813876165,
            0.1062504082927103,
            0.10671191674514191,
            0.10318259779723293,
            0.09919331550175177,
            0.09887160606700172,
            0.09665111083684287,
            0.09084441893692337,
            0.08423966765433534,
            0.08947543363158367,
            0.0828161238516961,
            0.07946227417776246,
            0.0802772674488146,
            0.07774383790576572,
            0.07644079194447871,
            0.07613015993694856,
            0.06933962778552676,
            0.07388034168638781,
            0.069167830932663,
            0.06930684379544229,
            0.0652068071186479,
            0.06687406610016391,
            0.06871983563023082,
            0.0682359152083307,
            0.06837843311305192,
            0.06146210352746226,
            0.06457812316007792,
            0.061419885433308764,
            0.05993010727480165,
            0.06499163437880941,
            0.05725083502653891,
            0.05891240511917626,
            0.06203024507885469,
            0.057510115623996376,
            0.053543113070035744,
            0.06070169383215148,
            0.05929241322133857,
            0.059678887893288915,
            0.056180473611896625,
            0.053121791716400926,
            0.050621669048191244,
            0.05421140984391798,
            0.05811522562733925,
            0.0530891343715416,
            0.04924590139910936,
            0.050857352867309476,
            0.048654772702163694,
            0.05431894557069002,
            0.05299058042020837,
            0.053697980080258605,
            0.050232692402966225,
            0.052883118034592634,
            0.04840808480566959,
            0.04818307400183645,
            0.04706239134747424,
            0.051519907765717965,
            0.04856200772014929,
            0.0463691014307005,
            0.04984591076640027,
            0.044960664988094284,
            0.05112917901901429,
            0.04629924611822923,
            0.045419922211705877,
            0.04106553903903002,
            0.052017067934868974,
            0.047573774684665365,
            0.047084008270789235,
            0.0449650828063345,
            0.04432928713504225,
            0.04150125671993258,
            0.047153554759723056,
            0.04554102073204137,
            0.046561578469626955,
            0.041700482818492646
        ],
        "early_stop_epoch": 84,
        "best_epoch": 74,
        "best_loss": 0.04106553903903002,
        "final_test_loss": 0.21963961347937583,
        "final_test_accuracy": 96.57
    },
    "timestamps": {
        "start_time": "2025-02-15 23:10:25",
        "end_time": "2025-02-15 23:12:49",
        "training_duration": "0:02:24"
    }
}