{
    "hyperparameters": {
        "harmonic": true,
        "n": 28.0,
        "temperature": 0.5,
        "hidden_dim": 400,
        "epochs": 100,
        "patience": 10,
        "min_delta": 0.0001,
        "batch_size": 64,
        "learning_rate": 0.001,
        "run_name": null
    },
    "training_history": {
        "epoch_losses": [
            0.2789939442264246,
            0.12468522445245116,
            0.09670012551538551,
            0.07985532558562834,
            0.06993196212819644,
            0.06169053742429738,
            0.05537871592134527,
            0.04941379105168849,
            0.04571320222236955,
            0.041557940012310696,
            0.0402443712303685,
            0.03944990063836522,
            0.02903643731367407,
            0.036772679630803495,
            0.02792769779430341,
            0.028520300891796458,
            0.03236734019541519,
            0.02700241257226579,
            0.025855069304431683,
            0.027109571418861226,
            0.023215825441415046,
            0.024267778905264454,
            0.024823008596510893,
            0.020897209564452745,
            0.02197403066238311,
            0.024441176050179786,
            0.018436691905957644,
            0.02262966069943909,
            0.02266234263148122,
            0.01732126516418463,
            0.020063982368310366,
            0.020722651035806137,
            0.01786421353318495,
            0.018196583593831157,
            0.018468460274563888,
            0.015842430727852474,
            0.016079476112091512,
            0.018251838239489684,
            0.017660714423734205,
            0.015022937170870757,
            0.015310854466792359,
            0.018283205460289123,
            0.01675790255160894,
            0.01620650729346923,
            0.016465575427627627,
            0.016809625240813655,
            0.012018984482495308,
            0.016031402084987108,
            0.014402600734276565,
            0.013426056563965172,
            0.013236826437537614,
            0.017356185722498665,
            0.0136188463029476,
            0.013152842680903287,
            0.013807145489928578,
            0.01259191380522059,
            0.012154447565470556
        ],
        "early_stop_epoch": 56,
        "best_epoch": 46,
        "best_loss": 0.012018984482495308,
        "final_test_loss": 0.1663605676032603,
        "final_test_accuracy": 97.13
    },
    "timestamps": {
        "start_time": "2025-02-15 23:03:04",
        "end_time": "2025-02-15 23:04:43",
        "training_duration": "0:01:39"
    }
}