{
    "hyperparameters": {
        "harmonic": false,
        "n": null,
        "temperature": 0.01,
        "hidden_dim": 400,
        "epochs": 100,
        "patience": 10,
        "min_delta": 0.0001,
        "batch_size": 64,
        "learning_rate": 0.001,
        "run_name": null
    },
    "training_history": {
        "epoch_losses": [
            1.7352108791438756,
            1.0534838114593075,
            0.8323856144508065,
            0.747738488225032,
            0.710072162181838,
            0.6847841105481455,
            0.6627251181457596,
            0.6675999875960827,
            0.658520725363099,
            0.6518269301350437,
            0.6566247338933477,
            0.6262950947416871,
            0.6295935176392354,
            0.6404008295998644,
            0.6221702346669585,
            0.6166883316725048,
            0.60688105441614,
            0.6154034491350402,
            0.6022620404135189,
            0.6079688545769212,
            0.5937997315611158,
            0.5768851953973648,
            0.5877520767038565,
            0.5742585261874615,
            0.5744326279393391,
            0.5702891636854296,
            0.567127922021631,
            0.5612820111103912,
            0.5695266854057688,
            0.5502410031743904,
            0.5470900895244786,
            0.5497373982088398,
            0.5554274880428558,
            0.5390434990178293,
            0.5517434084148549,
            0.5332240770016906,
            0.539170230343652,
            0.5515062501276734,
            0.5300726683409229,
            0.5251500162996972,
            0.5342708687379416,
            0.5385584619476088,
            0.5292135323765181,
            0.5405503157009957,
            0.5346195356709871,
            0.540915555012887,
            0.5217628764000528,
            0.5133017662015043,
            0.5206577493024788,
            0.531178341952087,
            0.5311959802881995,
            0.527722896209785,
            0.5277597386953927,
            0.5208206688766794,
            0.5153797835048074,
            0.5300215324803964,
            0.5209336256834743,
            0.5084519884161858,
            0.5091170286859023,
            0.5073586673434101,
            0.5003128356453198,
            0.5173314465865143,
            0.5014393429067343,
            0.4994581119179217,
            0.5063771365611538,
            0.5049721597989739,
            0.5111984265193756,
            0.5016790308328326,
            0.497914562982791,
            0.4977202264230643,
            0.509388950413097,
            0.5033063510619501,
            0.49317102517082745,
            0.5061798705570479,
            0.4877466988493639,
            0.4913607311051792,
            0.5054571679406075,
            0.5033456390060341,
            0.49338888988566043,
            0.5033245319719,
            0.4927847956194044,
            0.49434083199767925,
            0.506925493462889,
            0.5000580594197773,
            0.5070451047819561
        ],
        "early_stop_epoch": 84,
        "best_epoch": 74,
        "best_loss": 0.4877466988493639,
        "final_test_loss": 0.5099553108215332,
        "final_test_accuracy": 83.46
    },
    "timestamps": {
        "start_time": "2025-02-16 00:40:36",
        "end_time": "2025-02-16 00:43:02",
        "training_duration": "0:02:26"
    }
}