{
    "hyperparameters": {
        "harmonic": false,
        "n": null,
        "temperature": 0.1,
        "hidden_dim": 400,
        "epochs": 100,
        "patience": 10,
        "min_delta": 0.0001,
        "batch_size": 64,
        "learning_rate": 0.001,
        "run_name": null
    },
    "training_history": {
        "epoch_losses": [
            1.5988231214887298,
            0.7943554064993665,
            0.4956443267685772,
            0.3867412725967893,
            0.33613621511820285,
            0.3136414388683178,
            0.30018160630787993,
            0.28201357622755996,
            0.28076908692542807,
            0.2697557865151528,
            0.264106654436953,
            0.25849595007452886,
            0.2536985031339024,
            0.24720104962889192,
            0.24285562326516041,
            0.24008347016614257,
            0.23349703351921364,
            0.2275989278038936,
            0.22627794855772687,
            0.21948129801687274,
            0.22123768175048614,
            0.21328712531975083,
            0.21257148732318046,
            0.21087364743012926,
            0.2095107390130284,
            0.20526755255645018,
            0.20228599900923877,
            0.19909414746312062,
            0.19665026843055353,
            0.19585612074914835,
            0.1928860986394796,
            0.19370627788100034,
            0.1894805867498967,
            0.18694610911796786,
            0.18438240235397366,
            0.18315018499409086,
            0.178218668447867,
            0.1826092431873782,
            0.17848934197643482,
            0.17662653653447563,
            0.17206134862387612,
            0.17189537733396107,
            0.16793755170648922,
            0.1710100152563534,
            0.16413877456029977,
            0.1631318782088853,
            0.1662467321448489,
            0.16231286620050034,
            0.16487571119523442,
            0.16041288074693763,
            0.159316668793289,
            0.1588659625389238,
            0.15654100474319668,
            0.15611302543645983,
            0.15987403773621264,
            0.15236931021954778,
            0.1542799533354734,
            0.14920292342347757,
            0.1520255293661375,
            0.1492196221285855,
            0.14783978520997806,
            0.14968212589081417,
            0.14947293463871994,
            0.14519897391245182,
            0.14425544621450687,
            0.14557231736303902,
            0.1436630303222837,
            0.1402995233723858,
            0.14078915355278293,
            0.14099728574019188,
            0.14339132452689446,
            0.13860988061327034,
            0.13918668244566237,
            0.13539402289931646,
            0.1398789135040219,
            0.14046751399006227,
            0.14067924670430262,
            0.13542582726538943,
            0.13727149646530654,
            0.1356123549037619,
            0.13335614054918543,
            0.13075828197986078,
            0.1309397563870464,
            0.1321294622015216,
            0.13159550179038315,
            0.13258394105101762,
            0.13403911140562694,
            0.12885972590390235,
            0.1315542034872337,
            0.12965987512925223,
            0.128709686751257,
            0.127179811166516,
            0.12662140697415578,
            0.12672198329692774,
            0.13118142373899597,
            0.12263677611764369,
            0.12169884595630774,
            0.12159882318566063,
            0.12691344162508814,
            0.12302972999180971
        ],
        "early_stop_epoch": null,
        "best_epoch": 97,
        "best_loss": 0.12159882318566063,
        "final_test_loss": 0.2487968847155571,
        "final_test_accuracy": 95.52
    },
    "timestamps": {
        "start_time": "2025-02-15 23:39:55",
        "end_time": "2025-02-15 23:42:36",
        "training_duration": "0:02:41"
    }
}