{
    "train_loss": [
        2.034274948999215,
        1.5243374275935204,
        1.4708074091170071,
        1.466015969407502,
        1.4641681016903918,
        1.4631910951216638,
        1.4625413276572927,
        1.4621308078698072,
        1.461832414023684,
        1.461738166933376,
        1.46155089168187,
        1.4614887819470952,
        1.4613344093069647,
        1.4611985307734159,
        1.4611546298338904,
        1.4611866584321334,
        1.4611713157445898,
        1.460999834311517,
        1.461040158972356,
        1.461052558433388,
        1.46100056990628,
        1.460960789031892,
        1.4610394490838616,
        1.4609144301776071,
        1.4610351355154931,
        1.4608894128935033,
        1.460945840695458,
        1.4608323986496405
    ],
    "train_acc": [
        27.79259259259259,
        61.60925925925926,
        66.08703703703704,
        66.42407407407407,
        66.59074074074074,
        66.62037037037037,
        66.63148148148149,
        66.71851851851852,
        66.61481481481482,
        66.70555555555555,
        66.75925925925925,
        66.69814814814815,
        66.72222222222223,
        66.73703703703704,
        66.61111111111111,
        66.72037037037038,
        66.66666666666667,
        66.6462962962963,
        66.65925925925926,
        66.63518518518518,
        66.78888888888889,
        66.68703703703704,
        66.60740740740741,
        66.62962962962963,
        66.71111111111111,
        66.60740740740741,
        66.55925925925926,
        66.72777777777777
    ],
    "val_loss": [
        1.6926950469930122,
        1.4795160065305994,
        1.4719427722565672,
        1.469785345361588,
        1.4684196583768154,
        1.4676638308991776,
        1.4680930604325964,
        1.4678056620536966,
        1.4673574757068715,
        1.4669988738729598,
        1.4675005243179646,
        1.4670109114748366,
        1.4669857583147414,
        1.4666263549885852,
        1.467165358523105,
        1.4669402710934902,
        1.4665027958281496,
        1.4663424035336108,
        1.4664546124478604,
        1.466997854253079,
        1.4673731225602171,
        1.4668610856888142,
        1.466319388531624,
        1.4677516298091158,
        1.4668246913463512,
        1.466733993367946,
        1.46694759358751,
        1.4667806042001603
    ],
    "val_acc": [
        48.53333333333333,
        64.78333333333333,
        65.73333333333333,
        66.03333333333333,
        66.18333333333334,
        66.35,
        66.18333333333334,
        66.06666666666666,
        66.01666666666667,
        66.4,
        66.31666666666666,
        66.15,
        66.25,
        66.23333333333333,
        66.11666666666666,
        66.35,
        66.31666666666666,
        66.08333333333333,
        66.3,
        66.25,
        66.05,
        66.16666666666667,
        66.2,
        65.98333333333333,
        66.5,
        66.15,
        66.2,
        66.1
    ],
    "test_loss": 1.4495904762533647,
    "test_acc": 66.23,
    "metadata": {
        "timestamp": "2025-02-25T01:03:33.859829",
        "run_name": "0225010333_BaseMLP_ReLU_scalding-dowel",
        "model_config": {
            "class_name": "BaseMLP",
            "input_dim": 784,
            "hidden_dims": [
                512,
                256,
                128
            ],
            "output_dim": 10,
            "activation_type": "ReLU",
            "dropout_prob": 0.0,
            "store_activations": true,
            "num_parameters": 566528,
            "num_trainable_parameters": 566528
        },
        "training_config": {
            "batch_size": 128,
            "learning_rate": 0.001,
            "optimizer": {
                "class_name": "Adam",
                "parameters": null
            },
            "criterion": "CrossEntropyLoss",
            "device": "cpu"
        },
        "dataset_info": {
            "name": "MNIST",
            "train_size": 54000,
            "val_size": 6000,
            "test_size": 10000,
            "input_shape": [
                1,
                28,
                28
            ],
            "num_classes": 10
        },
        "system_info": {
            "python_version": "3.12.6 (main, Sep  6 2024, 19:03:47) [Clang 15.0.0 (clang-1500.3.9.4)]",
            "pytorch_version": "2.6.0",
            "cuda_available": false,
            "cuda_version": null,
            "platform": "macOS-15.1-arm64-arm-64bit",
            "cpu_count": "arm64",
            "processor": "arm"
        },
        "git_info": {
            "commit_hash": "a3b0a5e3f94443cb345268bf1f25446ff58657b8",
            "branch": "main",
            "is_dirty": true
        },
        "tags": [
            "stochastic_layers_3",
            "activation_NoActivation_layer_temperature_0.1"
        ],
        "final_metrics": {
            "best_val_loss": 1.466319388531624,
            "best_val_acc": 66.5,
            "best_epoch": 22,
            "total_epochs": 28,
            "training_duration": 83.589495,
            "test_loss": 1.4495904762533647,
            "test_acc": 66.23
        },
        "weight_analysis": {
            "network.linear_0.raw_weight": {
                "mean": -0.1510779857635498,
                "std": 0.26606839895248413,
                "min": -1.4257376194000244,
                "max": 1.3015888929367065,
                "norm": 193.84933471679688,
                "sparsity": 0.0,
                "has_negative": true,
                "percent_negative": 69.38750457763672,
                "shape": [
                    512,
                    784
                ],
                "num_params": 401408
            },
            "network.linear_1.raw_weight": {
                "mean": -0.1617256999015808,
                "std": 0.2696956396102905,
                "min": -1.293927550315857,
                "max": 1.667983055114746,
                "norm": 113.84967041015625,
                "sparsity": 0.0,
                "has_negative": true,
                "percent_negative": 73.64120483398438,
                "shape": [
                    256,
                    512
                ],
                "num_params": 131072
            },
            "network.linear_2.raw_weight": {
                "mean": -0.15572404861450195,
                "std": 0.2658456861972809,
                "min": -0.8930764198303223,
                "max": 1.9087107181549072,
                "norm": 55.77091598510742,
                "sparsity": 0.0,
                "has_negative": true,
                "percent_negative": 75.84228515625,
                "shape": [
                    128,
                    256
                ],
                "num_params": 32768
            },
            "network.linear_3.raw_weight": {
                "mean": -0.35169535875320435,
                "std": 0.2984861433506012,
                "min": -0.7891682386398315,
                "max": 1.7807856798171997,
                "norm": 16.50072479248047,
                "sparsity": 0.0,
                "has_negative": true,
                "percent_negative": 92.03125,
                "shape": [
                    10,
                    128
                ],
                "num_params": 1280
            }
        },
        "activation_analysis": {
            "pre_activation:network.linear_0_preact": {
                "avg_means": 0.24495212670336378,
                "std_means": 0.029680549581611246,
                "avg_stds": 0.7614145240885146,
                "std_stds": 0.024471658902450358,
                "avg_sparsity": 0.0,
                "std_sparsity": 0.0,
                "avg_mins": -0.4242125730565254,
                "std_mins": 3.496337329847933e-07,
                "avg_maxs": 2.817256836180991,
                "std_maxs": 0.0037526797441980258,
                "avg_sum": 16020.469934341756
            },