{
    "train_loss": [
        2.302267523738445,
        2.3013209449171455,
        2.3013843258410267,
        2.301406103287828,
        2.3013827326173466,
        2.3013323890089423,
        2.3013941043926076,
        2.3013334884462764,
        2.30135599753303
    ],
    "train_acc": [
        10.790740740740741,
        11.237037037037037,
        11.237037037037037,
        11.233333333333333,
        11.237037037037037,
        11.237037037037037,
        11.237037037037037,
        11.237037037037037,
        11.235185185185186
    ],
    "val_loss": [
        2.3013629253874432,
        2.301322379010789,
        2.3013225311928607,
        2.301106975433674,
        2.301334802140581,
        2.301261323563596,
        2.3012171552536334,
        2.3013415184426815,
        2.301519175793262
    ],
    "val_acc": [
        11.233333333333333,
        11.233333333333333,
        11.233333333333333,
        11.233333333333333,
        11.233333333333333,
        11.233333333333333,
        11.233333333333333,
        11.233333333333333,
        11.233333333333333
    ],
    "test_loss": 2.301076388057274,
    "test_acc": 11.35,
    "metadata": {
        "timestamp": "2025-02-20T21:50:01.922573",
        "run_name": "0220215001_BaseMLP_LayerwiseSoftmax_knurled-bearing",
        "model_config": {
            "class_name": "BaseMLP",
            "input_dim": 784,
            "hidden_dims": [
                512,
                256,
                128,
                64
            ],
            "output_dim": 10,
            "activation_type": "LayerwiseSoftmax",
            "dropout_prob": 0.2,
            "store_activations": true,
            "num_parameters": 575050,
            "num_trainable_parameters": 575050
        },
        "training_config": {
            "batch_size": 128,
            "learning_rate": 0.001,
            "optimizer": {
                "class_name": "Adam",
                "parameters": null
            },
            "criterion": "CrossEntropyLoss",
            "device": "cpu"
        },
        "dataset_info": {
            "name": "MNIST",
            "train_size": 54000,
            "val_size": 6000,
            "test_size": 10000,
            "input_shape": [
                1,
                28,
                28
            ],
            "num_classes": 10
        },
        "system_info": {
            "python_version": "3.12.6 (main, Sep  6 2024, 19:03:47) [Clang 15.0.0 (clang-1500.3.9.4)]",
            "pytorch_version": "2.6.0",
            "cuda_available": false,
            "cuda_version": null,
            "platform": "macOS-15.1-arm64-arm-64bit",
            "cpu_count": "arm64",
            "processor": "arm"
        },
        "git_info": {
            "commit_hash": "15e48a32d31478ac54b6c3350a900b9f6e2bcba1",
            "branch": "main",
            "is_dirty": true
        },
        "tags": [
            "layers_4",
            "dropout_0.2",
            "activation_LayerwiseSoftmax_temperature_1.0"
        ],
        "final_metrics": {
            "best_val_loss": 2.301106975433674,
            "best_val_acc": 11.233333333333333,
            "best_epoch": 3,
            "total_epochs": 9,
            "training_duration": 23.775677,
            "test_loss": 2.301076388057274,
            "test_acc": 11.35
        },
        "weight_analysis": {
            "network.linear_0.weight": {
                "mean": -1.867451828729827e-05,
                "std": 0.02060706354677677,
                "min": -0.03774097561836243,
                "max": 0.03797532618045807,
                "norm": 13.055879592895508,
                "sparsity": 0.0
            },
            "network.linear_1.weight": {
                "mean": 1.0482386642252095e-05,
                "std": 0.025531092658638954,
                "min": -0.04743622615933418,
                "max": 0.049375683069229126,
                "norm": 9.243195533752441,
                "sparsity": 0.0
            },
            "network.linear_2.weight": {
                "mean": -0.0002491476770956069,
                "std": 0.037552669644355774,
                "min": -0.08718052506446838,
                "max": 0.09620476514101028,
                "norm": 6.797801971435547,
                "sparsity": 0.0
            },
            "network.linear_3.weight": {
                "mean": -0.0006048968643881381,
                "std": 0.07162390649318695,
                "min": -0.21822330355644226,
                "max": 0.2403613179922104,
                "norm": 6.482491493225098,
                "sparsity": 0.0
            },
            "network.linear_4.weight": {
                "mean": -0.0009785855654627085,
                "std": 0.08831897377967834,
                "min": -0.19308483600616455,
                "max": 0.23599359393119812,
                "norm": 2.232703924179077,
                "sparsity": 0.0
            }
        },
        "activation_analysis": {
            "network.linear_0": {
                "avg_means": 0.014855772514451058,
                "std_means": 0.001700013663278565,
                "avg_stds": 0.5874285507709422,
                "std_stds": 0.008290212607784158,
                "avg_sparsity": 0.0,
                "std_sparsity": 0.0
            },
            "network.linear_1": {
                "avg_means": -0.002324755556207705,
                "std_means": 3.1427107399730453e-06,
                "avg_stds": 0.025887923156644437,
                "std_stds": 2.7585377635240557e-06,
                "avg_sparsity": 0.0,
                "std_sparsity": 0.0
            },
            "network.linear_2": {
                "avg_means": 0.002388582827444089,
                "std_means": 1.1138822545870187e-08,
                "avg_stds": 0.06542926154872204,
                "std_stds": 4.457964162315449e-08,
                "avg_sparsity": 0.0,
                "std_sparsity": 0.0
            },
            "network.linear_3": {
                "avg_means": -0.009404567010859226,
                "std_means": 8.462811920895944e-10,
                "avg_stds": 0.1052923099474704,
                "std_stds": 1.3224409424313964e-07,
                "avg_sparsity": 0.0,
                "std_sparsity": 0.0
            },
            "network.linear_4": {
                "avg_means": 0.01049407006816027,
                "std_means": 2.2766131378781715e-10,
                "avg_stds": 0.052199882950554506,
                "std_stds": 4.205290494685274e-07,
                "avg_sparsity": 0.0,
                "std_sparsity": 0.0
            }
        }
    }
}