{
    "train_loss": [
        2.1797041828033485,
        1.8609693482588818,
        1.832365764260857,
        1.8293031829793307,
        1.8279238840415015,
        1.827177504510111,
        1.8266727689883155,
        1.8262937622612687,
        1.8260316306380864,
        1.8257256082448914,
        1.8254890509691284,
        1.8254064471235771,
        1.8252870827489556,
        1.8251891028824576,
        1.8250645088358513,
        1.8250684969798083,
        1.8249891301466956,
        1.824998720844775,
        1.8249428145128404,
        1.8249720275684556,
        1.8249533749869649,
        1.82486034258847,
        1.8248579465382473
    ],
    "train_acc": [
        54.52777777777778,
        61.05925925925926,
        60.91111111111111,
        60.833333333333336,
        60.785185185185185,
        60.737037037037034,
        60.73148148148148,
        60.70740740740741,
        60.766666666666666,
        60.74814814814815,
        60.696296296296296,
        60.672222222222224,
        60.69444444444444,
        60.724074074074075,
        60.66851851851852,
        60.71851851851852,
        60.657407407407405,
        60.61851851851852,
        60.66481481481482,
        60.62222222222222,
        60.7037037037037,
        60.65925925925926,
        60.70925925925926
    ],
    "val_loss": [
        1.9312549626573603,
        1.8399031238352999,
        1.8347129086230665,
        1.8330413534286174,
        1.8320332030032545,
        1.8316966980061633,
        1.8309693361850494,
        1.8308780041146786,
        1.8307534177252587,
        1.830663876330599,
        1.8304509406394147,
        1.8302192764079317,
        1.8304183533851137,
        1.8301893117580008,
        1.8303708522877795,
        1.8301336283379412,
        1.8300897542466508,
        1.8299566887794656,
        1.830160364191583,
        1.8301238988308197,
        1.8301061341103086,
        1.830163392614811,
        1.8304983834002881
    ],
    "val_acc": [
        60.31666666666667,
        59.95,
        59.71666666666667,
        59.78333333333333,
        59.833333333333336,
        59.65,
        59.63333333333333,
        59.75,
        59.61666666666667,
        59.63333333333333,
        59.38333333333333,
        59.46666666666667,
        59.6,
        59.36666666666667,
        59.6,
        59.56666666666667,
        59.61666666666667,
        59.6,
        59.483333333333334,
        59.68333333333333,
        59.666666666666664,
        59.6,
        59.56666666666667
    ],
    "test_loss": 1.8250097443785849,
    "test_acc": 60.28,
    "metadata": {
        "timestamp": "2025-02-25T00:38:03.275350",
        "run_name": "0225003803_BaseMLP_SparseMax_timid-athlete",
        "model_config": {
            "class_name": "BaseMLP",
            "input_dim": 784,
            "hidden_dims": [
                512,
                256,
                128
            ],
            "output_dim": 10,
            "activation_type": "SparseMax",
            "dropout_prob": 0.0,
            "store_activations": true,
            "num_parameters": 566528,
            "num_trainable_parameters": 566528
        },
        "training_config": {
            "batch_size": 128,
            "learning_rate": 0.001,
            "optimizer": {
                "class_name": "Adam",
                "parameters": null
            },
            "criterion": "CrossEntropyLoss",
            "device": "cpu"
        },
        "dataset_info": {
            "name": "MNIST",
            "train_size": 54000,
            "val_size": 6000,
            "test_size": 10000,
            "input_shape": [
                1,
                28,
                28
            ],
            "num_classes": 10
        },
        "system_info": {
            "python_version": "3.12.6 (main, Sep  6 2024, 19:03:47) [Clang 15.0.0 (clang-1500.3.9.4)]",
            "pytorch_version": "2.6.0",
            "cuda_available": false,
            "cuda_version": null,
            "platform": "macOS-15.1-arm64-arm-64bit",
            "cpu_count": "arm64",
            "processor": "arm"
        },
        "git_info": {
            "commit_hash": "a3b0a5e3f94443cb345268bf1f25446ff58657b8",
            "branch": "main",
            "is_dirty": true
        },
        "tags": [
            "stochastic_layers_3",
            "activation_SparseMax_layer_temperature_0.1"
        ],
        "final_metrics": {
            "best_val_loss": 1.8299566887794656,
            "best_val_acc": 60.31666666666667,
            "best_epoch": 17,
            "total_epochs": 23,
            "training_duration": 91.965441,
            "test_loss": 1.8250097443785849,
            "test_acc": 60.28
        },
        "weight_analysis": {
            "network.linear_0.raw_weight": {
                "mean": 0.021471168845891953,
                "std": 0.12952914834022522,
                "min": -1.3348780870437622,
                "max": 0.5246023535728455,
                "norm": 83.18425750732422,
                "sparsity": 0.0,
                "has_negative": true,
                "percent_negative": 34.309478759765625,
                "shape": [
                    512,
                    784
                ],
                "num_params": 401408
            },
            "network.linear_1.raw_weight": {
                "mean": -0.0123342489823699,
                "std": 0.20126491785049438,
                "min": -0.9801055788993835,
                "max": 1.4095900058746338,
                "norm": 73.00186157226562,
                "sparsity": 0.0,
                "has_negative": true,
                "percent_negative": 43.062591552734375,
                "shape": [
                    256,
                    512
                ],
                "num_params": 131072
            },
            "network.linear_2.raw_weight": {
                "mean": -0.07159841060638428,
                "std": 0.2730984389781952,
                "min": -0.854271411895752,
                "max": 1.6878918409347534,
                "norm": 51.10607147216797,
                "sparsity": 0.0,
                "has_negative": true,
                "percent_negative": 65.771484375,
                "shape": [
                    128,
                    256
                ],
                "num_params": 32768
            },
            "network.linear_3.raw_weight": {
                "mean": -0.5539923906326294,
                "std": 0.2725948989391327,
                "min": -0.9058682918548584,
                "max": 1.7469193935394287,
                "norm": 22.088041305541992,
                "sparsity": 0.0,
                "has_negative": true,
                "percent_negative": 97.265625,
                "shape": [
                    10,
                    128
                ],
                "num_params": 1280
            }
        },
        "activation_analysis": {
            "pre_activation:network.linear_0_StochasticLayer": {
                "avg_means": -0.08319176353038625,
                "std_means": 0.009796868546918198,
                "avg_stds": 0.1573970466852188,
                "std_stds": 0.005088191489380575,
                "avg_sparsity": 0.0,
                "std_sparsity": 0.0,
                "avg_mins": -0.423781970079909,
                "std_mins": 0.0006001270804339311,
                "avg_maxs": 2.622225842577346,
                "std_maxs": 0.08495144755386473,
                "avg_sum": -5436.356466090426
            },
            "post_activation:network.activation_0_SparseMax": {
                "avg_means": 0.007812499920738504,
                "std_means": 3.634919576474513e-10,
                "avg_stds": 0.07150864490169159,
                "std_stds": 0.0009803677050820847,
                "avg_sparsity": 0.8422296871530249,
                "std_sparsity": 0.015431503479843666,
                "avg_mins": 0.0,
                "std_mins": 0.0,