{
    "train_loss": [
        0.3016514231437614,
        0.10378735210587628,
        0.07282236788942703,
        0.05456387341327047,
        0.045598968364722076,
        0.03309924605520998,
        0.03492517472063831,
        0.02630230803975076,
        0.024321831396303107,
        0.022791021162813962
    ],
    "train_acc": [
        90.6962962962963,
        96.75740740740741,
        97.75555555555556,
        98.25925925925925,
        98.4962962962963,
        98.95555555555555,
        98.85740740740741,
        99.1462962962963,
        99.25,
        99.27592592592593
    ],
    "val_loss": [
        0.14224707628501224,
        0.10704784111139622,
        0.10894953824104146,
        0.08217490107772198,
        0.0839129858749344,
        0.08782880911801724,
        0.08625677862065903,
        0.07293879266511252,
        0.08698263218467857,
        0.08281741059444686
    ],
    "val_acc": [
        95.36666666666666,
        96.71666666666667,
        96.5,
        97.31666666666666,
        97.66666666666667,
        97.55,
        97.73333333333333,
        98.0,
        98.0,
        97.95
    ],
    "test_loss": 0.09557227387371243,
    "test_acc": 97.75,
    "metadata": {
        "timestamp": "2025-02-20T16:30:08.933269",
        "run_name": "20250220_163008_augmenting-bounce",
        "model_config": {
            "class_name": "BaseMLP",
            "input_dim": 784,
            "hidden_dims": [
                512,
                256,
                128,
                64
            ],
            "output_dim": 10,
            "activation_type": "ReLU",
            "dropout_prob": 0.0,
            "store_activations": true,
            "num_parameters": 575050,
            "num_trainable_parameters": 575050
        },
        "training_config": {
            "batch_size": 128,
            "learning_rate": 0.001,
            "optimizer": {
                "class_name": "Adam",
                "parameters": null
            },
            "criterion": "CrossEntropyLoss",
            "device": "cpu"
        },
        "dataset_info": {
            "name": "MNIST",
            "train_size": 54000,
            "val_size": 6000,
            "test_size": 10000,
            "input_shape": [
                1,
                28,
                28
            ],
            "num_classes": 10
        },
        "system_info": {
            "python_version": "3.12.6 (main, Sep  6 2024, 19:03:47) [Clang 15.0.0 (clang-1500.3.9.4)]",
            "pytorch_version": "2.6.0",
            "cuda_available": false,
            "cuda_version": null,
            "platform": "macOS-15.1-arm64-arm-64bit",
            "cpu_count": "arm64",
            "processor": "arm"
        },
        "git_info": {
            "commit_hash": "fb7674b1d074a74b64c66ec4a4a2ff0ad1c48a87",
            "branch": "main",
            "is_dirty": true
        },
        "tags": [
            "vanilla",
            "layers_4",
            "dropout_0.0"
        ],
        "final_metrics": {
            "best_val_loss": 0.07293879266511252,
            "best_val_acc": 98.0,
            "best_epoch": 7,
            "total_epochs": 10,
            "training_duration": 25.420707,
            "test_loss": 0.09557227387371243,
            "test_acc": 97.75
        }
    }
}