{
    "train_loss": [
        2.2934409114421825,
        2.2665808166937804,
        2.260962645024485,
        2.2595515725736934,
        2.2582880761386095,
        2.2577621840752697,
        2.2574479602524455,
        2.256314647141226,
        2.2553754502563117,
        2.2551998787016667,
        2.2550186907510623,
        2.2548958661996923,
        2.2549601753741078,
        2.254627506314861,
        2.2544930139424113,
        2.254497630901246,
        2.2546361859940807,
        2.254525686327315,
        2.2543393910213667,
        2.254331998350496,
        2.2542945186108776,
        2.254226193043858,
        2.2540685554251287,
        2.2541221346335387,
        2.253991084076217,
        2.254143891176341,
        2.254134852739307,
        2.2539779269864773,
        2.2540822859623986,
        2.253911914418659,
        2.254161069178468,
        2.2539254867635066,
        2.253860432389788,
        2.253948456303203,
        2.2540399203368273,
        2.2539458212694288,
        2.253942608833313,
        2.253866426187669,
        2.2538613725047543
    ],
    "train_acc": [
        39.262962962962966,
        54.18518518518518,
        53.577777777777776,
        53.8,
        53.29814814814815,
        52.45,
        52.07592592592592,
        52.398148148148145,
        50.92962962962963,
        51.23888888888889,
        53.144444444444446,
        56.324074074074076,
        57.342592592592595,
        57.87407407407407,
        56.71666666666667,
        52.25555555555555,
        51.705555555555556,
        54.47962962962963,
        52.9,
        56.08148148148148,
        55.15,
        53.60740740740741,
        54.17962962962963,
        54.36296296296296,
        54.144444444444446,
        54.48518518518519,
        52.644444444444446,
        53.016666666666666,
        53.43333333333333,
        54.14074074074074,
        53.96111111111111,
        55.416666666666664,
        53.262962962962966,
        52.87592592592593,
        55.66851851851852,
        55.34074074074074,
        54.06296296296296,
        52.81481481481482,
        54.05
    ],
    "val_loss": [
        2.2770016548481395,
        2.2624004749541586,
        2.2616502528494977,
        2.2590966731943984,
        2.258666677677885,
        2.258374290263399,
        2.258151500783068,
        2.256133186056259,
        2.256173402705091,
        2.2560538028148893,
        2.2562125134975353,
        2.2557845572207835,
        2.255694546598069,
        2.255385895992847,
        2.255307060606936,
        2.25521819134976,
        2.2553889345615468,
        2.2552410998242967,
        2.2555136883512454,
        2.2550310885652585,
        2.255366710906333,
        2.254996396125631,
        2.2550653193859342,
        2.254973234014308,
        2.254933752912156,
        2.255235824179142,
        2.2550640562747386,
        2.2549067608853606,
        2.254987178964818,
        2.254891517314505,
        2.254841408831008,
        2.2549641538173595,
        2.2551454077375697,
        2.2547954295543913,
        2.254871961918283,
        2.2550332647688847,
        2.2550021993353013,
        2.2550320320941033,
        2.2548834313737585
    ],
    "val_acc": [
        55.15,
        51.95,
        51.78333333333333,
        53.266666666666666,
        53.78333333333333,
        50.9,
        49.8,
        50.3,
        49.68333333333333,
        49.93333333333333,
        55.55,
        57.43333333333333,
        57.15,
        57.3,
        56.916666666666664,
        48.45,
        55.733333333333334,
        57.166666666666664,
        48.61666666666667,
        48.233333333333334,
        56.36666666666667,
        56.45,
        56.516666666666666,
        55.9,
        55.95,
        53.78333333333333,
        55.1,
        55.71666666666667,
        55.7,
        48.05,
        56.31666666666667,
        56.55,
        46.983333333333334,
        48.11666666666667,
        58.35,
        55.766666666666666,
        47.516666666666666,
        47.75,
        47.583333333333336
    ],
    "test_loss": 2.2537679702420776,
    "test_acc": 48.84,
    "metadata": {
        "timestamp": "2025-02-21T16:46:17.768033",
        "run_name": "0221164617_BaseMLP_PowerNormalization_reduced-leverage",
        "model_config": {
            "class_name": "BaseMLP",
            "input_dim": 784,
            "hidden_dims": [
                512,
                256
            ],
            "output_dim": 10,
            "activation_type": "PowerNormalization",
            "dropout_prob": 0.0,
            "store_activations": true,
            "num_parameters": 535040,
            "num_trainable_parameters": 535040
        },
        "training_config": {
            "batch_size": 128,
            "learning_rate": 0.001,
            "optimizer": {
                "class_name": "Adam",
                "parameters": null
            },
            "criterion": "CrossEntropyLoss",
            "device": "cpu"
        },
        "dataset_info": {
            "name": "MNIST",
            "train_size": 54000,
            "val_size": 6000,
            "test_size": 10000,
            "input_shape": [
                1,
                28,
                28
            ],
            "num_classes": 10
        },
        "system_info": {
            "python_version": "3.12.6 (main, Sep  6 2024, 19:03:47) [Clang 15.0.0 (clang-1500.3.9.4)]",
            "pytorch_version": "2.6.0",
            "cuda_available": false,
            "cuda_version": null,
            "platform": "macOS-15.1-arm64-arm-64bit",
            "cpu_count": "arm64",
            "processor": "arm"
        },
        "git_info": {
            "commit_hash": "a3b0a5e3f94443cb345268bf1f25446ff58657b8",
            "branch": "main",
            "is_dirty": true
        },
        "tags": [
            "stochastic_layers_2",
            "activation_PowerNormalization_layer_temperature_0.1"
        ],
        "final_metrics": {
            "best_val_loss": 2.2547954295543913,
            "best_val_acc": 58.35,
            "best_epoch": 33,
            "total_epochs": 39,
            "training_duration": 106.122312,
            "test_loss": 2.2537679702420776,
            "test_acc": 48.84
        },
        "weight_analysis": {
            "network.linear_0.raw_weight": {
                "mean": 0.009321109391748905,
                "std": 0.14153699576854706,
                "min": -1.360917329788208,
                "max": 0.7360718846321106,
                "norm": 89.86683654785156,
                "sparsity": 0.0
            },
            "network.linear_1.raw_weight": {
                "mean": 0.06281226128339767,
                "std": 0.3110104501247406,
                "min": -1.1799083948135376,
                "max": 1.8686965703964233,
                "norm": 114.87057495117188,
                "sparsity": 0.0
            },
            "network.linear_2.raw_weight": {
                "mean": -0.3617664575576782,
                "std": 0.22927314043045044,
                "min": -0.6816093325614929,
                "max": 2.3015787601470947,
                "norm": 21.66925621032715,
                "sparsity": 0.0
            }
        },
        "activation_analysis": {
            "network.linear_0": {
                "avg_means": -0.29590715372816045,
                "std_means": 0.0039076359780641345,
                "avg_stds": 0.07992895930371385,
                "std_stds": 0.0035550918486319024,
                "avg_sparsity": 0.0,
                "std_sparsity": 0.0
            },
            "network.linear_1": {
                "avg_means": 0.00309692648675372,
                "std_means": 4.7621433970154554e-05,
                "avg_stds": 0.030604760935331914,
                "std_stds": 0.0008939077314714856,
                "avg_sparsity": 0.0,
                "std_sparsity": 0.0
            },