{
    "train_loss": [
        2.0245347039959443,
        1.50540625710058,
        1.4710985317614407,
        1.4662380825851766,
        1.464441629100185,
        1.4635712120205304,
        1.4630299569306215,
        1.4625562299484325,
        1.46229932997464,
        1.4621800938488747,
        1.4620503345371987,
        1.4618880076430985,
        1.461940190803383,
        1.4617201824323827,
        1.4617950501035175,
        1.4616363585277756,
        1.4616282650079773
    ],
    "train_acc": [
        29.84259259259259,
        62.43888888888889,
        66.10555555555555,
        66.34074074074074,
        66.45555555555555,
        66.54444444444445,
        66.5537037037037,
        66.5962962962963,
        66.66851851851852,
        66.59074074074074,
        66.61296296296297,
        66.67962962962963,
        66.62592592592593,
        66.68333333333334,
        66.67962962962963,
        66.6962962962963,
        66.65185185185184
    ],
    "val_loss": [
        1.5663905067646757,
        1.4772540559159948,
        1.4669804370149653,
        1.4648153553617762,
        1.463678372667191,
        1.4631605554134288,
        1.4627133303500237,
        1.4630636839156455,
        1.4623293724465878,
        1.4626452390183793,
        1.4625658151951242,
        1.4618486571819225,
        1.4618565427496077,
        1.4619804138832904,
        1.4619389112959518,
        1.4621887663577466,
        1.4621977907546022
    ],
    "val_acc": [
        58.38333333333333,
        64.98333333333333,
        66.46666666666667,
        66.56666666666666,
        66.45,
        66.48333333333333,
        66.73333333333333,
        66.7,
        66.56666666666666,
        66.93333333333334,
        66.56666666666666,
        66.41666666666667,
        66.7,
        66.58333333333333,
        66.38333333333334,
        66.45,
        66.36666666666666
    ],
    "test_loss": 1.45045006275177,
    "test_acc": 66.43,
    "metadata": {
        "timestamp": "2025-02-25T01:42:21.449788",
        "run_name": "0225014221_BaseMLP_ReLU_pure-meat",
        "model_config": {
            "class_name": "BaseMLP",
            "input_dim": 784,
            "hidden_dims": [
                512,
                256,
                128
            ],
            "output_dim": 10,
            "activation_type": "ReLU",
            "dropout_prob": 0.0,
            "store_activations": true,
            "num_parameters": 566528,
            "num_trainable_parameters": 566528
        },
        "training_config": {
            "batch_size": 128,
            "learning_rate": 0.001,
            "optimizer": {
                "class_name": "Adam",
                "parameters": null
            },
            "criterion": "CrossEntropyLoss",
            "device": "cpu"
        },
        "dataset_info": {
            "name": "MNIST",
            "train_size": 54000,
            "val_size": 6000,
            "test_size": 10000,
            "input_shape": [
                1,
                28,
                28
            ],
            "num_classes": 10
        },
        "system_info": {
            "python_version": "3.12.6 (main, Sep  6 2024, 19:03:47) [Clang 15.0.0 (clang-1500.3.9.4)]",
            "pytorch_version": "2.6.0",
            "cuda_available": false,
            "cuda_version": null,
            "platform": "macOS-15.1-arm64-arm-64bit",
            "cpu_count": "arm64",
            "processor": "arm"
        },
        "git_info": {
            "commit_hash": "a3b0a5e3f94443cb345268bf1f25446ff58657b8",
            "branch": "main",
            "is_dirty": true
        },
        "tags": [
            "stochastic_layers_3",
            "activation_NoActivation_layer_temperature_0.1"
        ],
        "final_metrics": {
            "best_val_loss": 1.4618486571819225,
            "best_val_acc": 66.93333333333334,
            "best_epoch": 11,
            "total_epochs": 17,
            "training_duration": 43.367701,
            "test_loss": 1.45045006275177,
            "test_acc": 66.43
        },
        "weight_analysis": {
            "network.linear_0.raw_weight": {
                "mean": -0.13973072171211243,
                "std": 0.24013099074363708,
                "min": -1.2574021816253662,
                "max": 1.1657239198684692,
                "norm": 176.01968383789062,
                "sparsity": 0.0,
                "has_negative": true,
                "percent_negative": 69.58456420898438,
                "shape": [
                    512,
                    784
                ],
                "num_params": 401408
            },
            "network.linear_1.raw_weight": {
                "mean": -0.151094451546669,
                "std": 0.2498423159122467,
                "min": -1.1836036443710327,
                "max": 1.5360183715820312,
                "norm": 105.7066650390625,
                "sparsity": 0.0,
                "has_negative": true,
                "percent_negative": 73.02398681640625,
                "shape": [
                    256,
                    512
                ],
                "num_params": 131072
            },
            "network.linear_2.raw_weight": {
                "mean": -0.13688591122627258,
                "std": 0.2635299265384674,
                "min": -0.8920628428459167,
                "max": 1.6587637662887573,
                "norm": 53.75501251220703,
                "sparsity": 0.0,
                "has_negative": true,
                "percent_negative": 72.6287841796875,
                "shape": [
                    128,
                    256
                ],
                "num_params": 32768
            },
            "network.linear_3.raw_weight": {
                "mean": -0.31554102897644043,
                "std": 0.2891339063644409,
                "min": -0.8186492919921875,
                "max": 1.5598341226577759,
                "norm": 15.309049606323242,
                "sparsity": 0.0,
                "has_negative": true,
                "percent_negative": 89.6875,
                "shape": [
                    10,
                    128
                ],
                "num_params": 1280
            }
        },
        "activation_analysis": {
            "pre_activation:network.linear_0_preact": {
                "avg_means": 0.21953068166337114,
                "std_means": 0.03165389275290666,
                "avg_stds": 0.7437535524368286,
                "std_stds": 0.02804834243967993,
                "avg_sparsity": 0.0,
                "std_sparsity": 0.0,
                "avg_mins": -0.4242107735035267,
                "std_mins": 6.392125081545657e-07,
                "avg_maxs": 2.8164110132988465,
                "std_maxs": 0.00576741161365527,
                "avg_sum": 14354.65061918218
            },
            "post_activation:network.activation_0_postact": {
                "avg_means": 0.36563865301456855,
                "std_means": 0.027731032652753132,
                "avg_stds": 0.65499040674656,
                "std_stds": 0.027743924755324376,
                "avg_sparsity": 0.619534803197739,
                "std_sparsity": 0.01515236437698785,
                "avg_mins": 0.0,
                "std_mins": 0.0,
                "avg_maxs": 2.8164110132988465,
                "std_maxs": 0.00576741161365527,
                "avg_sum": 23903.83169880319
            },
            "pre_activation:network.linear_1_preact": {
                "avg_means": 0.7406048330854862,
                "std_means": 0.03721389320523768,
                "avg_stds": 0.829437016172612,
                "std_stds": 0.02403089887563554,
                "avg_sparsity": 0.0,
                "std_sparsity": 0.0,
                "avg_mins": 7.636877059813655e-09,
                "std_mins": 3.87291798492083e-09,
                "avg_maxs": 2.815583645029271,
                "std_maxs": 0.006219447989681344,