{
    "train_loss": [
        2.1895109584546204,
        1.8736027524369587,
        1.8098395353809917,
        1.8054157958776464,
        1.803759724042992,
        1.8027502284230779,
        1.8021430777147482,
        1.8017025307456465,
        1.8013985346278873,
        1.801151578177773,
        1.8009505509200254,
        1.8008162178699438,
        1.8007013566121106,
        1.8006311310411065,
        1.8004989047751043,
        1.8004142859535759,
        1.8004148543163498,
        1.8003336236375203,
        1.8003143368739087,
        1.800250317813096,
        1.800198672789533,
        1.8001853834961263,
        1.8001742405349044,
        1.800152324104761,
        1.8001542896456062,
        1.8000791739513524,
        1.8001346678530434
    ],
    "train_acc": [
        56.43518518518518,
        62.54259259259259,
        66.77592592592593,
        66.79629629629629,
        66.86296296296297,
        66.9,
        66.87407407407407,
        66.85555555555555,
        66.79814814814814,
        66.76481481481481,
        66.84444444444445,
        66.75740740740741,
        66.79629629629629,
        66.69259259259259,
        66.70555555555555,
        66.75185185185185,
        66.69814814814815,
        66.71851851851852,
        66.55740740740741,
        66.5537037037037,
        66.68518518518519,
        66.62222222222222,
        66.62777777777778,
        66.36111111111111,
        66.31296296296296,
        66.50740740740741,
        66.43148148148148
    ],
    "val_loss": [
        1.9726736748472173,
        1.8188366636316826,
        1.810791776535359,
        1.8086970943085692,
        1.80728406348127,
        1.8066635588382154,
        1.8064894194298602,
        1.805920436027202,
        1.8059736312703882,
        1.805431731203769,
        1.8054062178794374,
        1.8053163290023804,
        1.8050900723071808,
        1.8051839965455077,
        1.8050812584288576,
        1.8048877259518237,
        1.8052007619370805,
        1.8046534264341314,
        1.8048439634607194,
        1.8049358205592378,
        1.8048342060535512,
        1.8045423943945702,
        1.8050602775938966,
        1.8046084414137171,
        1.8046086113503639,
        1.8046254984875942,
        1.804817240288917
    ],
    "val_acc": [
        56.083333333333336,
        64.48333333333333,
        64.73333333333333,
        65.03333333333333,
        65.16666666666667,
        65.18333333333334,
        64.55,
        65.13333333333334,
        65.03333333333333,
        65.23333333333333,
        64.98333333333333,
        64.96666666666667,
        65.11666666666666,
        64.76666666666667,
        65.03333333333333,
        65.11666666666666,
        64.91666666666667,
        64.83333333333333,
        64.85,
        64.83333333333333,
        64.7,
        64.73333333333333,
        64.75,
        64.38333333333334,
        64.58333333333333,
        64.58333333333333,
        64.7
    ],
    "test_loss": 1.7937176001222828,
    "test_acc": 65.64,
    "metadata": {
        "timestamp": "2025-02-21T15:00:23.683945",
        "run_name": "0221150023_BaseMLP_SparseMax_strong-leisure",
        "model_config": {
            "class_name": "BaseMLP",
            "input_dim": 784,
            "hidden_dims": [
                512,
                256,
                128
            ],
            "output_dim": 10,
            "activation_type": "SparseMax",
            "dropout_prob": 0.0,
            "store_activations": true,
            "num_parameters": 566528,
            "num_trainable_parameters": 566528
        },
        "training_config": {
            "batch_size": 128,
            "learning_rate": 0.001,
            "optimizer": {
                "class_name": "Adam",
                "parameters": null
            },
            "criterion": "CrossEntropyLoss",
            "device": "cpu"
        },
        "dataset_info": {
            "name": "MNIST",
            "train_size": 54000,
            "val_size": 6000,
            "test_size": 10000,
            "input_shape": [
                1,
                28,
                28
            ],
            "num_classes": 10
        },
        "system_info": {
            "python_version": "3.12.6 (main, Sep  6 2024, 19:03:47) [Clang 15.0.0 (clang-1500.3.9.4)]",
            "pytorch_version": "2.6.0",
            "cuda_available": false,
            "cuda_version": null,
            "platform": "macOS-15.1-arm64-arm-64bit",
            "cpu_count": "arm64",
            "processor": "arm"
        },
        "git_info": {
            "commit_hash": "e002b61e0f49ed24cde6d4c5b63a2d8ef535d0f8",
            "branch": "main",
            "is_dirty": true
        },
        "tags": [
            "stochastic_layers_3",
            "activation_SparseMax_layer_temperature_0.1"
        ],
        "final_metrics": {
            "best_val_loss": 1.8045423943945702,
            "best_val_acc": 65.23333333333333,
            "best_epoch": 21,
            "total_epochs": 27,
            "training_duration": 110.223366,
            "test_loss": 1.7937176001222828,
            "test_acc": 65.64
        },
        "weight_analysis": {
            "network.linear_0.raw_weight": {
                "mean": 0.009456202387809753,
                "std": 0.13522456586360931,
                "min": -1.375260591506958,
                "max": 0.519360363483429,
                "norm": 85.88192749023438,
                "sparsity": 0.0
            },
            "network.linear_1.raw_weight": {
                "mean": -0.015856493264436722,
                "std": 0.20199336111545563,
                "min": -1.0116777420043945,
                "max": 1.5842111110687256,
                "norm": 73.35388946533203,
                "sparsity": 0.0
            },
            "network.linear_2.raw_weight": {
                "mean": -0.09265901148319244,
                "std": 0.2762846052646637,
                "min": -0.9351668953895569,
                "max": 1.7018498182296753,
                "norm": 52.74982452392578,
                "sparsity": 0.0
            },
            "network.linear_3.raw_weight": {
                "mean": -0.5765058994293213,
                "std": 0.26090824604034424,
                "min": -0.9235239028930664,
                "max": 1.6371865272521973,
                "norm": 22.63813591003418,
                "sparsity": 0.0
            }
        },
        "activation_analysis": {
            "network.linear_0": {
                "avg_means": -0.06087044943520363,
                "std_means": 0.010696031417310925,
                "avg_stds": 0.15997106249028065,
                "std_stds": 0.006509105731864167,
                "avg_sparsity": 0.0,
                "std_sparsity": 0.0
            },
            "network.linear_1": {
                "avg_means": 0.0038904627993148057,
                "std_means": 2.4163788993895485e-05,
                "avg_stds": 0.05092460551160447,
                "std_stds": 0.0008037972919645147,
                "avg_sparsity": 0.0,
                "std_sparsity": 0.0
            },
            "network.linear_2": {
                "avg_means": 0.007804658917829077,
                "std_means": 3.952144124056758e-05,
                "avg_stds": 0.07179046168606332,
                "std_stds": 0.001147506002263355,
                "avg_sparsity": 0.0,
                "std_sparsity": 0.0
            },
            "network.linear_3": {
                "avg_means": 0.13672770845129134,
                "std_means": 0.0033905014603461577,
                "avg_stds": 0.27308452129364014,
                "std_stds": 0.006894077066405819,
                "avg_sparsity": 0.0,
                "std_sparsity": 0.0
            }
        }
    }
}