{
    "train_loss": [
        2.2331728274223366,
        1.9527351421202528,
        1.8604517796593254,
        1.8101802747961468,
        1.7914428860655327,
        1.7745706484216084,
        1.7630903867748677,
        1.7439341802167667,
        1.7221434489245664,
        1.6515365898326675,
        1.5880104190365398,
        1.5687825507462307,
        1.5711611320057186,
        1.5562715256383635,
        1.5455504266006688,
        1.5227690598975991,
        1.501457171700012,
        1.493961180555877,
        1.5060424697342643,
        1.4861050112552552,
        1.4854455522451355,
        1.4914992361272117,
        1.4873113479659457,
        1.4778963146616497,
        1.49172847700345
    ],
    "train_acc": [
        14.901851851851852,
        25.216666666666665,
        26.155555555555555,
        26.17222222222222,
        26.08703703703704,
        26.053703703703704,
        27.63888888888889,
        27.942592592592593,
        28.498148148148147,
        35.01851851851852,
        36.06481481481482,
        36.12777777777778,
        35.648148148148145,
        36.28703703703704,
        36.837037037037035,
        37.50555555555555,
        37.84444444444444,
        38.14259259259259,
        37.74814814814815,
        37.903703703703705,
        38.08518518518518,
        37.992592592592594,
        38.120370370370374,
        37.92962962962963,
        37.60740740740741
    ],
    "val_loss": [
        1.9807609243595854,
        1.7497697891073023,
        1.6568674812925623,
        1.6204304948766182,
        1.5752872203258759,
        1.5685762192340607,
        1.5576961852134543,
        1.4848475633783544,
        1.4553136318287951,
        1.296948382195006,
        1.2503872526452897,
        1.2322785626066493,
        1.217281699180603,
        1.2750637100097981,
        1.2130706310272217,
        1.1892511337361438,
        1.198782707782502,
        1.16474257377868,
        1.1720961763503703,
        1.1553591654655782,
        1.1872171696196212,
        1.1637331868739837,
        1.1674984642799864,
        1.206651487249009,
        1.1585055526266708
    ],
    "val_acc": [
        28.616666666666667,
        30.683333333333334,
        30.3,
        30.366666666666667,
        30.083333333333332,
        32.11666666666667,
        32.6,
        35.483333333333334,
        46.0,
        46.63333333333333,
        47.36666666666667,
        47.43333333333333,
        47.21666666666667,
        44.916666666666664,
        46.71666666666667,
        47.85,
        48.06666666666667,
        47.38333333333333,
        47.31666666666667,
        48.25,
        46.31666666666667,
        48.31666666666667,
        47.516666666666666,
        47.46666666666667,
        47.95
    ],
    "test_loss": 1.17785058745855,
    "test_acc": 47.5,
    "metadata": {
        "timestamp": "2025-02-20T21:53:17.123082",
        "run_name": "0220215317_BaseMLP_LayerwiseSoftmax_paper-list",
        "model_config": {
            "class_name": "BaseMLP",
            "input_dim": 784,
            "hidden_dims": [
                512,
                256,
                128,
                64
            ],
            "output_dim": 10,
            "activation_type": "LayerwiseSoftmax",
            "dropout_prob": 0.2,
            "store_activations": true,
            "num_parameters": 575050,
            "num_trainable_parameters": 575050
        },
        "training_config": {
            "batch_size": 128,
            "learning_rate": 0.001,
            "optimizer": {
                "class_name": "Adam",
                "parameters": null
            },
            "criterion": "CrossEntropyLoss",
            "device": "cpu"
        },
        "dataset_info": {
            "name": "MNIST",
            "train_size": 54000,
            "val_size": 6000,
            "test_size": 10000,
            "input_shape": [
                1,
                28,
                28
            ],
            "num_classes": 10
        },
        "system_info": {
            "python_version": "3.12.6 (main, Sep  6 2024, 19:03:47) [Clang 15.0.0 (clang-1500.3.9.4)]",
            "pytorch_version": "2.6.0",
            "cuda_available": false,
            "cuda_version": null,
            "platform": "macOS-15.1-arm64-arm-64bit",
            "cpu_count": "arm64",
            "processor": "arm"
        },
        "git_info": {
            "commit_hash": "15e48a32d31478ac54b6c3350a900b9f6e2bcba1",
            "branch": "main",
            "is_dirty": true
        },
        "tags": [
            "layers_4",
            "dropout_0.2",
            "activation_LayerwiseSoftmax_temperature_0.2"
        ],
        "final_metrics": {
            "best_val_loss": 1.1553591654655782,
            "best_val_acc": 48.31666666666667,
            "best_epoch": 19,
            "total_epochs": 25,
            "training_duration": 64.896361,
            "test_loss": 1.17785058745855,
            "test_acc": 47.5
        },
        "weight_analysis": {
            "network.linear_0.weight": {
                "mean": 0.00023482808319386095,
                "std": 0.023571325466036797,
                "min": -0.5298386812210083,
                "max": 0.6145700812339783,
                "norm": 14.934646606445312,
                "sparsity": 0.0
            },
            "network.linear_1.weight": {
                "mean": -0.002732571680098772,
                "std": 0.05244942009449005,
                "min": -1.2597635984420776,
                "max": 0.8232920169830322,
                "norm": 19.01433753967285,
                "sparsity": 0.0
            },
            "network.linear_2.weight": {
                "mean": 0.06850764155387878,
                "std": 0.4597429931163788,
                "min": -1.3483914136886597,
                "max": 1.6620529890060425,
                "norm": 84.14002227783203,
                "sparsity": 0.0
            },
            "network.linear_3.weight": {
                "mean": -0.17361444234848022,
                "std": 0.5644322633743286,
                "min": -2.252499580383301,
                "max": 2.141653537750244,
                "norm": 53.4456901550293,
                "sparsity": 0.0
            },
            "network.linear_4.weight": {
                "mean": -0.1253586709499359,
                "std": 0.760288417339325,
                "min": -3.8065500259399414,
                "max": 3.904146909713745,
                "norm": 19.478811264038086,
                "sparsity": 0.0
            }
        },
        "activation_analysis": {
            "network.linear_0": {
                "avg_means": -0.1394765835176123,
                "std_means": 0.006316476753173948,
                "avg_stds": 1.5291451215744019,
                "std_stds": 0.036120215821920536,
                "avg_sparsity": 0.0,
                "std_sparsity": 0.0
            },
            "network.linear_1": {
                "avg_means": -0.01739864624006317,
                "std_means": 0.01381262015206977,
                "avg_stds": 0.36392120287773455,
                "std_stds": 0.005955747092058606,
                "avg_sparsity": 0.0,
                "std_sparsity": 0.0
            },
            "network.linear_2": {
                "avg_means": -0.3587377039676017,
                "std_means": 0.010399846684405552,
                "avg_stds": 0.616490216965371,
                "std_stds": 0.002152657024686463,
                "avg_sparsity": 0.0,
                "std_sparsity": 0.0
            },
            "network.linear_3": {
                "avg_means": -0.5129072672509133,
                "std_means": 0.03013626254125358,
                "avg_stds": 0.6018332002010751,
                "std_stds": 0.011646078192486536,
                "avg_sparsity": 0.0,
                "std_sparsity": 0.0
            },
            "network.linear_4": {
                "avg_means": -0.8196964580961998,