{
    "train_loss": [
        2.2226102289995313,
        2.0469471671004995,
        2.026580652636939,
        2.0214311949449693,
        2.018687135800366,
        2.016848574317462,
        2.015179551890676,
        2.014487949875294,
        2.0133895244078612,
        2.013067213279941,
        2.0124204107935393,
        2.0123619759252285,
        2.01163325631788,
        2.0113035285077387,
        2.0115272640052,
        2.010857461470563,
        2.0109708605784378,
        2.0108112554414577,
        2.0102591251874986,
        2.0105097339051596,
        2.0105612998325113,
        2.0105437610951644,
        2.0104762437219303,
        2.010297924703896,
        2.0101801648524136,
        2.0100515883115797,
        2.00979615416007,
        2.0096753948672688,
        2.00988127354762,
        2.0101874476360484
    ],
    "train_acc": [
        52.983333333333334,
        63.7962962962963,
        63.87222222222222,
        64.30925925925926,
        64.60555555555555,
        64.70185185185186,
        64.70370370370371,
        65.33148148148148,
        66.39259259259259,
        66.5037037037037,
        63.824074074074076,
        63.775925925925925,
        63.8,
        64.11111111111111,
        64.27777777777777,
        64.0037037037037,
        63.922222222222224,
        63.76481481481481,
        63.72962962962963,
        63.96111111111111,
        63.727777777777774,
        63.86851851851852,
        63.705555555555556,
        63.56296296296296,
        63.81111111111111,
        64.15925925925926,
        63.775925925925925,
        65.1537037037037,
        65.29444444444445,
        64.03518518518518
    ],
    "val_loss": [
        2.089599847793579,
        2.030851511245078,
        2.0239457171014013,
        2.0219576054431023,
        2.017156573052102,
        2.015857219696045,
        2.014585700440914,
        2.0138807448935,
        2.0130986330357006,
        2.013388489155059,
        2.011933864431178,
        2.012633597597163,
        2.0119992443855774,
        2.013460341920244,
        2.015603166945437,
        2.011236031004723,
        2.0125304029342974,
        2.010831338294009,
        2.010846145609592,
        2.0108312343029264,
        2.010331432870094,
        2.010177830432324,
        2.010433430367328,
        2.0144193020272763,
        2.0098272105480763,
        2.0102038231301815,
        2.010127625566848,
        2.0105351716914077,
        2.0104446740860635,
        2.010417116449234
    ],
    "val_acc": [
        61.833333333333336,
        62.88333333333333,
        63.38333333333333,
        63.78333333333333,
        64.25,
        64.26666666666667,
        64.68333333333334,
        66.45,
        66.8,
        63.06666666666667,
        63.583333333333336,
        63.3,
        63.666666666666664,
        63.36666666666667,
        62.85,
        63.65,
        63.46666666666667,
        63.15,
        63.53333333333333,
        63.75,
        63.583333333333336,
        63.233333333333334,
        63.13333333333333,
        63.36666666666667,
        63.43333333333333,
        63.233333333333334,
        63.75,
        66.31666666666666,
        66.2,
        63.4
    ],
    "test_loss": 2.008535060701491,
    "test_acc": 64.58,
    "metadata": {
        "timestamp": "2025-02-21T16:44:59.596890",
        "run_name": "0221164459_BaseMLP_PowerNormalization_relaxed-engineer",
        "model_config": {
            "class_name": "BaseMLP",
            "input_dim": 784,
            "hidden_dims": [
                512
            ],
            "output_dim": 10,
            "activation_type": "PowerNormalization",
            "dropout_prob": 0.0,
            "store_activations": true,
            "num_parameters": 406528,
            "num_trainable_parameters": 406528
        },
        "training_config": {
            "batch_size": 128,
            "learning_rate": 0.001,
            "optimizer": {
                "class_name": "Adam",
                "parameters": null
            },
            "criterion": "CrossEntropyLoss",
            "device": "cpu"
        },
        "dataset_info": {
            "name": "MNIST",
            "train_size": 54000,
            "val_size": 6000,
            "test_size": 10000,
            "input_shape": [
                1,
                28,
                28
            ],
            "num_classes": 10
        },
        "system_info": {
            "python_version": "3.12.6 (main, Sep  6 2024, 19:03:47) [Clang 15.0.0 (clang-1500.3.9.4)]",
            "pytorch_version": "2.6.0",
            "cuda_available": false,
            "cuda_version": null,
            "platform": "macOS-15.1-arm64-arm-64bit",
            "cpu_count": "arm64",
            "processor": "arm"
        },
        "git_info": {
            "commit_hash": "a3b0a5e3f94443cb345268bf1f25446ff58657b8",
            "branch": "main",
            "is_dirty": true
        },
        "tags": [
            "stochastic_layers_1",
            "activation_PowerNormalization_layer_temperature_0.1"
        ],
        "final_metrics": {
            "best_val_loss": 2.0098272105480763,
            "best_val_acc": 66.8,
            "best_epoch": 24,
            "total_epochs": 30,
            "training_duration": 77.49716,
            "test_loss": 2.008535060701491,
            "test_acc": 64.58
        },
        "weight_analysis": {
            "network.linear_0.raw_weight": {
                "mean": 0.017059925943613052,
                "std": 0.14224639534950256,
                "min": -1.3912789821624756,
                "max": 0.7174685597419739,
                "norm": 90.76778411865234,
                "sparsity": 0.0
            },
            "network.linear_1.raw_weight": {
                "mean": -0.6783763766288757,
                "std": 0.15008382499217987,
                "min": -0.9034863710403442,
                "max": 1.648559331893921,
                "norm": 49.71419906616211,
                "sparsity": 0.0
            }
        },
        "activation_analysis": {
            "network.linear_0": {
                "avg_means": -0.29119210674407636,
                "std_means": 0.003934295914895755,
                "avg_stds": 0.06906632698596792,
                "std_stds": 0.0032778586691268215,
                "avg_sparsity": 0.0,
                "std_sparsity": 0.0
            },
            "network.linear_1": {
                "avg_means": 0.06967586770336678,
                "std_means": 0.0024648745435563763,
                "avg_stds": 0.15310365564011513,
                "std_stds": 0.004242588749734032,
                "avg_sparsity": 0.0,
                "std_sparsity": 0.0
            }
        }
    }
}