{
    "train_loss": [
        2.0484427179770446,
        1.5088155885443304,
        1.47150556481845,
        1.4651974527191778,
        1.4634468111946684,
        1.4624943959204506,
        1.4618728649559745,
        1.4615717914432147,
        1.4613782644836824,
        1.4612101669560111,
        1.4610586262427234,
        1.4609749334118378,
        1.4608690168055314,
        1.460805237010757,
        1.46073580268435,
        1.4607548823853804,
        1.4607123088497687,
        1.460585781183288,
        1.4606258886120331
    ],
    "train_acc": [
        26.892592592592592,
        62.88148148148148,
        65.96666666666667,
        66.50185185185185,
        66.59814814814816,
        66.68148148148148,
        66.82222222222222,
        66.63518518518518,
        66.66296296296296,
        66.71851851851852,
        66.50555555555556,
        66.74444444444444,
        66.66666666666667,
        66.76666666666667,
        66.72777777777777,
        66.69074074074074,
        66.69814814814815,
        66.65,
        66.57407407407408
    ],
    "val_loss": [
        1.622944491974851,
        1.4862110792322363,
        1.4758305727167333,
        1.472825993882849,
        1.4720121317721429,
        1.472306563499126,
        1.4708816142792398,
        1.4707958114908097,
        1.4706248552241223,
        1.4697104743186464,
        1.4700225566295868,
        1.4705667952273755,
        1.4702190338297094,
        1.4696198752585878,
        1.4701142463278263,
        1.470136639919687,
        1.4700616319128808,
        1.4701152076112463,
        1.4696311874592558
    ],
    "val_acc": [
        55.3,
        64.85,
        65.61666666666666,
        65.9,
        66.58333333333333,
        65.61666666666666,
        65.96666666666667,
        66.11666666666666,
        66.06666666666666,
        66.03333333333333,
        66.23333333333333,
        66.13333333333334,
        66.31666666666666,
        66.35,
        65.91666666666667,
        65.91666666666667,
        66.2,
        65.8,
        66.2
    ],
    "test_loss": 1.4502230792105952,
    "test_acc": 66.44,
    "metadata": {
        "timestamp": "2025-02-25T00:24:14.647974",
        "run_name": "0225002414_BaseMLP_ReLU_aged-percussion",
        "model_config": {
            "class_name": "BaseMLP",
            "input_dim": 784,
            "hidden_dims": [
                512,
                256,
                128
            ],
            "output_dim": 10,
            "activation_type": "ReLU",
            "dropout_prob": 0.0,
            "store_activations": true,
            "num_parameters": 566528,
            "num_trainable_parameters": 566528
        },
        "training_config": {
            "batch_size": 128,
            "learning_rate": 0.001,
            "optimizer": {
                "class_name": "Adam",
                "parameters": null
            },
            "criterion": "CrossEntropyLoss",
            "device": "cpu"
        },
        "dataset_info": {
            "name": "MNIST",
            "train_size": 54000,
            "val_size": 6000,
            "test_size": 10000,
            "input_shape": [
                1,
                28,
                28
            ],
            "num_classes": 10
        },
        "system_info": {
            "python_version": "3.12.6 (main, Sep  6 2024, 19:03:47) [Clang 15.0.0 (clang-1500.3.9.4)]",
            "pytorch_version": "2.6.0",
            "cuda_available": false,
            "cuda_version": null,
            "platform": "macOS-15.1-arm64-arm-64bit",
            "cpu_count": "arm64",
            "processor": "arm"
        },
        "git_info": {
            "commit_hash": "a3b0a5e3f94443cb345268bf1f25446ff58657b8",
            "branch": "main",
            "is_dirty": true
        },
        "tags": [
            "stochastic_layers_3",
            "activation_NoActivation_layer_temperature_0.1"
        ],
        "final_metrics": {
            "best_val_loss": 1.4696198752585878,
            "best_val_acc": 66.58333333333333,
            "best_epoch": 13,
            "total_epochs": 19,
            "training_duration": 55.104613,
            "test_loss": 1.4502230792105952,
            "test_acc": 66.44
        },
        "weight_analysis": {
            "network.linear_0.raw_weight": {
                "mean": -0.12607504427433014,
                "std": 0.23203161358833313,
                "min": -1.2995350360870361,
                "max": 1.1728808879852295,
                "norm": 167.3048095703125,
                "sparsity": 0.0,
                "has_negative": true,
                "percent_negative": 67.9615249633789,
                "shape": [
                    512,
                    784
                ],
                "num_params": 401408
            },
            "network.linear_1.raw_weight": {
                "mean": -0.15113987028598785,
                "std": 0.24271290004253387,
                "min": -0.9630394577980042,
                "max": 1.5779467821121216,
                "norm": 103.5152816772461,
                "sparsity": 0.0,
                "has_negative": true,
                "percent_negative": 73.48861694335938,
                "shape": [
                    256,
                    512
                ],
                "num_params": 131072
            },
            "network.linear_2.raw_weight": {
                "mean": -0.13692934811115265,
                "std": 0.25754228234291077,
                "min": -0.9275203347206116,
                "max": 1.8398126363754272,
                "norm": 52.79922103881836,
                "sparsity": 0.0,
                "has_negative": true,
                "percent_negative": 73.9044189453125,
                "shape": [
                    128,
                    256
                ],
                "num_params": 32768
            },
            "network.linear_3.raw_weight": {
                "mean": -0.340786874294281,
                "std": 0.2946162223815918,
                "min": -0.8395251035690308,
                "max": 1.6439285278320312,
                "norm": 16.1142578125,
                "sparsity": 0.0,
                "has_negative": true,
                "percent_negative": 90.46875,
                "shape": [
                    10,
                    128
                ],
                "num_params": 1280
            }
        },
        "activation_analysis": {
            "pre_activation:network.linear_0": {
                "avg_means": 0.23632936782025277,
                "std_means": 0.023485361758420486,
                "avg_stds": 0.7395178777106265,
                "std_stds": 0.02309864047735936,
                "avg_sparsity": 0.0,
                "std_sparsity": 0.0,
                "avg_mins": -0.42421251472006455,
                "std_mins": 1.9003303534944242e-07,
                "avg_maxs": 2.8132224133674133,
                "std_maxs": 0.007345195506994235,
                "avg_sum": 15447.711436170213
            },
            "post_activation:network.activation_0": {
                "avg_means": 0.37669315363498446,
                "std_means": 0.02070543342817801,
                "avg_stds": 0.6512607678453973,
                "std_stds": 0.023549967354495365,
                "avg_sparsity": 0.6017643428863363,
                "std_sparsity": 0.011738774122920596,
                "avg_mins": 0.0,
                "std_mins": 0.0,
                "avg_maxs": 2.8132224133674133,
                "std_maxs": 0.007345195506994235,
                "avg_sum": 24621.20748836436
            },
            "pre_activation:network.linear_1": {
                "avg_means": 0.7387197626397964,
                "std_means": 0.030856690159178832,
                "avg_stds": 0.7841889046608134,
                "std_stds": 0.018707572696381024,
                "avg_sparsity": 0.0,
                "std_sparsity": 0.0,