{
    "train_loss": [
        2.207473979177068,
        2.117354499220283,
        2.0801158267739823,
        2.0629844558182486,
        2.0531107723995405,
        2.0465032266214562,
        2.035818433027132,
        2.029773812158413,
        2.0257254285270005,
        2.0236014189878344,
        2.020440858969756,
        2.017925371208462,
        2.0183050169199,
        2.0205551843507594,
        2.0238711356551726,
        2.0234459486052887
    ],
    "train_acc": [
        79.22592592592592,
        74.19074074074074,
        73.22407407407407,
        70.37407407407407,
        67.41481481481482,
        66.17407407407407,
        66.41851851851852,
        67.27962962962962,
        69.47407407407407,
        68.68888888888888,
        69.75,
        70.86851851851851,
        70.4074074074074,
        69.21481481481482,
        66.99444444444444,
        67.61666666666666
    ],
    "val_loss": [
        2.146272344792143,
        2.0960913769742278,
        2.073198744591246,
        2.0599596043850514,
        2.0531061811650053,
        2.0447761200843972,
        2.0346974337354617,
        2.029405657281267,
        2.0231135677784047,
        2.0240317583084106,
        2.018023201759825,
        2.018080731655689,
        2.0194770960097617,
        2.0259876251220703,
        2.0311435055225453,
        2.0271566243881876
    ],
    "val_acc": [
        75.81666666666666,
        74.55,
        71.26666666666667,
        68.25,
        64.53333333333333,
        66.5,
        65.96666666666667,
        68.86666666666666,
        70.0,
        66.7,
        69.56666666666666,
        72.5,
        68.13333333333334,
        64.16666666666667,
        65.98333333333333,
        70.3
    ],
    "test_loss": 2.022349549245231,
    "test_acc": 71.82,
    "metadata": {
        "timestamp": "2025-02-21T14:18:22.021247",
        "run_name": "0221141821_BaseMLP_SparseMax_chewy-chain",
        "model_config": {
            "class_name": "BaseMLP",
            "input_dim": 784,
            "hidden_dims": [
                256
            ],
            "output_dim": 10,
            "activation_type": "SparseMax",
            "dropout_prob": 0.0,
            "store_activations": true,
            "num_parameters": 203264,
            "num_trainable_parameters": 203264
        },
        "training_config": {
            "batch_size": 128,
            "learning_rate": 0.001,
            "optimizer": {
                "class_name": "Adam",
                "parameters": null
            },
            "criterion": "CrossEntropyLoss",
            "device": "cpu"
        },
        "dataset_info": {
            "name": "MNIST",
            "train_size": 54000,
            "val_size": 6000,
            "test_size": 10000,
            "input_shape": [
                1,
                28,
                28
            ],
            "num_classes": 10
        },
        "system_info": {
            "python_version": "3.12.6 (main, Sep  6 2024, 19:03:47) [Clang 15.0.0 (clang-1500.3.9.4)]",
            "pytorch_version": "2.6.0",
            "cuda_available": false,
            "cuda_version": null,
            "platform": "macOS-15.1-arm64-arm-64bit",
            "cpu_count": "arm64",
            "processor": "arm"
        },
        "git_info": {
            "commit_hash": "15e48a32d31478ac54b6c3350a900b9f6e2bcba1",
            "branch": "main",
            "is_dirty": true
        },
        "tags": [
            "stochastic_layers_1",
            "activation_SparseMax"
        ],
        "final_metrics": {
            "best_val_loss": 2.018023201759825,
            "best_val_acc": 75.81666666666666,
            "best_epoch": 10,
            "total_epochs": 16,
            "training_duration": 42.299308,
            "test_loss": 2.022349549245231,
            "test_acc": 71.82
        },
        "weight_analysis": {
            "network.linear_0.weight": {
                "mean": 0.0012755101779475808,
                "std": 0.0009606514940969646,
                "min": 0.0,
                "max": 0.03925540670752525,
                "norm": 0.7153674364089966,
                "sparsity": 0.22101204097270966
            },
            "network.linear_1.weight": {
                "mean": 0.00390625,
                "std": 0.04276477172970772,
                "min": 0.0,
                "max": 0.9957587122917175,
                "norm": 2.172332286834717,
                "sparsity": 0.561328113079071
            }
        },
        "activation_analysis": {
            "network.linear_0": {
                "avg_means": -0.159317155150657,
                "std_means": 0.00789071666038696,
                "avg_stds": 0.19460084844142833,
                "std_stds": 0.00569562191225754,
                "avg_sparsity": 0.0,
                "std_sparsity": 0.0
            },
            "network.linear_1": {
                "avg_means": 0.0764017956371003,
                "std_means": 0.001940055404642332,
                "avg_stds": 0.14738600463309187,
                "std_stds": 0.005052931246845624,
                "avg_sparsity": 0.5519946775537856,
                "std_sparsity": 0.017097204620304455
            }
        }
    }
}