{
    "train_loss": [
        2.1750058684303863,
        1.8504383439701315,
        1.805595404163921,
        1.8014844732261948,
        1.7997629227231464,
        1.7989059618864014,
        1.7982756407904963,
        1.797826296062831,
        1.7975943839945498,
        1.7973943324450632,
        1.797136952244275,
        1.7970174810897683,
        1.796884533635813,
        1.7968097538179695,
        1.7967132298867285,
        1.796692380972948,
        1.7965777595461263,
        1.7965611640310966,
        1.796480470359043,
        1.796418632093764
    ],
    "train_acc": [
        66.17407407407407,
        66.22962962962963,
        65.92592592592592,
        65.81111111111112,
        65.79629629629629,
        65.75185185185185,
        65.71851851851852,
        65.70370370370371,
        65.77962962962962,
        65.76481481481481,
        65.76851851851852,
        65.71666666666667,
        65.74074074074075,
        65.71111111111111,
        65.69814814814815,
        65.77962962962962,
        65.72592592592592,
        65.7,
        65.76666666666667,
        65.70370370370371
    ],
    "val_loss": [
        1.9190602048914482,
        1.8081838501260636,
        1.80057300912573,
        1.7980558922950258,
        1.7973602655086112,
        1.797019103740124,
        1.7959527309904708,
        1.795854997127614,
        1.7954405901279855,
        1.7953130082881197,
        1.7950633054083966,
        1.7950176152777164,
        1.7951510485182418,
        1.794759326792778,
        1.7947199750453868,
        1.794800989171292,
        1.7948775519715978,
        1.794860177851738,
        1.794736517236588,
        1.7948184089457735
    ],
    "val_acc": [
        67.15,
        66.41666666666667,
        66.55,
        66.25,
        66.15,
        66.4,
        66.18333333333334,
        66.35,
        66.38333333333334,
        66.25,
        66.18333333333334,
        66.2,
        66.25,
        66.25,
        66.18333333333334,
        66.23333333333333,
        66.28333333333333,
        66.23333333333333,
        66.11666666666666,
        66.3
    ],
    "test_loss": 1.79090610184247,
    "test_acc": 66.14,
    "metadata": {
        "timestamp": "2025-02-25T01:04:59.078486",
        "run_name": "0225010459_BaseMLP_SparseMax_direct-iteration",
        "model_config": {
            "class_name": "BaseMLP",
            "input_dim": 784,
            "hidden_dims": [
                512,
                256,
                128
            ],
            "output_dim": 10,
            "activation_type": "SparseMax",
            "dropout_prob": 0.0,
            "store_activations": true,
            "num_parameters": 566528,
            "num_trainable_parameters": 566528
        },
        "training_config": {
            "batch_size": 128,
            "learning_rate": 0.001,
            "optimizer": {
                "class_name": "Adam",
                "parameters": null
            },
            "criterion": "CrossEntropyLoss",
            "device": "cpu"
        },
        "dataset_info": {
            "name": "MNIST",
            "train_size": 54000,
            "val_size": 6000,
            "test_size": 10000,
            "input_shape": [
                1,
                28,
                28
            ],
            "num_classes": 10
        },
        "system_info": {
            "python_version": "3.12.6 (main, Sep  6 2024, 19:03:47) [Clang 15.0.0 (clang-1500.3.9.4)]",
            "pytorch_version": "2.6.0",
            "cuda_available": false,
            "cuda_version": null,
            "platform": "macOS-15.1-arm64-arm-64bit",
            "cpu_count": "arm64",
            "processor": "arm"
        },
        "git_info": {
            "commit_hash": "a3b0a5e3f94443cb345268bf1f25446ff58657b8",
            "branch": "main",
            "is_dirty": true
        },
        "tags": [
            "stochastic_layers_3",
            "activation_SparseMax_layer_temperature_0.1"
        ],
        "final_metrics": {
            "best_val_loss": 1.7947199750453868,
            "best_val_acc": 67.15,
            "best_epoch": 14,
            "total_epochs": 20,
            "training_duration": 86.995201,
            "test_loss": 1.79090610184247,
            "test_acc": 66.14
        },
        "weight_analysis": {
            "network.linear_0.raw_weight": {
                "mean": 0.009182695299386978,
                "std": 0.12023559957742691,
                "min": -1.2494579553604126,
                "max": 0.5417643189430237,
                "norm": 76.39781951904297,
                "sparsity": 0.0,
                "has_negative": true,
                "percent_negative": 37.17041015625,
                "shape": [
                    512,
                    784
                ],
                "num_params": 401408
            },
            "network.linear_1.raw_weight": {
                "mean": -0.050351332873106,
                "std": 0.21698397397994995,
                "min": -0.9505324959754944,
                "max": 1.3458038568496704,
                "norm": 80.64340209960938,
                "sparsity": 0.0,
                "has_negative": true,
                "percent_negative": 51.270294189453125,
                "shape": [
                    256,
                    512
                ],
                "num_params": 131072
            },
            "network.linear_2.raw_weight": {
                "mean": -0.10914640128612518,
                "std": 0.2597450613975525,
                "min": -0.907552182674408,
                "max": 1.5732841491699219,
                "norm": 51.00069808959961,
                "sparsity": 0.0,
                "has_negative": true,
                "percent_negative": 70.7916259765625,
                "shape": [
                    128,
                    256
                ],
                "num_params": 32768
            },
            "network.linear_3.raw_weight": {
                "mean": -0.5054377913475037,
                "std": 0.27275756001472473,
                "min": -0.9094222187995911,
                "max": 1.6505906581878662,
                "norm": 20.546327590942383,
                "sparsity": 0.0,
                "has_negative": true,
                "percent_negative": 96.328125,
                "shape": [
                    10,
                    128
                ],
                "num_params": 1280
            }
        },
        "activation_analysis": {
            "pre_activation:network.linear_0_preact": {
                "avg_means": -0.05165859858723397,
                "std_means": 0.010941201178562742,
                "avg_stds": 0.16651343253064663,
                "std_stds": 0.007117520527110147,
                "avg_sparsity": 0.0,
                "std_sparsity": 0.0,
                "avg_mins": -0.4235405617571892,
                "std_mins": 0.0009807197020454826,
                "avg_maxs": 2.672391176223755,
                "std_maxs": 0.09078333328385253,
                "avg_sum": -3376.1741190159573
            },
            "post_activation:network.activation_0_postact": {
                "avg_means": 0.007812500049538434,
                "std_means": 3.4944792552649816e-10,
                "avg_stds": 0.07198573125803724,
                "std_stds": 0.0012063726201143195,
                "avg_sparsity": 0.8876606213285568,
                "std_sparsity": 0.014115635046112669,
                "avg_mins": 0.0,
                "std_mins": 0.0,
                "avg_maxs": 0.9999841451644897,
                "std_maxs": 0.0,
                "avg_sum": 127.65957527972282
            },
            "pre_activation:network.linear_1_preact": {
                "avg_means": 0.004265718716890254,
                "std_means": 0.00024591184471103156,
                "avg_stds": 0.05209941749877118,
                "std_stds": 0.0009389020787859983,
                "avg_sparsity": 0.0,