{
    "train_loss": [
        2.2091527092513314,
        2.1123718565674188,
        2.0716200259059527,
        2.053438466872084,
        2.04669729651998,
        2.0375888652711116,
        2.0312899062983796,
        2.0272092731643063,
        2.027822481229972,
        2.0271772747921153,
        2.022635996059219,
        2.0200868076622767,
        2.0194744863216347,
        2.0153299804547387,
        2.010966181190093,
        2.0317573524764363,
        2.0276596317359057,
        2.0261286104459897,
        2.0240936943140073,
        2.020565543977005
    ],
    "train_acc": [
        79.01666666666667,
        74.78333333333333,
        69.92222222222222,
        68.34814814814816,
        67.77592592592593,
        69.90185185185184,
        71.15925925925926,
        71.0925925925926,
        70.16666666666667,
        69.77592592592593,
        68.63148148148149,
        67.67222222222222,
        67.14814814814815,
        68.8537037037037,
        70.51296296296296,
        72.18333333333334,
        71.08333333333333,
        69.33888888888889,
        67.59074074074074,
        68.02222222222223
    ],
    "val_loss": [
        2.1440346798998244,
        2.0893685411899647,
        2.0591916530690293,
        2.0480796884983143,
        2.047155892595332,
        2.0372219440784862,
        2.0314797467373786,
        2.029095228682173,
        2.0360478314947574,
        2.0267048642990435,
        2.027877477889365,
        2.022775373560317,
        2.0219044609272734,
        2.019751188602853,
        2.0152217580917036,
        2.0355472818334053,
        2.0288346625388938,
        2.02628397180679,
        2.0239240692016924,
        2.024641323596873
    ],
    "val_acc": [
        76.03333333333333,
        70.51666666666667,
        69.0,
        68.33333333333333,
        66.43333333333334,
        69.5,
        69.63333333333334,
        68.95,
        69.08333333333333,
        69.7,
        67.78333333333333,
        67.38333333333334,
        65.31666666666666,
        66.8,
        70.98333333333333,
        71.06666666666666,
        71.93333333333334,
        65.95,
        66.35,
        66.16666666666667
    ],
    "test_loss": 2.0161382759673687,
    "test_acc": 67.68,
    "metadata": {
        "timestamp": "2025-02-21T14:16:31.345003",
        "run_name": "0221141631_BaseMLP_SparseMax_juicy-oasis",
        "model_config": {
            "class_name": "BaseMLP",
            "input_dim": 784,
            "hidden_dims": [
                512
            ],
            "output_dim": 10,
            "activation_type": "SparseMax",
            "dropout_prob": 0.0,
            "store_activations": true,
            "num_parameters": 406528,
            "num_trainable_parameters": 406528
        },
        "training_config": {
            "batch_size": 128,
            "learning_rate": 0.001,
            "optimizer": {
                "class_name": "Adam",
                "parameters": null
            },
            "criterion": "CrossEntropyLoss",
            "device": "cpu"
        },
        "dataset_info": {
            "name": "MNIST",
            "train_size": 54000,
            "val_size": 6000,
            "test_size": 10000,
            "input_shape": [
                1,
                28,
                28
            ],
            "num_classes": 10
        },
        "system_info": {
            "python_version": "3.12.6 (main, Sep  6 2024, 19:03:47) [Clang 15.0.0 (clang-1500.3.9.4)]",
            "pytorch_version": "2.6.0",
            "cuda_available": false,
            "cuda_version": null,
            "platform": "macOS-15.1-arm64-arm-64bit",
            "cpu_count": "arm64",
            "processor": "arm"
        },
        "git_info": {
            "commit_hash": "15e48a32d31478ac54b6c3350a900b9f6e2bcba1",
            "branch": "main",
            "is_dirty": true
        },
        "tags": [
            "stochastic_layers_1",
            "activation_SparseMax"
        ],
        "final_metrics": {
            "best_val_loss": 2.0152217580917036,
            "best_val_acc": 76.03333333333333,
            "best_epoch": 14,
            "total_epochs": 20,
            "training_duration": 57.57932,
            "test_loss": 2.0161382759673687,
            "test_acc": 67.68
        },
        "weight_analysis": {
            "network.linear_0.weight": {
                "mean": 0.0012755104107782245,
                "std": 0.0008562544244341552,
                "min": 0.0,
                "max": 0.03921434283256531,
                "norm": 0.9733414053916931,
                "sparsity": 0.2105638086795807
            },
            "network.linear_1.weight": {
                "mean": 0.0019531252328306437,
                "std": 0.030315125361084938,
                "min": 0.0,
                "max": 0.9480242133140564,
                "norm": 2.173459529876709,
                "sparsity": 0.681640625
            }
        },
        "activation_analysis": {
            "network.linear_0": {
                "avg_means": -0.1711469936244031,
                "std_means": 0.0082515076132632,
                "avg_stds": 0.16406146230849813,
                "std_stds": 0.004785717070078908,
                "avg_sparsity": 0.0,
                "std_sparsity": 0.0
            },
            "network.linear_1": {
                "avg_means": 0.0761019563738336,
                "std_means": 0.001686602980385437,
                "avg_stds": 0.14835262583925368,
                "std_stds": 0.005725258201997018,
                "avg_sparsity": 0.5615335322440939,
                "std_sparsity": 0.016158530346354283
            }
        }
    }
}