{
    "hyperparameters": {
        "harmonic": false,
        "n": null,
        "epochs": 100,
        "patience": 10,
        "min_delta": 0.0001,
        "batch_size": 64,
        "learning_rate": 0.001,
        "run_name": null
    },
    "training_history": {
        "epoch_losses": [
            0.5469033043426491,
            0.32467275545763563,
            0.296079199395772,
            0.28322766074684386,
            0.2748490800179525,
            0.2692480503734368,
            0.26458617470570717,
            0.2612057707107652,
            0.2587690781603363,
            0.2561708058613831,
            0.25431698498758937,
            0.2523751559415097,
            0.2510070037295315,
            0.24955141980018317,
            0.24826920001523328,
            0.2470741303903716,
            0.2459839609092169,
            0.24549500896001675,
            0.24496756590156157,
            0.24354289312050667,
            0.2428581407472396,
            0.24203081013583172,
            0.24139578406141002,
            0.24106578132920048,
            0.2405661800379819,
            0.24003398922810168,
            0.2394054705964159,
            0.23916596579335647,
            0.23897700812786754,
            0.23800770374439928,
            0.23767271069988513,
            0.23749986889837646,
            0.23710370952211846,
            0.23655642882815556,
            0.23647995215298526,
            0.2358714752455256,
            0.23591657656072174,
            0.23570270510688265,
            0.23496185581503645,
            0.2348267157822212,
            0.23501645097298535,
            0.23445376415035998,
            0.23409014860831345,
            0.23394383984937597,
            0.23402435428250445,
            0.233880026857736,
            0.23337209183794222,
            0.2330678884210045,
            0.2332439590841214,
            0.2325907678547889,
            0.23241071950302702,
            0.23256510982254167,
            0.23221127848937187,
            0.23232655392002577,
            0.23189314338428252,
            0.23161738695525158,
            0.2315805374877031,
            0.23150986290451434,
            0.2309997845282242,
            0.23129294526729502,
            0.23150826492575186,
            0.23092578483352275,
            0.23081433020436815,
            0.23092102089416244,
            0.2307208808127052,
            0.23040132899321855,
            0.23042282575705667,
            0.2303974486228182,
            0.23048790995833843,
            0.2299423994921418,
            0.2299706863561101,
            0.22982897181341896,
            0.22974051198741394,
            0.2292098650363272,
            0.229537956031369,
            0.22924049097353588,
            0.22973490806657876,
            0.22920915067021144,
            0.229106897659012,
            0.22929998948328148,
            0.22899278489225455,
            0.22863313326957638,
            0.22875324701433625,
            0.22872696011893148,
            0.22889454199322887,
            0.22853361339425482,
            0.2287864137425034,
            0.22877000831067562,
            0.22854554989158726,
            0.22815169917860392,
            0.22824029718190114,
            0.2281615581236351,
            0.2284113759560181,
            0.22812858534885494,
            0.22822777386000162,
            0.2279565532856595,
            0.22820413666668096,
            0.22780511110449142,
            0.2275644103482143,
            0.22771538430249005
        ],
        "early_stop_epoch": null,
        "best_epoch": 98,
        "best_loss": 0.2275644103482143,
        "final_test_loss": 0.2773103266954422,
        "final_test_accuracy": 92.6
    },
    "timestamps": {
        "start_time": "2025-02-15 20:18:25",
        "end_time": "2025-02-15 20:20:28",
        "training_duration": "0:02:03"
    }
}