{
    "hyperparameters": {
        "harmonic": true,
        "n": 28.0,
        "temperature": 0.5,
        "hidden_dim": 100,
        "epochs": 100,
        "patience": 10,
        "min_delta": 0.0001,
        "batch_size": 64,
        "learning_rate": 0.001,
        "run_name": null
    },
    "training_history": {
        "epoch_losses": [
            0.296337690170624,
            0.1311558111156744,
            0.10277753535098136,
            0.08544112524406901,
            0.07260929653172823,
            0.06803021231603656,
            0.0614188708695593,
            0.0538381458732234,
            0.046688037060041314,
            0.0472164742138757,
            0.0425979858018589,
            0.04090809422894629,
            0.038022032928100025,
            0.03830460802245357,
            0.03490009910349093,
            0.03521855481339793,
            0.03563406523406458,
            0.028835490165622844,
            0.028428476448652387,
            0.028823083903797383,
            0.030008876627099626,
            0.026156005116295258,
            0.028932760058500585,
            0.025960071403572937,
            0.027265645390965227,
            0.026576664267000612,
            0.02483012547575261,
            0.02488966879205528,
            0.02107743135022212,
            0.02426797553877915,
            0.02270794292511756,
            0.020315750310361796,
            0.023711656852226173,
            0.020966357144744083,
            0.017542171730891492,
            0.02222051899310505,
            0.019876773487828642,
            0.02023358143772235,
            0.018408391146678856,
            0.02115767848365672,
            0.019358440625122878,
            0.01611829214311862,
            0.017067450074616002,
            0.017378769316510716,
            0.017481068323242484,
            0.016353952322107578,
            0.020329228448018787,
            0.017392030403974638,
            0.016756587038707756,
            0.016348409033611292,
            0.015585649476692167,
            0.017064900943362313,
            0.019553835208405868,
            0.013303186117571149,
            0.017366283485029978,
            0.01882927520198128,
            0.014003431980574091,
            0.014726903169976373,
            0.015580246691002018,
            0.01402837938701323,
            0.015311775991118758,
            0.01325227138509394,
            0.014899603988403636,
            0.017894343847333433
        ],
        "early_stop_epoch": 63,
        "best_epoch": 53,
        "best_loss": 0.013303186117571149,
        "final_test_loss": 0.17531504277139903,
        "final_test_accuracy": 96.93
    },
    "timestamps": {
        "start_time": "2025-02-15 22:42:05",
        "end_time": "2025-02-15 22:43:31",
        "training_duration": "0:01:26"
    }
}