{
    "hyperparameters": {
        "harmonic": true,
        "n": 28.0,
        "temperature": 1.0,
        "hidden_dim": 100,
        "epochs": 100,
        "patience": 10,
        "min_delta": 0.0001,
        "batch_size": 64,
        "learning_rate": 0.001,
        "run_name": null
    },
    "training_history": {
        "epoch_losses": [
            0.3578222544113202,
            0.14641901701768198,
            0.10749015261107353,
            0.09069691963497796,
            0.0776828957780171,
            0.06596320121884663,
            0.05881613492171393,
            0.05088793340291498,
            0.045690219651268266,
            0.044220528820269445,
            0.03712970921201314,
            0.03748311603497436,
            0.031101598840470968,
            0.03146629635011777,
            0.02997654507790299,
            0.027152560523841213,
            0.02853430959532337,
            0.02304578809813385,
            0.02260460211131012,
            0.022104839310804602,
            0.02266758340831001,
            0.01921207982549585,
            0.01993393014944809,
            0.01625831951429424,
            0.021652812269136016,
            0.014818836525114856,
            0.014653105077880826,
            0.01858328375571307,
            0.014189568224522138,
            0.016053732490675997,
            0.015933083644735495,
            0.014900145137146154,
            0.01381108338038858,
            0.01342412306400483,
            0.011893177378285023,
            0.01439786004817867,
            0.013006033724391592,
            0.01453555265887961,
            0.013216659918847953,
            0.011309274508319209,
            0.011896959837039076,
            0.01214141960227939,
            0.011224538676251075,
            0.010853830852524327,
            0.0122500216714629,
            0.011097132620053055,
            0.012079901724870973,
            0.009893595185501924,
            0.011849208443953312,
            0.010195834760525962,
            0.009848592216120427,
            0.012019198521077985,
            0.008799449881543216,
            0.010363885591855707,
            0.010455687244838875,
            0.009555876035980983,
            0.009837745041776346,
            0.00763882113945373,
            0.011253404675666163,
            0.00574852254328489,
            0.013462948647611871,
            0.008141197600308049,
            0.007989011275004159,
            0.008843942709179766,
            0.010788809136639082,
            0.01083056308594515,
            0.007152832386977866,
            0.0076612655213741864,
            0.008604101657179303,
            0.009138984623258711
        ],
        "early_stop_epoch": 69,
        "best_epoch": 59,
        "best_loss": 0.00574852254328489,
        "final_test_loss": 0.16323010865598916,
        "final_test_accuracy": 97.0
    },
    "timestamps": {
        "start_time": "2025-02-15 22:48:23",
        "end_time": "2025-02-15 22:49:58",
        "training_duration": "0:01:35"
    }
}