{
    "hyperparameters": {
        "harmonic": false,
        "n": null,
        "temperature": 1.0,
        "hidden_dim": 400,
        "epochs": 100,
        "patience": 10,
        "min_delta": 0.0001,
        "batch_size": 64,
        "learning_rate": 0.001,
        "run_name": null
    },
    "training_history": {
        "epoch_losses": [
            1.5549249520052726,
            0.7442917035205532,
            0.46766364301191465,
            0.3621183794889369,
            0.312791393215913,
            0.28427081459017195,
            0.2645389022929137,
            0.2479917152858238,
            0.2374456238343136,
            0.2273277383623347,
            0.22080713668182841,
            0.21332484068297375,
            0.20817326948142,
            0.20211287284258014,
            0.19660027280672274,
            0.1920370464759277,
            0.1870274663027098,
            0.18268848080307182,
            0.17917694140479826,
            0.17490121185866944,
            0.17000023387213634,
            0.16778918295534753,
            0.16415243485430156,
            0.16085774062086206,
            0.15788077295565212,
            0.1555142355348065,
            0.15316039383876076,
            0.1508925440393563,
            0.14903269171007852,
            0.1469254012026989,
            0.14518324267675184,
            0.14280521398338714,
            0.14073339908489033,
            0.1387041393897808,
            0.136705890345548,
            0.13518574480404225,
            0.13312958742378714,
            0.13134931428715396,
            0.13050075286209012,
            0.12786760873425362,
            0.12630186099777502,
            0.1248634489966052,
            0.12353050244300923,
            0.12198667651487154,
            0.12074142419048019,
            0.11910176218878518,
            0.11833386934662202,
            0.11665945867203605,
            0.11621378973793628,
            0.11516987242356641,
            0.11369744224894816,
            0.11267007062874877,
            0.11172253177213326,
            0.11021179571422114,
            0.1091222560176177,
            0.10814552526694657,
            0.10779522317769463,
            0.10660928847995013,
            0.1063341724682353,
            0.10503706852617517,
            0.10408154972044549,
            0.10304727443337028,
            0.10147209793700576,
            0.10128786480788991,
            0.10022714516437893,
            0.09974491293492443,
            0.09880383774143721,
            0.09826884677669387,
            0.09801230793779116,
            0.09734834155151204,
            0.09619155852124095,
            0.09634669742652222,
            0.09496643200520673,
            0.09406855545524977,
            0.09357425303700795,
            0.09276221440817073,
            0.09202601399415655,
            0.09212745981179733,
            0.09074737952609084,
            0.09131884270274182,
            0.09051255757477619,
            0.08966413943736411,
            0.0890716835359997,
            0.08883971117659291,
            0.08834858276873335,
            0.08791436878706156,
            0.08721849456407638,
            0.08599445692348931,
            0.08634777228757025,
            0.0858253982039228,
            0.0842321086947971,
            0.08467427881480233,
            0.08426426474733759,
            0.08402800136235858,
            0.08312522049055997,
            0.08296113720050514,
            0.0822497373799295,
            0.08122506857897316,
            0.08189839165387695,
            0.0809881679221257
        ],
        "early_stop_epoch": null,
        "best_epoch": 99,
        "best_loss": 0.0809881679221257,
        "final_test_loss": 0.1934761732816696,
        "final_test_accuracy": 95.01
    },
    "timestamps": {
        "start_time": "2025-02-15 23:25:30",
        "end_time": "2025-02-15 23:28:12",
        "training_duration": "0:02:42"
    }
}