{
    "hyperparameters": {
        "harmonic": false,
        "n": null,
        "epochs": 100,
        "patience": 10,
        "min_delta": 0.0001,
        "batch_size": 64,
        "learning_rate": 0.001,
        "run_name": null
    },
    "training_history": {
        "epoch_losses": [
            1.6265942192535157,
            0.9014582508789705,
            0.6614909581919469,
            0.5696285588781971,
            0.5249848496367429,
            0.49656605548950145,
            0.47088906607394027,
            0.4450843773448645,
            0.4232474284004301,
            0.4060348799900968,
            0.38955379795354567,
            0.36719973420283436,
            0.33285291296745667,
            0.30379950903308417,
            0.2846873940737136,
            0.26944443218902486,
            0.25809826709028244,
            0.2476985735107841,
            0.23931321662181476,
            0.23136034607490116,
            0.2240085752645154,
            0.21897291405988273,
            0.21366929627462491,
            0.20936160335646892,
            0.20522579271544908,
            0.2014682428923243,
            0.1975597542946908,
            0.1935575452289665,
            0.18982131755364728,
            0.18663561465675388,
            0.18307776802749648,
            0.18048227184823454,
            0.1775017158070734,
            0.17494804731437139,
            0.1719139573225843,
            0.16930599463408563,
            0.1667796683364681,
            0.16406632227890655,
            0.16226981126510703,
            0.16064717213529894,
            0.15891358377074383,
            0.15627395386285364,
            0.15535185246198163,
            0.15429113720104828,
            0.1516065912019374,
            0.15026928112307972,
            0.14959966578383818,
            0.14775432763434548,
            0.14643163675827575,
            0.14440826241816604,
            0.14404559741293127,
            0.14248301954999534,
            0.1410962074860009,
            0.1398841124683269,
            0.13832645295565127,
            0.13829776278134984,
            0.13632046404296655,
            0.13566846029956076,
            0.13513347088321567,
            0.13382629931235174,
            0.1323788561054003,
            0.1314295872346933,
            0.1310980554038623,
            0.12974397125028408,
            0.12897195538152445,
            0.12822049245266104,
            0.12710811900916194,
            0.12578305427028713,
            0.1255643685906331,
            0.12451029192211467,
            0.12347224149217548,
            0.12318546911264693,
            0.12259782969987373,
            0.12127903038695423,
            0.12140230378751625,
            0.12076940704812246,
            0.11973137206940064,
            0.11864070814829678,
            0.11800963203829806,
            0.11775638176195784,
            0.11687164472690079,
            0.11625926177114693,
            0.11566617758249614,
            0.11412417092847067,
            0.1138761562706311,
            0.1135459125850167,
            0.11192925104688702,
            0.1114972258018437,
            0.11117439159352992,
            0.11032737989915904,
            0.10966673700500336,
            0.10955925056957073,
            0.10851439057207947,
            0.1076195358858704,
            0.10789074450691562,
            0.10651644105925712,
            0.10650560370624573,
            0.10605325075938726,
            0.10517936623764476,
            0.10420474146149242
        ],
        "early_stop_epoch": null,
        "best_epoch": 99,
        "best_loss": 0.10420474146149242,
        "final_test_loss": 0.19961097463965416,
        "final_test_accuracy": 94.8
    },
    "timestamps": {
        "start_time": "2025-02-15 21:32:46",
        "end_time": "2025-02-15 21:35:00",
        "training_duration": "0:02:14"
    }
}