{
    "train_loss": [
        2.0135023839665815,
        1.5286752499675298,
        1.1717072749307371,
        0.9910832989554834,
        0.8858087071310288,
        0.8204664343623753,
        0.7758911664452033,
        0.7476974785045425,
        0.7204998641217489,
        0.6779177974185673,
        0.6293424129203598,
        0.582549965282752,
        0.5364190208685906,
        0.5006287751180866,
        0.47011911876111234,
        0.44644661177108635,
        0.4319727531682824,
        0.4235082508828403,
        0.4071316120183863,
        0.400385547376357,
        0.3891508204606472,
        0.38448365015017477,
        0.36588491231061837,
        0.36210196768926783,
        0.3345704229098361,
        0.3374147267208845,
        0.32644556226182325,
        0.3141815217820954,
        0.3070751366810211,
        0.30491356551647186,
        0.29862064615739464,
        0.2939172354284056,
        0.29360534663872695,
        0.2851364489697732,
        0.27892056132238624,
        0.27600026912810677,
        0.26809712280453096,
        0.2638218547813418,
        0.2586024637682743,
        0.2614878693251248,
        0.2611322237169856,
        0.25026949216121747,
        0.25385861831465606,
        0.2420614032313157
    ],
    "train_acc": [
        46.17777777777778,
        59.0462962962963,
        62.80185185185185,
        63.25555555555555,
        64.02407407407408,
        64.26296296296296,
        64.6962962962963,
        65.53703703703704,
        71.23518518518519,
        78.25555555555556,
        81.14259259259259,
        84.47592592592592,
        85.20370370370371,
        85.52777777777777,
        85.93703703703704,
        86.39259259259259,
        86.35925925925926,
        86.32592592592593,
        86.57962962962964,
        86.46851851851852,
        86.62407407407407,
        86.53333333333333,
        86.88518518518518,
        87.73518518518519,
        89.4037037037037,
        89.74814814814815,
        90.0037037037037,
        90.16851851851852,
        90.29814814814814,
        90.18518518518519,
        90.28888888888889,
        90.28333333333333,
        90.13888888888889,
        90.17777777777778,
        90.31111111111112,
        90.4962962962963,
        91.08148148148148,
        91.2,
        91.57592592592593,
        91.20555555555555,
        91.13333333333334,
        91.38888888888889,
        91.17037037037036,
        91.53518518518518
    ],
    "val_loss": [
        1.736061190037017,
        1.279930091918783,
        1.0045076887658302,
        0.8506788421184459,
        0.7376176385169334,
        0.6730929181930867,
        0.642393576337936,
        0.6018812738834544,
        0.5620598850098062,
        0.517800840925663,
        0.463066816964048,
        0.40311376972401397,
        0.35836493778736034,
        0.3156081631462625,
        0.2902449515271694,
        0.2699942969261332,
        0.25780598153459267,
        0.2597185198930984,
        0.2283660278041312,
        0.21287182195389526,
        0.20623584440413942,
        0.19755025968906728,
        0.1936137726966371,
        0.17444993634807301,
        0.16963982534535388,
        0.15948614129360686,
        0.1627170571938474,
        0.150905375785016,
        0.16374909925333997,
        0.14486769642284575,
        0.14936922783864306,
        0.1253618889666618,
        0.12386998890879307,
        0.14182855799160105,
        0.12680811490467253,
        0.13534714162666747,
        0.12434844886685939,
        0.12123541636986936,
        0.11864904389577977,
        0.1259955609256917,
        0.1232873076137076,
        0.13481908299504441,
        0.12483208868256275,
        0.12230251662116101
    ],
    "val_acc": [
        60.766666666666666,
        66.75,
        67.66666666666667,
        68.5,
        68.88333333333334,
        69.71666666666667,
        69.71666666666667,
        69.98333333333333,
        86.51666666666667,
        88.4,
        94.48333333333333,
        96.38333333333334,
        96.56666666666666,
        96.9,
        97.11666666666666,
        97.05,
        96.85,
        96.5,
        97.13333333333334,
        97.16666666666667,
        97.28333333333333,
        97.31666666666666,
        97.26666666666667,
        97.63333333333334,
        97.51666666666667,
        97.48333333333333,
        97.4,
        97.53333333333333,
        97.18333333333334,
        97.35,
        97.36666666666666,
        97.88333333333334,
        98.01666666666667,
        97.58333333333333,
        97.71666666666667,
        97.78333333333333,
        97.56666666666666,
        97.9,
        97.78333333333333,
        97.73333333333333,
        97.81666666666666,
        97.51666666666667,
        98.0,
        97.91666666666667
    ],
    "test_loss": 0.12115213048608997,
    "test_acc": 97.78,
    "metadata": {
        "timestamp": "2025-02-20T21:35:22.711696",
        "run_name": "0220213522_BaseMLP_RescaledReLU_searing-barrel",
        "model_config": {
            "class_name": "BaseMLP",
            "input_dim": 784,
            "hidden_dims": [
                512,
                256,
                128,
                64
            ],
            "output_dim": 10,
            "activation_type": "RescaledReLU",
            "dropout_prob": 0.1,
            "store_activations": true,
            "num_parameters": 575050,
            "num_trainable_parameters": 575050
        },
        "training_config": {
            "batch_size": 128,
            "learning_rate": 0.001,
            "optimizer": {
                "class_name": "Adam",
                "parameters": null
            },
            "criterion": "CrossEntropyLoss",
            "device": "cpu"
        },
        "dataset_info": {
            "name": "MNIST",
            "train_size": 54000,
            "val_size": 6000,
            "test_size": 10000,
            "input_shape": [
                1,
                28,
                28
            ],
            "num_classes": 10
        },
        "system_info": {
            "python_version": "3.12.6 (main, Sep  6 2024, 19:03:47) [Clang 15.0.0 (clang-1500.3.9.4)]",
            "pytorch_version": "2.6.0",
            "cuda_available": false,
            "cuda_version": null,
            "platform": "macOS-15.1-arm64-arm-64bit",
            "cpu_count": "arm64",
            "processor": "arm"
        },
        "git_info": {
            "commit_hash": "15e48a32d31478ac54b6c3350a900b9f6e2bcba1",
            "branch": "main",
            "is_dirty": true
        },
        "tags": [
            "layers_4",
            "dropout_0.1",
            "activation_RescaledReLU_eps_1e-10"
        ],
        "final_metrics": {
            "best_val_loss": 0.11864904389577977,
            "best_val_acc": 98.01666666666667,
            "best_epoch": 38,
            "total_epochs": 44,
            "training_duration": 126.9477,
            "test_loss": 0.12115213048608997,
            "test_acc": 97.78
        },
        "weight_analysis": {
            "network.linear_0.weight": {
                "mean": 0.007352689281105995,
                "std": 0.06498898565769196,
                "min": -1.0897008180618286,
                "max": 0.6313772201538086,
                "norm": 41.43698501586914,
                "sparsity": 0.0
            },
            "network.linear_1.weight": {
                "mean": -0.007859976030886173,
                "std": 0.0654989629983902,
                "min": -0.8729761838912964,
                "max": 0.591908872127533,
                "norm": 23.88311767578125,
                "sparsity": 0.0
            },
            "network.linear_2.weight": {
                "mean": -0.01167007815092802,
                "std": 0.08906802535057068,
                "min": -0.6642628312110901,
                "max": 0.6126547455787659,
                "norm": 16.26058578491211,
                "sparsity": 0.0
            },