{
    "train_loss": [
        2.29949153430089,
        2.2657335075721923,
        2.108921088596091,
        1.916637194382636,
        1.8374558882125747,
        1.817681160300829,
        1.809282244664233,
        1.804423556508611,
        1.8012088921397784,
        1.7989101731946684,
        1.7972073868552656,
        1.7958603936349047,
        1.7948142733619112,
        1.7939523622322986,
        1.7932677311354903,
        1.792680459564896,
        1.7921816890273614,
        1.7917575844656235,
        1.791408737688833,
        1.7910968844924493,
        1.7908369802750683,
        1.7906313301262697,
        1.7904149587685463,
        1.7902243710807149,
        1.790074006923567,
        1.7899425733145944,
        1.789796339392097,
        1.7896853611932546,
        1.7895936530913221,
        1.789527061991217,
        1.7894342996497854,
        1.7893651026120119,
        1.789303134685444,
        1.7892404289042214,
        1.7891866638197154,
        1.789141457227734,
        1.789088542427497,
        1.789077329409631,
        1.789009223334597,
        1.7889784611231907,
        1.7889531226519724,
        1.788899784687006,
        1.7888666213406206,
        1.7888453964373512,
        1.7888332071462514,
        1.7887886943410358,
        1.7887883056396556,
        1.7887570722408204,
        1.788733902418218,
        1.7887294190754823
    ],
    "train_acc": [
        83.7462962962963,
        82.38333333333334,
        70.41851851851852,
        69.51666666666667,
        70.71296296296296,
        71.0111111111111,
        71.10185185185185,
        71.14074074074074,
        71.12222222222222,
        71.16851851851852,
        71.1574074074074,
        71.18703703703704,
        71.18333333333334,
        71.18703703703704,
        71.20185185185186,
        71.2,
        71.18333333333334,
        71.23518518518519,
        71.2462962962963,
        71.22592592592592,
        71.22962962962963,
        71.31296296296296,
        71.2462962962963,
        71.27592592592593,
        71.30740740740741,
        71.28518518518518,
        71.24259259259259,
        71.33518518518518,
        71.30740740740741,
        71.28518518518518,
        71.33333333333333,
        71.31481481481481,
        71.27222222222223,
        71.28888888888889,
        71.31666666666666,
        71.30555555555556,
        71.3037037037037,
        71.29814814814814,
        71.3037037037037,
        71.32777777777778,
        71.32037037037037,
        71.3037037037037,
        71.32407407407408,
        71.31481481481481,
        71.31666666666666,
        71.32777777777778,
        71.29444444444445,
        71.3425925925926,
        71.2925925925926,
        71.31111111111112
    ],
    "val_loss": [
        2.292944755960018,
        2.2165877362515065,
        1.9902480054408946,
        1.8589912576878325,
        1.8241482592643576,
        1.8127151499403285,
        1.8067812894253021,
        1.8028740020508462,
        1.8002813166760383,
        1.7983257466174187,
        1.7968449922318155,
        1.795674663908938,
        1.794740121415321,
        1.7939909113214372,
        1.793414128587601,
        1.7928715310198196,
        1.7924123748819878,
        1.7921547889709473,
        1.7918036440585523,
        1.7914698859478564,
        1.7912549718897393,
        1.791027287219433,
        1.7908915788569348,
        1.7907194583973987,
        1.7906297039478383,
        1.7905224054417712,
        1.7903120796731178,
        1.7903133757570957,
        1.7902364274288745,
        1.7901410067335088,
        1.7900549705992355,
        1.790060672354191,
        1.789936273655993,
        1.7899172737243327,
        1.7898787336146578,
        1.7898600507289806,
        1.789816364328912,
        1.7898054833107806,
        1.78975188985784,
        1.7897233760103266,
        1.789699044633419,
        1.789610520322272,
        1.7895556460035609,
        1.7896450960889776,
        1.7896275114505849,
        1.7895492974748002,
        1.7895420130262985,
        1.78956904563498,
        1.7896113243508847,
        1.7895541850556718
    ],
    "val_acc": [
        86.05,
        76.78333333333333,
        68.13333333333334,
        69.83333333333333,
        71.06666666666666,
        71.08333333333333,
        71.31666666666666,
        71.38333333333334,
        71.35,
        71.53333333333333,
        71.61666666666666,
        71.55,
        71.55,
        71.56666666666666,
        71.58333333333333,
        71.48333333333333,
        71.5,
        71.48333333333333,
        71.6,
        71.58333333333333,
        71.5,
        71.55,
        71.43333333333334,
        71.63333333333334,
        71.48333333333333,
        71.48333333333333,
        71.48333333333333,
        71.46666666666667,
        71.48333333333333,
        71.51666666666667,
        71.53333333333333,
        71.51666666666667,
        71.41666666666667,
        71.41666666666667,
        71.41666666666667,
        71.56666666666666,
        71.46666666666667,
        71.51666666666667,
        71.45,
        71.38333333333334,
        71.48333333333333,
        71.5,
        71.46666666666667,
        71.5,
        71.41666666666667,
        71.55,
        71.43333333333334,
        71.4,
        71.6,
        71.45
    ],
    "test_loss": 1.7822601885735234,
    "test_acc": 71.5,
    "metadata": {
        "timestamp": "2025-02-21T15:14:55.653333",
        "run_name": "0221151455_BaseMLP_SparseMax_salty-lien",
        "model_config": {
            "class_name": "BaseMLP",
            "input_dim": 784,
            "hidden_dims": [
                512
            ],
            "output_dim": 10,
            "activation_type": "SparseMax",
            "dropout_prob": 0.0,
            "store_activations": true,
            "num_parameters": 406528,
            "num_trainable_parameters": 406528
        },
        "training_config": {
            "batch_size": 128,
            "learning_rate": 0.001,
            "optimizer": {
                "class_name": "Adam",
                "parameters": null
            },
            "criterion": "CrossEntropyLoss",
            "device": "cpu"
        },
        "dataset_info": {
            "name": "MNIST",
            "train_size": 54000,
            "val_size": 6000,
            "test_size": 10000,
            "input_shape": [
                1,
                28,
                28
            ],
            "num_classes": 10
        },
        "system_info": {
            "python_version": "3.12.6 (main, Sep  6 2024, 19:03:47) [Clang 15.0.0 (clang-1500.3.9.4)]",
            "pytorch_version": "2.6.0",
            "cuda_available": false,
            "cuda_version": null,
            "platform": "macOS-15.1-arm64-arm-64bit",
            "cpu_count": "arm64",
            "processor": "arm"
        },
        "git_info": {
            "commit_hash": "e002b61e0f49ed24cde6d4c5b63a2d8ef535d0f8",
            "branch": "main",
            "is_dirty": true
        },
        "tags": [
            "stochastic_layers_1",
            "activation_SparseMax_layer_temperature_0.5"
        ],
        "final_metrics": {
            "best_val_loss": 1.7895420130262985,
            "best_val_acc": 86.05,
            "best_epoch": 46,
            "total_epochs": 50,
            "training_duration": 151.048808,
            "test_loss": 1.7822601885735234,
            "test_acc": 71.5
        },
        "weight_analysis": {
            "network.linear_0.raw_weight": {
                "mean": -0.07840883731842041,
                "std": 0.6339758634567261,
                "min": -6.241064071655273,
                "max": 2.496443748474121,
                "norm": 404.6935119628906,
                "sparsity": 0.0
            },
            "network.linear_1.raw_weight": {
                "mean": -3.5921149253845215,
                "std": 0.6202679872512817,