{
    "hyperparameters": {
        "harmonic": false,
        "n": null,
        "temperature": 0.2,
        "hidden_dim": 400,
        "epochs": 100,
        "patience": 10,
        "min_delta": 0.0001,
        "batch_size": 64,
        "learning_rate": 0.001,
        "run_name": null
    },
    "training_history": {
        "epoch_losses": [
            1.5849411922223025,
            0.7633590947971669,
            0.4615483438409468,
            0.3466734383215528,
            0.2941187040240907,
            0.2630372539813966,
            0.24276076543972944,
            0.22880897433487082,
            0.21993851586620308,
            0.20807487037437938,
            0.20139238856502498,
            0.19541714432190604,
            0.19141232687979937,
            0.18877041193722152,
            0.1829945207920982,
            0.17660011733963546,
            0.17257543243586954,
            0.17235745786667378,
            0.16638390035795442,
            0.16740341668825415,
            0.1600531428190532,
            0.16000115508432072,
            0.1554532411442732,
            0.15256009945300406,
            0.15122732232565056,
            0.14547964261332427,
            0.14439633479917735,
            0.14394316732732534,
            0.1408310572741859,
            0.1389967297295184,
            0.136782895499614,
            0.13396541892822936,
            0.1342059852523622,
            0.13223424363932978,
            0.1308296390239205,
            0.12610951015181632,
            0.12733358696802086,
            0.12663866978273716,
            0.12547443939376868,
            0.12277284151971785,
            0.12143826330982165,
            0.12181521990378179,
            0.12091525194288762,
            0.11717404217433447,
            0.1143222842166927,
            0.11498956056311727,
            0.11248245400323002,
            0.11234366045152741,
            0.10988169219563289,
            0.10777319644861766,
            0.10917919082070655,
            0.1072100023202884,
            0.1080222146690829,
            0.1087969174501357,
            0.10354670914394387,
            0.10260137987595155,
            0.10154600907911433,
            0.10177624869698496,
            0.10085700100748492,
            0.09878036580574728,
            0.0984161423275005,
            0.09649204974894775,
            0.09636472941421942,
            0.09726205063479415,
            0.09536980664325771,
            0.09545009602000241,
            0.09409487609868683,
            0.0927477613883788,
            0.0918641201168823,
            0.09028495711856273,
            0.091052249435391,
            0.09085202505534042,
            0.0880301449207593,
            0.08813425458109836,
            0.0885390041253047,
            0.0867663379411088,
            0.08527746919129513,
            0.08780875152497213,
            0.08771218610669314,
            0.087216889693229,
            0.08676517778225164,
            0.08583119058502969,
            0.08974001442552852,
            0.08565120872205445,
            0.08193509508249984,
            0.08350814239822947,
            0.08594525473684803,
            0.0826552206946255,
            0.08250661909893982,
            0.0841990578343778,
            0.08022181325748975,
            0.0806490270160774,
            0.0807496328725974,
            0.08036810830622705,
            0.07945391446101799,
            0.08078068323723321,
            0.07912335463904782,
            0.07671056929499165,
            0.0797953562560811,
            0.07853636515737851
        ],
        "early_stop_epoch": null,
        "best_epoch": 97,
        "best_loss": 0.07671056929499165,
        "final_test_loss": 0.23958154171705245,
        "final_test_accuracy": 95.12
    },
    "timestamps": {
        "start_time": "2025-02-15 23:42:47",
        "end_time": "2025-02-15 23:45:26",
        "training_duration": "0:02:39"
    }
}