{
    "hyperparameters": {
        "harmonic": false,
        "n": null,
        "temperature": 0.5,
        "hidden_dim": 400,
        "epochs": 100,
        "patience": 10,
        "min_delta": 0.0001,
        "batch_size": 64,
        "learning_rate": 0.001,
        "run_name": null
    },
    "training_history": {
        "epoch_losses": [
            1.5440517689373447,
            0.7382950140024299,
            0.44959828743675373,
            0.33867937138181,
            0.2893838681487132,
            0.2614623566648599,
            0.2429350658433079,
            0.22891615855811373,
            0.2190456494553956,
            0.20860302333694214,
            0.20103733349186398,
            0.19440930687399435,
            0.1874734489922362,
            0.18205487777762958,
            0.17702733824597494,
            0.17357483414460473,
            0.16758782595697877,
            0.1640870014924421,
            0.16082358975479724,
            0.15707433498355308,
            0.15374841652055984,
            0.1501352336736265,
            0.14808698812785592,
            0.1449598068905585,
            0.141176194482759,
            0.1393262057779615,
            0.1366131562394088,
            0.13507289368150902,
            0.1324396695731196,
            0.1308549663016219,
            0.1284461610221755,
            0.12665322733554504,
            0.1262361361319497,
            0.12372077367643812,
            0.12263770841919919,
            0.12067989480874336,
            0.1195559775683163,
            0.11788099705338922,
            0.11610133102290761,
            0.11513385497458549,
            0.11267536337068404,
            0.11228680956377976,
            0.11230273454982255,
            0.11053155233630779,
            0.11011826802493889,
            0.10811989924667884,
            0.10684361121257835,
            0.10656143322305035,
            0.10665366340424619,
            0.1047670555992056,
            0.10424718759340375,
            0.10348588529565154,
            0.10228836754047031,
            0.10123973201487714,
            0.10036774385752263,
            0.09931501762411281,
            0.09978770048939374,
            0.0992739903154785,
            0.09812838303745348,
            0.09684244116722568,
            0.09695333871704492,
            0.09529802799999301,
            0.09569758620323625,
            0.09506959208289284,
            0.093587686372762,
            0.09371683014376062,
            0.0928474771184549,
            0.09282172020119644,
            0.0915006571101831,
            0.09123006819594484,
            0.0899865947671727,
            0.08968749728454932,
            0.08955589791875022,
            0.08940811296537725,
            0.08866071783657521,
            0.08818263379878788,
            0.08776443584838005,
            0.08768771967983671,
            0.08627510352084028,
            0.085302046478303,
            0.08652781763834867,
            0.08606557825953563,
            0.08501949539578864,
            0.08549538076863185,
            0.08395870805813321,
            0.08376093397884052,
            0.08430100000177476,
            0.08238658584010944,
            0.0833789407477172,
            0.08257656762185794,
            0.08162965754301214,
            0.08092604522734309,
            0.08030424402730821,
            0.07926421153790025,
            0.08042947394199479,
            0.07913243799194344,
            0.07989027673976301,
            0.0789802045713284,
            0.07807384296628173,
            0.07908879615801341
        ],
        "early_stop_epoch": null,
        "best_epoch": 98,
        "best_loss": 0.07807384296628173,
        "final_test_loss": 0.219485529512167,
        "final_test_accuracy": 94.87
    },
    "timestamps": {
        "start_time": "2025-02-15 23:45:39",
        "end_time": "2025-02-15 23:47:58",
        "training_duration": "0:02:19"
    }
}