{
    "hyperparameters": {
        "harmonic": true,
        "n": 28.0,
        "temperature": 0.001,
        "hidden_dim": 100,
        "epochs": 100,
        "patience": 10,
        "min_delta": 0.0001,
        "batch_size": 64,
        "learning_rate": 0.001,
        "run_name": null
    },
    "training_history": {
        "epoch_losses": [
            1.8081779214364888,
            1.5796916693258387,
            1.489736804067453,
            1.4122415404202842,
            1.431462596982781,
            1.426657144321816,
            1.4749406473214692,
            1.364785034900535,
            1.3162885380070855,
            1.319567760679005,
            1.357896279996392,
            1.4110937098196066,
            1.374479595849763,
            1.3872035358633314,
            1.4363208437270956,
            1.3800242363389876,
            1.3058392865571387,
            1.228085070848465,
            1.247473467641802,
            1.2306970024922255,
            1.2462644798160871,
            1.2950853251063748,
            1.3031870064450735,
            1.2372071504719984,
            1.1962056496123006,
            1.2041382141458963,
            1.2051876958118064,
            1.2113155651448377,
            1.2137583951070618,
            1.18089423377885,
            1.1757708462570775,
            1.1977242435346533,
            1.254450701637817,
            1.1596310853576863,
            1.1237876188399187,
            1.1483521727737842,
            1.1473923755098763,
            1.1536853831968328,
            1.1375324451592939,
            1.1179054903704475,
            1.0897786141331516,
            1.110717955555743,
            1.0806303303887341,
            1.1185510124224844,
            1.09367273141072,
            1.0668021873878772,
            1.0683150469367184,
            1.1213067692480108,
            1.0983725742998915,
            1.0922475834009744,
            1.0858619001501404,
            1.126199299529163,
            1.1030618057195059,
            1.1073652677444508,
            1.0583011590595692,
            1.0738429085913497,
            1.0367310491324997,
            1.0611591356268315,
            1.0721860244901957,
            1.0896775259900449,
            1.0396819520098315,
            1.0554137744629053,
            1.1846322422342768,
            1.1277142563608409,
            1.140586003565839,
            1.1020658948401143,
            1.1038926451572224
        ],
        "early_stop_epoch": 66,
        "best_epoch": 56,
        "best_loss": 1.0367310491324997,
        "final_test_loss": 1.101957583427429,
        "final_test_accuracy": 59.78
    },
    "timestamps": {
        "start_time": "2025-02-15 22:31:50",
        "end_time": "2025-02-15 22:33:25",
        "training_duration": "0:01:35"
    }
}