{
    "hyperparameters": {
        "harmonic": true,
        "n": 28.0,
        "temperature": 0.2,
        "hidden_dim": 400,
        "epochs": 100,
        "patience": 10,
        "min_delta": 0.0001,
        "batch_size": 64,
        "learning_rate": 0.001,
        "run_name": null
    },
    "training_history": {
        "epoch_losses": [
            0.2993486807135535,
            0.18040109696045423,
            0.15394314536665962,
            0.13589266827230706,
            0.1303590386768362,
            0.11273964943398021,
            0.1093323960898321,
            0.1015049823950023,
            0.08994941873205846,
            0.09334212511446255,
            0.0855442457551907,
            0.08504455520916404,
            0.07967507050656625,
            0.07491194014288564,
            0.07494617255403599,
            0.07530837216978467,
            0.06686233015912674,
            0.06831699712544496,
            0.06416116130780548,
            0.0641154263251479,
            0.06270804399299795,
            0.05815569109304238,
            0.05789122898017428,
            0.060613607280830074,
            0.05843676749923662,
            0.051789872298416285,
            0.053310680987515936,
            0.05395962789814586,
            0.047342495019756146,
            0.047714442545141,
            0.05288983852456588,
            0.04363666413732167,
            0.04313663219206972,
            0.0489253831986608,
            0.04922226969344315,
            0.04317954409299597,
            0.04322329884805063,
            0.044802998196952215,
            0.04504810700859271,
            0.04608997399025142,
            0.045520799583507215,
            0.04074898903193111,
            0.04668028837815523,
            0.039838684118612966,
            0.03655214809344958,
            0.03989147440803899,
            0.03861435786855699,
            0.03720053629294387,
            0.03940291736753526,
            0.04116375952003909,
            0.03545862389989058,
            0.036221267973586144,
            0.035724582003880304,
            0.037222314702802656,
            0.040766912734762496,
            0.038665889648657074,
            0.03623750680429078,
            0.03868394164861972,
            0.03562230612128985,
            0.03232128266418881,
            0.03687889166454326,
            0.030660610508495396,
            0.03313826365127806,
            0.032861133444625365,
            0.03399865417433446,
            0.0333385243278388,
            0.033216862120543485,
            0.03418516437634766,
            0.03133542044410931,
            0.032049148885368396,
            0.03260427992840582,
            0.03162546977755735
        ],
        "early_stop_epoch": 71,
        "best_epoch": 61,
        "best_loss": 0.030660610508495396,
        "final_test_loss": 0.22067999020218848,
        "final_test_accuracy": 96.69
    },
    "timestamps": {
        "start_time": "2025-02-15 23:06:11",
        "end_time": "2025-02-15 23:08:07",
        "training_duration": "0:01:56"
    }
}