{
    "hyperparameters": {
        "harmonic": true,
        "n": 28.0,
        "temperature": 0.1,
        "hidden_dim": 100,
        "epochs": 100,
        "patience": 10,
        "min_delta": 0.0001,
        "batch_size": 64,
        "learning_rate": 0.001,
        "run_name": null
    },
    "training_history": {
        "epoch_losses": [
            0.639303321904465,
            0.3874873945247263,
            0.33925088320269003,
            0.3115898876556201,
            0.2943362592697652,
            0.28854944023178586,
            0.2736020025684,
            0.26715381930806614,
            0.2612297586294443,
            0.2594062489177436,
            0.25366883268202545,
            0.25047190529284385,
            0.2402872208362894,
            0.23513640354929574,
            0.23283905861998544,
            0.22680540127294468,
            0.21891098744523868,
            0.22118935398042583,
            0.2184645442871937,
            0.2141280816371507,
            0.21004172649655514,
            0.20987284922205818,
            0.20500667996482172,
            0.20095199147370388,
            0.198260272338764,
            0.19812840998951178,
            0.19961215369800514,
            0.19748263240360947,
            0.1928979569394737,
            0.1891969357873363,
            0.18714834987592976,
            0.1870113320783702,
            0.1861259345846898,
            0.1795996037194692,
            0.19061119729347192,
            0.18112442721086525,
            0.17461791943544264,
            0.1758260559211217,
            0.17296507055047097,
            0.17125085199764098,
            0.17206790829414942,
            0.17230118604015504,
            0.1713854107302802,
            0.1693889986493313,
            0.1640495460754487,
            0.1686190636749111,
            0.16281368594362475,
            0.1634771444582577,
            0.1587138024540042,
            0.1585291886239497,
            0.1591961176962709,
            0.158647681506021,
            0.15508514585724073,
            0.15264396347315995,
            0.1538267116338364,
            0.15326816896036236,
            0.15010016385926558,
            0.15168287733923208,
            0.1493319516072173,
            0.14721295345665963,
            0.14761142540218702,
            0.14702656202073863,
            0.14554474631677877,
            0.1451270064847397,
            0.1389667426944891,
            0.14508000004099314,
            0.14507681794011834,
            0.14504891411582035,
            0.1414483577134147,
            0.13732635353936123,
            0.14002168949729185,
            0.14098685286712767,
            0.14142679425675286,
            0.13683132050451693,
            0.1396532059529983,
            0.1392021831859753,
            0.13900620894216653,
            0.13661508624757657,
            0.1355988041672514,
            0.13653752188196283,
            0.13399097877743243,
            0.13103561264091432,
            0.12970604173251307,
            0.13500876250619223,
            0.12605307669615123,
            0.12500229757279158,
            0.12829122572803675,
            0.1365045387603676,
            0.13567356286502913,
            0.12986205263571668,
            0.12611795159608824,
            0.12985116977895947,
            0.1281618213952223,
            0.1274056446238129,
            0.12828387239816855,
            0.1295602134625509
        ],
        "early_stop_epoch": 95,
        "best_epoch": 85,
        "best_loss": 0.12500229757279158,
        "final_test_loss": 0.24976262971758842,
        "final_test_accuracy": 95.38
    },
    "timestamps": {
        "start_time": "2025-02-15 22:39:05",
        "end_time": "2025-02-15 22:41:20",
        "training_duration": "0:02:15"
    }
}