{
    "hyperparameters": {
        "harmonic": true,
        "n": 28.0,
        "temperature": 0.1,
        "hidden_dim": 400,
        "epochs": 100,
        "patience": 10,
        "min_delta": 0.0001,
        "batch_size": 64,
        "learning_rate": 0.001,
        "run_name": null
    },
    "training_history": {
        "epoch_losses": [
            0.44928761624069863,
            0.28774842212417484,
            0.2521706855873754,
            0.23182290037875491,
            0.2245579277282394,
            0.20612058570302688,
            0.20155968553801654,
            0.18938378281573623,
            0.1788938268542544,
            0.17890161300983543,
            0.17706951870322862,
            0.16867447670287034,
            0.1632536212379522,
            0.15735111163972793,
            0.1559349715805003,
            0.1509978213091331,
            0.14021903437290237,
            0.150379241924725,
            0.1444891848122832,
            0.1363996995746025,
            0.14281128979385344,
            0.13513421198960815,
            0.1328455289559705,
            0.1291521259807924,
            0.1259410993617052,
            0.12514732478917248,
            0.12459495116565336,
            0.12187355477263583,
            0.12085559504674569,
            0.11892587592952382,
            0.1250526136798121,
            0.11334504352521095,
            0.11243950119460507,
            0.11676770286944343,
            0.11511496033297101,
            0.12031718834476081,
            0.10871073546241532,
            0.11149401757727141,
            0.11408893462282413,
            0.10669238911941648,
            0.10261182734089445,
            0.10513948183010287,
            0.10174309507882132,
            0.09922244017328154,
            0.09887844962236692,
            0.09866570859952871,
            0.10132549819983304,
            0.09850453801635804,
            0.0934998891594361,
            0.09994098110628852,
            0.09979817588954593,
            0.095381436188882,
            0.09429859370688226,
            0.09692705731475547,
            0.09648929557044195,
            0.0836949727740258,
            0.09289529175211642,
            0.08837888882195613,
            0.08959709265892868,
            0.08639784410262286,
            0.08897660511569666,
            0.09567784931637775,
            0.08271714737033174,
            0.09608378163032504,
            0.08508258720071538,
            0.08948439467342884,
            0.08954855815263223,
            0.08100032664662692,
            0.08780587388516299,
            0.08403075075815561,
            0.08786153630701019,
            0.07996403785851369,
            0.08309462326449721,
            0.08335028829297293,
            0.08010030075607857,
            0.08397560044308938,
            0.07407453747094869,
            0.08741139321238485,
            0.07714134134423695,
            0.08440967334726297,
            0.07695319176738911,
            0.07695867699076499,
            0.07923644307905486,
            0.07635866176994291,
            0.07655265731915736,
            0.07392029640183392,
            0.075542262445059,
            0.07220168386413249,
            0.07758623332744326,
            0.0754528047525878,
            0.07419731216018659,
            0.06862263419955318,
            0.0736673051964984,
            0.07672187768872073,
            0.07808086280621636,
            0.07245046310504076,
            0.07561686705958758,
            0.07157161271275043,
            0.06996590727672124,
            0.07739224170259178
        ],
        "early_stop_epoch": null,
        "best_epoch": 91,
        "best_loss": 0.06862263419955318,
        "final_test_loss": 0.23562273159623146,
        "final_test_accuracy": 96.33
    },
    "timestamps": {
        "start_time": "2025-02-15 22:59:24",
        "end_time": "2025-02-15 23:02:19",
        "training_duration": "0:02:55"
    }
}