{
    "hyperparameters": {
        "harmonic": false,
        "n": null,
        "temperature": 0.01,
        "hidden_dim": 16,
        "epochs": 100,
        "patience": 10,
        "min_delta": 0.0001,
        "batch_size": 64,
        "learning_rate": 0.001,
        "run_name": null
    },
    "training_history": {
        "epoch_losses": [
            1.863045712650966,
            1.3632503116308754,
            1.2170728093017138,
            1.1604353669228584,
            1.1380707783612616,
            1.1201752001034426,
            1.1102850440341527,
            1.0937365056482204,
            1.0979852557563579,
            1.0858051795949306,
            1.0778977944652663,
            1.0784651861389054,
            1.0930801839716653,
            1.0811643413007894,
            1.0799748881030946,
            1.065668053210163,
            1.0645479802637974,
            1.0628964867291928,
            1.0416936275801425,
            0.9954476607506717,
            0.9597152875049282,
            0.9512297811665769,
            0.9290365003573615,
            0.9108067035420871,
            0.8567076916061739,
            0.7904338017582639,
            0.7371521997871175,
            0.693851056891972,
            0.6727748698135937,
            0.6688144132018343,
            0.6551336906929769,
            0.6466083113255023,
            0.6487655112229939,
            0.6453423512769915,
            0.6420541410443625,
            0.6420427343802158,
            0.6387727375287237,
            0.6336567502603856,
            0.6277982010833745,
            0.6355786831902542,
            0.6249846480230787,
            0.6375166065434912,
            0.631668416771299,
            0.6201412363537847,
            0.6219826275224625,
            0.6326776738487073,
            0.6331982327613241,
            0.6420293688011576,
            0.6304003327513046,
            0.6233518803234039,
            0.6266150056426205,
            0.6215032854441133,
            0.6207425161592488,
            0.6129594869069708,
            0.6134409197548559,
            0.6052402295728228,
            0.6180413467352832,
            0.6013945068822486,
            0.6124816023782372,
            0.6116736400356171,
            0.6132381240060842,
            0.6067145803907533,
            0.6105101032615471,
            0.6050547318799155,
            0.6115009235992614,
            0.6109168080251608,
            0.5952345696466563,
            0.6024655312109095,
            0.604373517988333,
            0.6182779227810373,
            0.6063754602726589,
            0.5980303892766489,
            0.5878470346554002,
            0.6016778008960711,
            0.5858937800883739,
            0.5908759682894007,
            0.5946800488907137,
            0.5848587267815686,
            0.5839174375223961,
            0.5816137045145289,
            0.5880490621206349,
            0.5844999166376301,
            0.5825875289817609,
            0.5853754006691579,
            0.5667835760281793,
            0.561901531938805,
            0.577205233228232,
            0.5553922925009402,
            0.5577459870053253,
            0.5644498208501955,
            0.5491103309589916,
            0.5532182334963955,
            0.5512781912869991,
            0.5452943714315703,
            0.5385442537062967,
            0.5513106956124814,
            0.5376375671992424,
            0.539657528259988,
            0.5315209583464716,
            0.533547482081949
        ],
        "early_stop_epoch": null,
        "best_epoch": 98,
        "best_loss": 0.5315209583464716,
        "final_test_loss": 0.5378699183464051,
        "final_test_accuracy": 82.57
    },
    "timestamps": {
        "start_time": "2025-02-15 23:57:31",
        "end_time": "2025-02-15 23:59:36",
        "training_duration": "0:02:05"
    }
}