{
    "train_loss": [
        2.298312572506367,
        2.2979570559415774,
        2.297949197733007,
        2.297943770038008,
        2.297943529359537,
        2.2979435734274265,
        2.2979437231452544,
        2.2979434056304644,
        2.297943292635877,
        2.2979433847264654,
        2.2979433383986847,
        2.2979433734270067,
        2.297943381901601,
        2.2979434056304644,
        2.2979431706017226,
        2.29794326438723,
        2.297943432749165,
        2.297943427099436,
        2.2979434067604103,
        2.297943467212514,
        2.2979432417883126,
        2.297943433879111
    ],
    "train_acc": [
        37.855555555555554,
        36.17407407407408,
        36.06666666666667,
        36.394444444444446,
        36.56111111111111,
        36.46296296296296,
        36.43333333333333,
        36.483333333333334,
        36.37407407407407,
        36.32037037037037,
        36.364814814814814,
        36.351851851851855,
        36.13703703703704,
        35.93333333333333,
        36.153703703703705,
        36.03148148148148,
        36.012962962962966,
        36.09074074074074,
        35.898148148148145,
        35.931481481481484,
        35.18333333333333,
        35.318518518518516
    ],
    "val_loss": [
        2.2980466649887408,
        2.2980457468235747,
        2.298040988597464,
        2.2980409480155783,
        2.2980408922154854,
        2.2980408668518066,
        2.2980408516335995,
        2.298040856706335,
        2.2980408364153924,
        2.2980408871427493,
        2.298040826269921,
        2.2980408211971852,
        2.2980408211971852,
        2.298040826269921,
        2.298040816124449,
        2.2980408364153924,
        2.2980408110517136,
        2.2980408110517136,
        2.298040846560864,
        2.2980408364153924,
        2.298040846560864,
        2.2980408516335995
    ],
    "val_acc": [
        35.983333333333334,
        35.46666666666667,
        35.78333333333333,
        35.78333333333333,
        35.916666666666664,
        35.93333333333333,
        35.78333333333333,
        35.766666666666666,
        35.7,
        35.65,
        35.75,
        35.86666666666667,
        34.96666666666667,
        35.166666666666664,
        35.6,
        35.21666666666667,
        34.666666666666664,
        34.733333333333334,
        35.21666666666667,
        34.65,
        33.86666666666667,
        34.1
    ],
    "test_loss": 2.297980260245408,
    "test_acc": 33.87,
    "metadata": {
        "timestamp": "2025-02-25T02:09:46.633124",
        "run_name": "0225020946_BaseMLP_StochasticLayer_marked-meridian",
        "model_config": {
            "class_name": "BaseMLP",
            "input_dim": 784,
            "hidden_dims": [
                512,
                256,
                128
            ],
            "output_dim": 10,
            "activation_type": "StochasticLayer",
            "dropout_prob": 0.0,
            "store_activations": true,
            "num_parameters": 566528,
            "num_trainable_parameters": 566528
        },
        "training_config": {
            "batch_size": 128,
            "learning_rate": 0.001,
            "optimizer": {
                "class_name": "Adam",
                "parameters": null
            },
            "criterion": "CrossEntropyLoss",
            "device": "cpu"
        },
        "dataset_info": {
            "name": "MNIST",
            "train_size": 54000,
            "val_size": 6000,
            "test_size": 10000,
            "input_shape": [
                1,
                28,
                28
            ],
            "num_classes": 10
        },
        "system_info": {
            "python_version": "3.12.6 (main, Sep  6 2024, 19:03:47) [Clang 15.0.0 (clang-1500.3.9.4)]",
            "pytorch_version": "2.6.0",
            "cuda_available": false,
            "cuda_version": null,
            "platform": "macOS-15.1-arm64-arm-64bit",
            "cpu_count": "arm64",
            "processor": "arm"
        },
        "git_info": {
            "commit_hash": "a3b0a5e3f94443cb345268bf1f25446ff58657b8",
            "branch": "main",
            "is_dirty": true
        },
        "tags": [
            "stochastic_layers_3",
            "activation_NoActivation_layer_temperature_0.01"
        ],
        "final_metrics": {
            "best_val_loss": 2.2980408110517136,
            "best_val_acc": 35.983333333333334,
            "best_epoch": 16,
            "total_epochs": 22,
            "training_duration": 73.042404,
            "test_loss": 2.297980260245408,
            "test_acc": 33.87
        },
        "weight_analysis": {
            "network.linear_0.raw_weight": {
                "mean": -0.010534551925957203,
                "std": 0.03281109035015106,
                "min": -0.07287175953388214,
                "max": 0.22259801626205444,
                "norm": 21.83310317993164,
                "sparsity": 0.0,
                "has_negative": true,
                "percent_negative": 61.93423843383789,
                "shape": [
                    512,
                    784
                ],
                "num_params": 401408
            },
            "network.linear_1.raw_weight": {
                "mean": -0.006670945789664984,
                "std": 0.04680342972278595,
                "min": -0.08845847100019455,
                "max": 0.2521601915359497,
                "norm": 17.115802764892578,
                "sparsity": 0.0,
                "has_negative": true,
                "percent_negative": 54.217529296875,
                "shape": [
                    256,
                    512
                ],
                "num_params": 131072
            },
            "network.linear_2.raw_weight": {
                "mean": -0.004704623483121395,
                "std": 0.06870150566101074,
                "min": -0.1249944418668747,
                "max": 0.25089046359062195,
                "norm": 12.465237617492676,
                "sparsity": 0.0,
                "has_negative": true,
                "percent_negative": 52.0233154296875,
                "shape": [
                    128,
                    256
                ],
                "num_params": 32768
            },
            "network.linear_3.raw_weight": {
                "mean": -0.0170432236045599,
                "std": 0.10048440098762512,
                "min": -0.20840337872505188,
                "max": 0.30857351422309875,
                "norm": 3.644998788833618,
                "sparsity": 0.0,
                "has_negative": true,
                "percent_negative": 49.296875,
                "shape": [
                    10,
                    128
                ],
                "num_params": 1280
            }
        },
        "activation_analysis": {
            "pre_activation:network.linear_0_preact": {
                "avg_means": 0.6573072139253008,
                "std_means": 0.028974290129151623,
                "avg_stds": 1.0745130802722687,
                "std_stds": 0.01091956404565101,
                "avg_sparsity": 0.0,
                "std_sparsity": 0.0,
                "avg_mins": -0.4242129921913147,
                "std_mins": 0.0,
                "avg_maxs": 2.821486731793018,
                "std_maxs": 6.652830534084808e-08,
                "avg_sum": 42954.3124168883
            },
            "pre_activation:network.linear_1_preact": {
                "avg_means": 0.7359827820290911,
                "std_means": 0.03736717913678985,
                "avg_stds": 1.1882921964564221,
                "std_stds": 0.012299675812201961,
                "avg_sparsity": 0.0,
                "std_sparsity": 0.0,
                "avg_mins": -0.4242130219936371,
                "std_mins": 0.0,
                "avg_maxs": 2.8214868687568826,
                "std_maxs": 1.2321632265021061e-07,