{
    "train_loss": [
        2.302010488171148,
        2.2346236225553033,
        2.069494060712968,
        2.0318337667609843,
        2.0142583287722693,
        1.9940536714278125,
        1.958630023974378,
        1.8516027031916578,
        1.797304874065363,
        1.7659395238234534,
        1.758416199853635,
        1.7466396737437677,
        1.7337046274076706,
        1.711475089827985,
        1.7026126240667008,
        1.7013877938144015,
        1.68689388347463,
        1.6825119686352699,
        1.6755648905067082,
        1.6797730953772485,
        1.6885031526687586,
        1.6710842661383027,
        1.6587720600914617,
        1.6563962152783904,
        1.6539250750677281,
        1.6407546968821665,
        1.6009026949439569,
        1.575087500691979,
        1.543995249892863,
        1.52954229133389,
        1.5056861946933078,
        1.493796537272738,
        1.4865952114358332,
        1.4694411345002776,
        1.4472423252336222,
        1.4315033809268645,
        1.4155147304467115,
        1.3965556627201243,
        1.3683520095043273,
        1.3307924660461208,
        1.2750931862406256,
        1.243831770679962,
        1.2429776445949248,
        1.2290542354515943,
        1.2052024826054324,
        1.2026914500794705,
        1.2016404611521987,
        1.1939491907849695,
        1.1869489518104572,
        1.1800963695015387,
        1.175223047981895,
        1.167083137973225,
        1.1538421638768996,
        1.150054680651398,
        1.151223060361582,
        1.1374293342585813,
        1.133154994644825,
        1.1227149300948138,
        1.1123439841925815,
        1.1120514029292698,
        1.101534254319295,
        1.0905061371236051,
        1.0922484255232516,
        1.097902125515644,
        1.0843012335741125,
        1.080975266146999
    ],
    "train_acc": [
        10.887037037037038,
        15.207407407407407,
        18.607407407407408,
        18.72962962962963,
        18.805555555555557,
        19.007407407407406,
        22.25,
        24.803703703703704,
        24.866666666666667,
        25.29074074074074,
        25.335185185185185,
        25.444444444444443,
        26.875925925925927,
        26.80185185185185,
        27.27962962962963,
        27.316666666666666,
        27.744444444444444,
        27.914814814814815,
        28.03148148148148,
        28.235185185185184,
        27.24074074074074,
        28.235185185185184,
        28.30925925925926,
        28.53148148148148,
        28.853703703703705,
        29.633333333333333,
        32.7037037037037,
        33.4537037037037,
        33.96851851851852,
        33.86296296296296,
        34.237037037037034,
        34.696296296296296,
        34.785185185185185,
        35.04259259259259,
        36.22962962962963,
        36.58148148148148,
        37.21666666666667,
        38.394444444444446,
        39.98148148148148,
        43.98148148148148,
        46.8537037037037,
        47.57592592592592,
        47.34444444444444,
        47.922222222222224,
        48.27037037037037,
        48.272222222222226,
        48.41111111111111,
        49.00925925925926,
        49.583333333333336,
        50.525925925925925,
        51.03888888888889,
        51.8,
        52.342592592592595,
        52.74074074074074,
        52.97962962962963,
        53.71851851851852,
        53.98148148148148,
        54.31296296296296,
        54.57222222222222,
        54.72037037037037,
        55.294444444444444,
        55.57592592592592,
        55.7962962962963,
        55.912962962962965,
        56.068518518518516,
        56.57037037037037
    ],
    "val_loss": [
        2.301900417246717,
        2.04675170715819,
        1.9472326040267944,
        1.9247180122010252,
        1.8984068733580568,
        1.885189434315296,
        1.7722899558696341,
        1.6304965069953432,
        1.5803151181403627,
        1.554100696076738,
        1.5406837894561443,
        1.5495663069664163,
        1.5376993290921475,
        1.5309951127843653,
        1.5266983280790614,
        1.5154042472230627,
        1.5034590173274913,
        1.508771056824542,
        1.501339077949524,
        1.5119547666387354,
        1.5049630048427176,
        1.5085243620771043,
        1.4920847415924072,
        1.487227807653711,
        1.4854468208678224,
        1.466760850967245,
        1.4079519281996058,
        1.373925617400636,
        1.3381820587401694,
        1.2996558432883405,
        1.290511113532046,
        1.2666205319952457,
        1.2590716620709033,
        1.27532667048434,
        1.2228990818591827,
        1.217357574625218,
        1.1898674584449607,
        1.1813138900919165,
        1.1013300951491012,
        1.0351173649442957,
        0.9718770930107604,
        0.939177449713362,
        0.935948019332074,
        0.9151704007006706,
        0.8928320357140075,
        0.9013982998563889,
        0.929510696137205,
        0.9338774211863254,
        0.8923448628567635,
        0.869511143958315,
        0.86761600413221,
        0.8644258379936218,
        0.85378017197264,
        0.8517898701606913,
        0.8595621357572839,
        0.842543160661738,
        0.8165113735706249,
        0.8332169499803097,
        0.8442140995187962,
        0.8574042624615609,
        0.7820924140037374,
        0.786258229549895,
        0.8126425730421188,
        0.7907027107604007,
        0.8128393051472116,
        0.7982699997881626
    ],
    "val_acc": [
        10.533333333333333,
        19.8,
        19.983333333333334,
        19.716666666666665,
        19.95,
        20.166666666666668,
        28.866666666666667,
        29.316666666666666,
        29.6,
        29.9,
        29.85,
        29.483333333333334,
        29.733333333333334,
        29.733333333333334,
        30.083333333333332,
        30.1,
        30.083333333333332,
        30.1,
        31.35,
        30.4,
        30.7,
        30.833333333333332,
        31.1,
        31.033333333333335,
        31.25,
        32.15,
        37.95,
        38.583333333333336,
        39.65,
        39.53333333333333,
        39.15,
        39.266666666666666,
        39.266666666666666,
        39.25,
        39.46666666666667,
        39.266666666666666,
        39.483333333333334,
        45.18333333333333,
        45.983333333333334,
        56.81666666666667,
        57.083333333333336,
        57.46666666666667,
        57.266666666666666,
        57.81666666666667,
        57.8,
        57.916666666666664,
        57.733333333333334,
        57.983333333333334,
        62.583333333333336,
        62.916666666666664,
        63.666666666666664,
        63.0,
        64.23333333333333,
        64.73333333333333,
        64.18333333333334,
        64.26666666666667,
        66.1,
        65.21666666666667,
        64.65,
        64.63333333333334,
        64.5,
        66.05,
        65.11666666666666,
        65.4,
        64.8,
        65.48333333333333
    ],
    "test_loss": 0.7950484405590009,
    "test_acc": 66.15,
    "metadata": {
        "timestamp": "2025-02-20T21:50:26.110565",
        "run_name": "0220215026_BaseMLP_LayerwiseSoftmax_refined-sack",
        "model_config": {
            "class_name": "BaseMLP",
            "input_dim": 784,
            "hidden_dims": [
                512,
                256,
                128,
                64
            ],
            "output_dim": 10,
            "activation_type": "LayerwiseSoftmax",
            "dropout_prob": 0.2,
            "store_activations": true,
            "num_parameters": 575050,
            "num_trainable_parameters": 575050
        },
        "training_config": {
            "batch_size": 128,
            "learning_rate": 0.001,
            "optimizer": {
                "class_name": "Adam",
                "parameters": null
            },
            "criterion": "CrossEntropyLoss",
            "device": "cpu"
        },