{
    "train_loss": [
        2.3025853114105512,
        2.3025777571574206,
        2.301750773502187,
        2.294822415469382,
        2.276555486764953,
        2.2420010222077935,
        2.166189992597318,
        2.104777666629773,
        2.068897639405671,
        2.0255620999358843,
        1.9634401255874272,
        1.9261859519786744,
        1.908703478591702,
        1.8992949910638457,
        1.8933844523972245,
        1.889253184976171,
        1.885959098124391,
        1.8796293532113892,
        1.8685897732797958,
        1.8621853236903512,
        1.8588578638872264,
        1.8567554603255756,
        1.8552505266609916,
        1.854104653636426,
        1.8532083424346706,
        1.8524804228289997,
        1.8518546938331206,
        1.8513415749604103,
        1.8508880629923672,
        1.850527319015485,
        1.8502026318938811,
        1.8499059999158598,
        1.849658523125671,
        1.8494455548824291,
        1.8492299903060587,
        1.849033334808892,
        1.848879892396701,
        1.848726044051455,
        1.8486011957670274,
        1.8484787791261177,
        1.8483741342738906,
        1.8482786815313366,
        1.8481749801839134,
        1.8481092551873193,
        1.8480255033167619,
        1.847952176891797,
        1.847896327057156,
        1.8478402879565814,
        1.8477657064442385,
        1.8477343911243276
    ],
    "train_acc": [
        64.30555555555556,
        53.62407407407407,
        33.724074074074075,
        30.25925925925926,
        30.155555555555555,
        39.67962962962963,
        45.01851851851852,
        46.544444444444444,
        46.49444444444445,
        45.898148148148145,
        45.766666666666666,
        45.74444444444445,
        45.75185185185185,
        45.714814814814815,
        45.67407407407408,
        45.675925925925924,
        45.62407407407407,
        45.742592592592594,
        45.99444444444445,
        46.07962962962963,
        46.09814814814815,
        46.129629629629626,
        46.13148148148148,
        46.14259259259259,
        46.14074074074074,
        46.11851851851852,
        46.13703703703704,
        46.17037037037037,
        46.162962962962965,
        46.16111111111111,
        46.1462962962963,
        46.17407407407408,
        46.16111111111111,
        46.18518518518518,
        46.196296296296296,
        46.18888888888889,
        46.21851851851852,
        46.242592592592594,
        46.23888888888889,
        46.22962962962963,
        46.23148148148148,
        46.24074074074074,
        46.233333333333334,
        46.27407407407407,
        46.24814814814815,
        46.24074074074074,
        46.24444444444445,
        46.25925925925926,
        46.26481481481481,
        46.262962962962966
    ],
    "val_loss": [
        2.3025847749507173,
        2.3025419255520436,
        2.2998945713043213,
        2.288530131603809,
        2.2625804048903446,
        2.214128337007888,
        2.130971756387264,
        2.087195731223898,
        2.052394471269973,
        1.9973484404543613,
        1.944460168797919,
        1.9201613208080859,
        1.9079118586601096,
        1.9006502577599058,
        1.895804947995125,
        1.8921839886523308,
        1.8887736416877585,
        1.8786987167723634,
        1.8700270703498354,
        1.8659246855593743,
        1.8634893589831414,
        1.861829384844354,
        1.8605643865909982,
        1.8595975231617055,
        1.8587990872403408,
        1.858166643913756,
        1.8576251699569377,
        1.8571507601027792,
        1.8567353030468554,
        1.8563760696573461,
        1.8560733186437728,
        1.8558170617894922,
        1.8555816944609298,
        1.8553603380284411,
        1.855164312301798,
        1.8550141872243677,
        1.8548751866563837,
        1.854726514917739,
        1.8545970434838153,
        1.8544862371809938,
        1.8543934745991484,
        1.8543004482350451,
        1.8542375463120482,
        1.8541525323340233,
        1.8540631431214354,
        1.853999264696811,
        1.8539316020113357,
        1.8538798093795776,
        1.853828376912056,
        1.8537564455194677
    ],
    "val_acc": [
        67.36666666666666,
        41.35,
        29.933333333333334,
        29.216666666666665,
        29.2,
        43.0,
        44.666666666666664,
        45.233333333333334,
        44.78333333333333,
        44.333333333333336,
        44.31666666666667,
        44.28333333333333,
        44.266666666666666,
        44.3,
        44.266666666666666,
        44.18333333333333,
        44.3,
        44.56666666666667,
        44.583333333333336,
        44.56666666666667,
        44.483333333333334,
        44.483333333333334,
        44.5,
        44.46666666666667,
        44.5,
        44.55,
        44.583333333333336,
        44.583333333333336,
        44.56666666666667,
        44.6,
        44.583333333333336,
        44.6,
        44.61666666666667,
        44.583333333333336,
        44.6,
        44.61666666666667,
        44.65,
        44.666666666666664,
        44.65,
        44.68333333333333,
        44.68333333333333,
        44.7,
        44.68333333333333,
        44.68333333333333,
        44.7,
        44.68333333333333,
        44.666666666666664,
        44.666666666666664,
        44.666666666666664,
        44.65
    ],
    "test_loss": 1.8469029453736316,
    "test_acc": 45.42,
    "metadata": {
        "timestamp": "2025-02-21T15:09:03.765479",
        "run_name": "0221150903_BaseMLP_SparseMax_grizzled-stable",
        "model_config": {
            "class_name": "BaseMLP",
            "input_dim": 784,
            "hidden_dims": [
                512,
                256
            ],
            "output_dim": 10,
            "activation_type": "SparseMax",
            "dropout_prob": 0.0,
            "store_activations": true,
            "num_parameters": 535040,
            "num_trainable_parameters": 535040
        },
        "training_config": {
            "batch_size": 128,
            "learning_rate": 0.001,
            "optimizer": {
                "class_name": "Adam",
                "parameters": null
            },
            "criterion": "CrossEntropyLoss",
            "device": "cpu"
        },
        "dataset_info": {
            "name": "MNIST",
            "train_size": 54000,
            "val_size": 6000,
            "test_size": 10000,
            "input_shape": [
                1,
                28,
                28
            ],
            "num_classes": 10
        },
        "system_info": {
            "python_version": "3.12.6 (main, Sep  6 2024, 19:03:47) [Clang 15.0.0 (clang-1500.3.9.4)]",
            "pytorch_version": "2.6.0",
            "cuda_available": false,
            "cuda_version": null,
            "platform": "macOS-15.1-arm64-arm-64bit",
            "cpu_count": "arm64",
            "processor": "arm"
        },
        "git_info": {
            "commit_hash": "e002b61e0f49ed24cde6d4c5b63a2d8ef535d0f8",
            "branch": "main",
            "is_dirty": true
        },
        "tags": [
            "stochastic_layers_2",
            "activation_SparseMax_layer_temperature_1.0"
        ],
        "final_metrics": {
            "best_val_loss": 1.8537564455194677,
            "best_val_acc": 67.36666666666666,
            "best_epoch": 49,
            "total_epochs": 50,
            "training_duration": 187.736595,
            "test_loss": 1.8469029453736316,
            "test_acc": 45.42
        },
        "weight_analysis": {
            "network.linear_0.raw_weight": {
                "mean": -0.04149893298745155,
                "std": 0.839924156665802,
                "min": -11.005595207214355,
                "max": 4.8493828773498535,
                "norm": 532.7890014648438,
                "sparsity": 0.0
            },