{
    "train_loss": [
        2.2981375981281156,
        2.287990102835741,
        2.2861941555665,
        2.285375751590277,
        2.2850290825016693,
        2.2848453589525266,
        2.2845581690847028,
        2.284380502045437,
        2.2844225473313533,
        2.2843473607329963,
        2.2841870694363853,
        2.2841290794842615,
        2.2841021534390924,
        2.284040500767423,
        2.2841580405619473,
        2.284028419386154,
        2.284005563970991,
        2.2840002950333873,
        2.283968705701602,
        2.2839184225453018,
        2.2839677768860946,
        2.28390907280818,
        2.2838359579655796,
        2.283817764142113,
        2.2839006919996434,
        2.2839077626359408,
        2.2838867190889838,
        2.2838661732831835,
        2.283788865211451,
        2.2838108347490502,
        2.283861138244376,
        2.283921533286289,
        2.2838576964292483
    ],
    "train_acc": [
        32.1462962962963,
        42.903703703703705,
        41.727777777777774,
        41.675925925925924,
        40.59074074074074,
        41.153703703703705,
        41.516666666666666,
        41.48888888888889,
        41.69444444444444,
        41.86666666666667,
        42.46851851851852,
        42.27037037037037,
        42.053703703703704,
        42.416666666666664,
        42.242592592592594,
        42.587037037037035,
        42.294444444444444,
        42.01111111111111,
        41.57592592592592,
        42.17777777777778,
        42.714814814814815,
        42.2,
        42.32962962962963,
        42.20185185185185,
        41.81666666666667,
        42.083333333333336,
        41.851851851851855,
        41.83518518518518,
        42.175925925925924,
        42.662962962962965,
        42.65,
        42.78333333333333,
        42.355555555555554
    ],
    "val_loss": [
        2.2905180504981506,
        2.286865087265664,
        2.2857840619188674,
        2.2853464978806515,
        2.2850054832215005,
        2.284869117939726,
        2.2846025811864976,
        2.284546212947115,
        2.2846277165920177,
        2.2844687573453215,
        2.284339575057334,
        2.284284510511033,
        2.2842642905864308,
        2.2842766122615084,
        2.284301407793735,
        2.284245085208974,
        2.284228005307786,
        2.284145025496787,
        2.284131532019757,
        2.284110799748847,
        2.2840907472245235,
        2.284082569974534,
        2.284086141180485,
        2.2840360580606665,
        2.284110576548475,
        2.284109521419444,
        2.284092791537021,
        2.2840086196331266,
        2.2841108048215824,
        2.284048136244429,
        2.2841206256379474,
        2.2840276931194547,
        2.2840286112846213
    ],
    "val_acc": [
        41.35,
        42.55,
        41.9,
        41.21666666666667,
        41.266666666666666,
        41.71666666666667,
        41.36666666666667,
        41.7,
        41.86666666666667,
        42.766666666666666,
        42.35,
        41.88333333333333,
        42.36666666666667,
        42.233333333333334,
        42.13333333333333,
        42.61666666666667,
        41.45,
        41.5,
        41.9,
        42.15,
        42.483333333333334,
        42.266666666666666,
        42.25,
        41.983333333333334,
        41.4,
        41.86666666666667,
        41.833333333333336,
        41.85,
        42.483333333333334,
        42.733333333333334,
        42.85,
        42.35,
        42.18333333333333
    ],
    "test_loss": 2.2838248753849464,
    "test_acc": 42.27,
    "metadata": {
        "timestamp": "2025-02-21T16:48:04.686359",
        "run_name": "0221164804_BaseMLP_PowerNormalization_magnetic-engineer",
        "model_config": {
            "class_name": "BaseMLP",
            "input_dim": 784,
            "hidden_dims": [
                512,
                256,
                128
            ],
            "output_dim": 10,
            "activation_type": "PowerNormalization",
            "dropout_prob": 0.0,
            "store_activations": true,
            "num_parameters": 566528,
            "num_trainable_parameters": 566528
        },
        "training_config": {
            "batch_size": 128,
            "learning_rate": 0.001,
            "optimizer": {
                "class_name": "Adam",
                "parameters": null
            },
            "criterion": "CrossEntropyLoss",
            "device": "cpu"
        },
        "dataset_info": {
            "name": "MNIST",
            "train_size": 54000,
            "val_size": 6000,
            "test_size": 10000,
            "input_shape": [
                1,
                28,
                28
            ],
            "num_classes": 10
        },
        "system_info": {
            "python_version": "3.12.6 (main, Sep  6 2024, 19:03:47) [Clang 15.0.0 (clang-1500.3.9.4)]",
            "pytorch_version": "2.6.0",
            "cuda_available": false,
            "cuda_version": null,
            "platform": "macOS-15.1-arm64-arm-64bit",
            "cpu_count": "arm64",
            "processor": "arm"
        },
        "git_info": {
            "commit_hash": "a3b0a5e3f94443cb345268bf1f25446ff58657b8",
            "branch": "main",
            "is_dirty": true
        },
        "tags": [
            "stochastic_layers_3",
            "activation_PowerNormalization_layer_temperature_0.1"
        ],
        "final_metrics": {
            "best_val_loss": 2.2840086196331266,
            "best_val_acc": 42.85,
            "best_epoch": 27,
            "total_epochs": 33,
            "training_duration": 95.67709,
            "test_loss": 2.2838248753849464,
            "test_acc": 42.27
        },
        "weight_analysis": {
            "network.linear_0.raw_weight": {
                "mean": 0.01565353013575077,
                "std": 0.10791564732789993,
                "min": -1.1295820474624634,
                "max": 1.4535415172576904,
                "norm": 69.08678436279297,
                "sparsity": 0.0
            },
            "network.linear_1.raw_weight": {
                "mean": 0.03183747082948685,
                "std": 0.2479141652584076,
                "min": -1.0045500993728638,
                "max": 2.284714698791504,
                "norm": 90.49099731445312,
                "sparsity": 0.0
            },
            "network.linear_2.raw_weight": {
                "mean": -0.0952850803732872,
                "std": 0.31101855635643005,
                "min": -0.6896838545799255,
                "max": 2.092575788497925,
                "norm": 58.88241958618164,
                "sparsity": 0.0
            },
            "network.linear_3.raw_weight": {
                "mean": -0.4259185791015625,
                "std": 0.23847806453704834,
                "min": -0.7003268599510193,
                "max": 1.9544425010681152,
                "norm": 17.4625186920166,
                "sparsity": 0.0
            }
        },
        "activation_analysis": {
            "network.linear_0": {
                "avg_means": -0.2798873465111915,
                "std_means": 0.0038728535178853495,
                "avg_stds": 0.10577689174641954,
                "std_stds": 0.003810798452472217,
                "avg_sparsity": 0.0,
                "std_sparsity": 0.0
            },
            "network.linear_1": {
                "avg_means": 0.0038794521886379796,
                "std_means": 6.815249304203798e-05,
                "avg_stds": 0.03787668929138082,
                "std_stds": 0.0007992808058049461,
                "avg_sparsity": 0.0,
                "std_sparsity": 0.0
            },
            "network.linear_2": {
                "avg_means": 0.004548918475654531,
                "std_means": 2.5252748256954937e-05,
                "avg_stds": 0.010697540410972655,
                "std_stds": 0.0001865627131202241,
                "avg_sparsity": 0.0,