{
    "train_loss": [
        2.3025853633880615,
        2.3025853633880615,
        2.3025853633880615,
        2.3025853633880615,
        2.3025853633880615,
        2.3025853622581156,
        2.302525001114579,
        2.219593711938903,
        1.9908067397596712,
        1.7400806636606911,
        1.6265625125988965,
        1.5823135836429505,
        1.5407367122681785,
        1.5186106147359333,
        1.5016983171209906,
        1.4898115950173112,
        1.484188561190926,
        1.4791915086208363,
        1.4748165906888049,
        1.4720923400603199,
        1.4702706732456152,
        1.46905962918042,
        1.4681572558190585,
        1.467385396008243,
        1.4667513088027448,
        1.4662647648445237,
        1.4658195438543202,
        1.4654153901818805,
        1.4650770072688424,
        1.4647927357687205,
        1.4645912655721909,
        1.4643910318189324,
        1.4642127051737637,
        1.4640679147571185,
        1.463936741883156,
        1.4637743875878682,
        1.463679220156647,
        1.4635990109488863,
        1.463514521223674,
        1.463431131218282,
        1.463389822374588,
        1.463303511176629,
        1.4631977007852346,
        1.4631971682982423,
        1.4631284339733033,
        1.463087654791737,
        1.463072725664383,
        1.4630006622364171,
        1.4629544737214726,
        1.4629005863203257
    ],
    "train_acc": [
        7.92037037037037,
        10.883333333333333,
        13.787037037037036,
        15.60925925925926,
        15.607407407407408,
        11.931481481481482,
        9.905555555555555,
        13.085185185185185,
        30.564814814814813,
        44.525925925925925,
        50.78333333333333,
        54.242592592592594,
        58.775925925925925,
        59.922222222222224,
        61.6037037037037,
        63.144444444444446,
        63.727777777777774,
        64.49259259259259,
        65.16666666666667,
        65.55925925925926,
        65.8425925925926,
        66.01296296296296,
        66.1462962962963,
        66.27962962962962,
        66.34814814814816,
        66.39074074074074,
        66.36851851851851,
        66.41851851851852,
        66.52222222222223,
        66.51296296296296,
        66.52222222222223,
        66.53703703703704,
        66.57962962962964,
        66.52592592592593,
        66.56666666666666,
        66.55925925925926,
        66.63333333333334,
        66.60925925925926,
        66.62037037037037,
        66.67407407407407,
        66.62777777777778,
        66.66666666666667,
        66.65925925925926,
        66.69074074074074,
        66.62222222222222,
        66.69814814814815,
        66.72222222222223,
        66.71111111111111,
        66.69814814814815,
        66.69259259259259
    ],
    "val_loss": [
        2.3025853633880615,
        2.3025853633880615,
        2.3025853633880615,
        2.3025853633880615,
        2.3025853633880615,
        2.3025853481698544,
        2.300886225193105,
        2.1351470642901482,
        1.880817048093106,
        1.6357824472670859,
        1.5894661025798067,
        1.544235939675189,
        1.5158260730986899,
        1.4958508192224707,
        1.4788702777091494,
        1.4704534880658413,
        1.4655886710958277,
        1.460116946950872,
        1.4570156386558046,
        1.4548124404663736,
        1.453479401608731,
        1.4525182906617509,
        1.4518108849829816,
        1.4510474078198696,
        1.4504961561649403,
        1.4500185530236427,
        1.449572705207987,
        1.4492592557947686,
        1.4489622344361974,
        1.4485813911924972,
        1.4484015728564972,
        1.4481866841620588,
        1.4480179675081943,
        1.4479182730329798,
        1.447688952405402,
        1.4476256903181686,
        1.4475852479325964,
        1.4474328807059755,
        1.447412021616672,
        1.4473488280113707,
        1.4473661108219877,
        1.4473036020360095,
        1.447196105693249,
        1.4471849152382383,
        1.4471444677799306,
        1.4471480009403634,
        1.447086526992473,
        1.4470983743667603,
        1.447058101917835,
        1.447038878785803
    ],
    "val_acc": [
        9.516666666666667,
        13.45,
        15.466666666666667,
        15.316666666666666,
        13.683333333333334,
        9.75,
        9.666666666666666,
        23.866666666666667,
        35.93333333333333,
        49.7,
        53.416666666666664,
        58.8,
        60.55,
        61.61666666666667,
        63.71666666666667,
        64.81666666666666,
        65.25,
        65.86666666666666,
        66.16666666666667,
        66.61666666666666,
        66.7,
        66.86666666666666,
        66.85,
        66.88333333333334,
        66.88333333333334,
        66.98333333333333,
        67.1,
        67.13333333333334,
        67.23333333333333,
        67.38333333333334,
        67.51666666666667,
        67.5,
        67.53333333333333,
        67.6,
        67.58333333333333,
        67.65,
        67.71666666666667,
        67.68333333333334,
        67.68333333333334,
        67.68333333333334,
        67.78333333333333,
        67.8,
        67.68333333333334,
        67.71666666666667,
        67.73333333333333,
        67.68333333333334,
        67.75,
        67.7,
        67.8,
        67.76666666666667
    ],
    "test_loss": 1.4503452189360992,
    "test_acc": 66.65,
    "metadata": {
        "timestamp": "2025-02-25T01:45:33.784554",
        "run_name": "0225014533_BaseMLP_ReLU_mechanical-linkage",
        "model_config": {
            "class_name": "BaseMLP",
            "input_dim": 784,
            "hidden_dims": [
                512,
                256,
                128
            ],
            "output_dim": 10,
            "activation_type": "ReLU",
            "dropout_prob": 0.0,
            "store_activations": true,
            "num_parameters": 566528,
            "num_trainable_parameters": 566528
        },
        "training_config": {
            "batch_size": 128,
            "learning_rate": 0.001,
            "optimizer": {
                "class_name": "Adam",
                "parameters": null
            },
            "criterion": "CrossEntropyLoss",
            "device": "cpu"
        },
        "dataset_info": {
            "name": "MNIST",
            "train_size": 54000,
            "val_size": 6000,
            "test_size": 10000,
            "input_shape": [
                1,
                28,
                28
            ],
            "num_classes": 10
        },
        "system_info": {
            "python_version": "3.12.6 (main, Sep  6 2024, 19:03:47) [Clang 15.0.0 (clang-1500.3.9.4)]",
            "pytorch_version": "2.6.0",
            "cuda_available": false,
            "cuda_version": null,
            "platform": "macOS-15.1-arm64-arm-64bit",
            "cpu_count": "arm64",
            "processor": "arm"
        },
        "git_info": {
            "commit_hash": "a3b0a5e3f94443cb345268bf1f25446ff58657b8",
            "branch": "main",
            "is_dirty": true
        },
        "tags": [
            "stochastic_layers_3",
            "activation_NoActivation_layer_temperature_0.5"
        ],
        "final_metrics": {
            "best_val_loss": 1.447038878785803,
            "best_val_acc": 67.8,
            "best_epoch": 49,
            "total_epochs": 50,
            "training_duration": 138.131348,
            "test_loss": 1.4503452189360992,
            "test_acc": 66.65
        },
        "weight_analysis": {
            "network.linear_0.raw_weight": {
                "mean": -0.6027661561965942,
                "std": 1.1408885717391968,
                "min": -6.067860126495361,
                "max": 4.436461448669434,
                "norm": 817.5029296875,
                "sparsity": 0.0,
                "has_negative": true,
                "percent_negative": 63.898826599121094,