{
    "train_loss": [
        1.7362216866411868,
        1.6649475374492988,
        1.65344320823796,
        1.6478507247581302,
        1.6449439884362063,
        1.6426936224173596,
        1.6415713463349364,
        1.6402153129826225,
        1.639368159511078,
        1.6389157842685826,
        1.6382096813753317,
        1.638484368674563,
        1.638396077528949,
        1.6382504650766816,
        1.6370670942333638,
        1.6374660868780309,
        1.6372702850549707
    ],
    "train_acc": [
        79.51851851851852,
        85.69814814814815,
        86.31296296296296,
        86.67592592592592,
        86.82962962962964,
        86.86111111111111,
        87.03888888888889,
        87.30740740740741,
        87.2611111111111,
        87.29629629629629,
        87.30925925925926,
        87.42777777777778,
        87.4962962962963,
        87.44259259259259,
        87.62037037037037,
        87.44814814814815,
        87.55
    ],
    "val_loss": [
        1.6785101535472464,
        1.662221923787543,
        1.6535684986317412,
        1.6510109901428223,
        1.6456204094785325,
        1.6440755230315187,
        1.6420271523455356,
        1.6464662171424704,
        1.641841617036373,
        1.6418634120454179,
        1.6438028076861768,
        1.6408901290690645,
        1.6419691735125603,
        1.6430387928130779,
        1.6416695092586762,
        1.642824091809861,
        1.640913040079969
    ],
    "val_acc": [
        84.51666666666667,
        85.76666666666667,
        85.93333333333334,
        86.65,
        86.75,
        86.8,
        86.66666666666667,
        86.6,
        86.21666666666667,
        86.81666666666666,
        87.15,
        86.9,
        87.1,
        87.1,
        87.15,
        86.81666666666666,
        86.75
    ],
    "test_loss": 1.6342862331414525,
    "test_acc": 87.78,
    "metadata": {
        "timestamp": "2025-02-25T12:39:47.784298",
        "run_name": "0225123947_BaseMLP_SparseMax_objective-admin",
        "model_config": {
            "class_name": "BaseMLP",
            "input_dim": 784,
            "hidden_dims": [
                512,
                256,
                128
            ],
            "output_dim": 10,
            "activation_type": "SparseMax",
            "dropout_prob": 0.0,
            "store_activations": true,
            "num_parameters": 566528,
            "num_trainable_parameters": 566528
        },
        "training_config": {
            "batch_size": 128,
            "learning_rate": 0.001,
            "optimizer": {
                "class_name": "Adam",
                "parameters": null
            },
            "criterion": "CrossEntropyLoss",
            "device": "cpu",
            "preprocess_fn": "_normalize_to_simplex"
        },
        "dataset_info": {
            "name": "MNIST",
            "train_size": 54000,
            "val_size": 6000,
            "test_size": 10000,
            "input_shape": [
                1,
                28,
                28
            ],
            "num_classes": 10
        },
        "system_info": {
            "python_version": "3.12.6 (main, Sep  6 2024, 19:03:47) [Clang 15.0.0 (clang-1500.3.9.4)]",
            "pytorch_version": "2.6.0",
            "cuda_available": false,
            "cuda_version": null,
            "platform": "macOS-15.1-arm64-arm-64bit",
            "cpu_count": "arm64",
            "processor": "arm"
        },
        "git_info": {
            "commit_hash": "03d718137e77b2c5b3526bcb4ff8b5d40f4f3cf8",
            "branch": "main",
            "is_dirty": true
        },
        "tags": [
            "stochastic_layers_3",
            "activation_SparseMax_layer_temperature_0.01"
        ],
        "final_metrics": {
            "best_val_loss": 1.6408901290690645,
            "best_val_acc": 87.15,
            "best_epoch": 11,
            "total_epochs": 17,
            "training_duration": 72.877654,
            "test_loss": 1.6342862331414525,
            "test_acc": 87.78
        },
        "weight_analysis": {
            "network.linear_0.raw_weight": {
                "mean": -0.03471219167113304,
                "std": 0.039774443954229355,
                "min": -0.11865710467100143,
                "max": 0.24053294956684113,
                "norm": 33.44676971435547,
                "sparsity": 0.0,
                "has_negative": true,
                "percent_negative": 82.04345703125,
                "shape": [
                    512,
                    784
                ],
                "num_params": 401408
            },
            "network.linear_1.raw_weight": {
                "mean": -0.008772686123847961,
                "std": 0.05097043514251709,
                "min": -0.0952543094754219,
                "max": 0.27749156951904297,
                "norm": 18.724515914916992,
                "sparsity": 0.0,
                "has_negative": true,
                "percent_negative": 57.3944091796875,
                "shape": [
                    256,
                    512
                ],
                "num_params": 131072
            },
            "network.linear_2.raw_weight": {
                "mean": -0.014584530144929886,
                "std": 0.0659094899892807,
                "min": -0.12499968707561493,
                "max": 0.2727682590484619,
                "norm": 12.219318389892578,
                "sparsity": 0.0,
                "has_negative": true,
                "percent_negative": 61.8621826171875,
                "shape": [
                    128,
                    256
                ],
                "num_params": 32768
            },
            "network.linear_3.raw_weight": {
                "mean": -0.01277539599686861,
                "std": 0.11915839463472366,
                "min": -0.20805217325687408,
                "max": 0.2707003355026245,
                "norm": 4.285915851593018,
                "sparsity": 0.0,
                "has_negative": true,
                "percent_negative": 58.203125,
                "shape": [
                    10,
                    128
                ],
                "num_params": 1280
            }
        },
        "activation_analysis": {
            "pre_activation:network.linear_0_preact": {
                "avg_means": 0.06511138950256591,
                "std_means": 0.0016078022884087372,
                "avg_stds": 0.2307158607117673,
                "std_stds": 0.005363475461112971,
                "avg_sparsity": 0.0,
                "std_sparsity": 0.0,
                "avg_mins": 6.97806827167582e-08,
                "std_mins": 2.1080458866424345e-08,
                "avg_maxs": 3.1680260008953987,
                "std_maxs": 0.2615905515921592,
                "avg_sum": 4255.918103806516
            },
            "post_activation:network.activation_0_postact": {
                "avg_means": 0.0019531249851384696,
                "std_means": 4.567218021674402e-11,
                "avg_stds": 0.026026284282511854,
                "std_stds": 0.0005053757899541257,
                "avg_sparsity": 0.9906240080265288,
                "std_sparsity": 0.0004283480293522831,
                "avg_mins": 0.0,
                "std_mins": 0.0,
                "avg_maxs": 0.9855276371570344,
                "std_maxs": 0.03675908043351821,
                "avg_sum": 127.65957349411984
            },
            "pre_activation:network.linear_1_preact": {
                "avg_means": 0.003906250049538435,
                "std_means": 1.435760244785535e-10,
                "avg_stds": 0.045924343565042984,
                "std_stds": 0.0008671338987511516,
                "avg_sparsity": 0.0,
                "std_sparsity": 0.0,
                "avg_mins": 2.7746991173246947e-15,
                "std_mins": 8.732076018444954e-16,
                "avg_maxs": 0.99997301304594,
                "std_maxs": 2.3895445914476563e-06,