{
    "train_loss": [
        2.302108165212152,
        2.288496440055811,
        2.2258846545106428,
        2.093125378351076,
        2.008755395762728,
        1.9771364870794577,
        1.9473640633420357,
        1.913501001929785,
        1.9061129200515023,
        1.902648584820083,
        1.8960138717533852,
        1.8797034019542531,
        1.8757553956519937,
        1.8740739424081776,
        1.8729946138734501,
        1.872187060484954,
        1.871583334077591,
        1.8710702988208752,
        1.870690762714187,
        1.8703425927749742,
        1.8700855953433502,
        1.869867183303381,
        1.8696455108045966,
        1.869502294402552,
        1.869340176548438,
        1.869194781610751,
        1.8691123427372973,
        1.8690064614417994,
        1.868919774536838,
        1.8688375627825045,
        1.8687704038845985,
        1.8687063706994622,
        1.868650243180623,
        1.8686037648345621,
        1.8685717503606425,
        1.8685044132137751,
        1.8684846541327889,
        1.868467058050689,
        1.8684242492038492,
        1.8684078152710792,
        1.8683849084433786,
        1.8683451631622856,
        1.868338167102416,
        1.868318186834525,
        1.868306803477319,
        1.8682792593517574,
        1.8682560423539147,
        1.8682383047460944,
        1.868245247698508,
        1.8682038346173073
    ],
    "train_acc": [
        47.52777777777778,
        37.36296296296296,
        40.48148148148148,
        45.37592592592593,
        44.65925925925926,
        44.38148148148148,
        44.403703703703705,
        44.41111111111111,
        44.44814814814815,
        44.47222222222222,
        44.44074074074074,
        44.62222222222222,
        44.6462962962963,
        44.644444444444446,
        44.65185185185185,
        44.68703703703704,
        44.65,
        44.666666666666664,
        44.64259259259259,
        44.6462962962963,
        44.67407407407408,
        44.638888888888886,
        44.6462962962963,
        44.64074074074074,
        44.66111111111111,
        44.65185185185185,
        44.653703703703705,
        44.63333333333333,
        44.657407407407405,
        44.6462962962963,
        44.644444444444446,
        44.653703703703705,
        44.638888888888886,
        44.629629629629626,
        44.65185185185185,
        44.629629629629626,
        44.64259259259259,
        44.648148148148145,
        44.6037037037037,
        44.63333333333333,
        44.611111111111114,
        44.61851851851852,
        44.65185185185185,
        44.62407407407407,
        44.62777777777778,
        44.63703703703704,
        44.62777777777778,
        44.63148148148148,
        44.587037037037035,
        44.62592592592593
    ],
    "val_loss": [
        2.2998212195457297,
        2.2681377796416586,
        2.166639667876223,
        2.031804531178576,
        1.9891860485076904,
        1.9683211154126106,
        1.9226469080498878,
        1.9108448206110205,
        1.906520777560295,
        1.903867668293892,
        1.8869185320874478,
        1.8786081735123978,
        1.8761669219808375,
        1.8749244695014142,
        1.8739799844457747,
        1.8732544767095687,
        1.8726846131872623,
        1.8722223753624774,
        1.8719616494280227,
        1.8715235755798665,
        1.871303601467863,
        1.8710303534852697,
        1.870899296821432,
        1.8708112062291895,
        1.8706727788803426,
        1.8705827682576281,
        1.8703832626342773,
        1.8703143013284562,
        1.8702608397666445,
        1.8701973417971998,
        1.8700585111658623,
        1.870036244392395,
        1.869958631535794,
        1.869910960501813,
        1.869959405127992,
        1.869916167665035,
        1.869807793738994,
        1.8698056784081967,
        1.8697666462431564,
        1.8697971587485456,
        1.8698315797968115,
        1.8697859403934884,
        1.869726188639377,
        1.8697946578898328,
        1.8697619641080816,
        1.8696845085062879,
        1.8697160203406151,
        1.8696736325608923,
        1.8696008717760126,
        1.8695933362270922
    ],
    "val_acc": [
        33.78333333333333,
        39.68333333333333,
        46.0,
        44.31666666666667,
        45.733333333333334,
        44.71666666666667,
        44.88333333333333,
        45.0,
        44.9,
        44.81666666666667,
        45.016666666666666,
        45.1,
        45.083333333333336,
        45.083333333333336,
        45.166666666666664,
        45.083333333333336,
        45.11666666666667,
        45.18333333333333,
        45.083333333333336,
        45.083333333333336,
        45.05,
        45.15,
        45.1,
        45.15,
        45.1,
        45.1,
        45.083333333333336,
        45.18333333333333,
        45.13333333333333,
        45.1,
        45.083333333333336,
        45.13333333333333,
        45.1,
        45.083333333333336,
        45.11666666666667,
        45.1,
        45.11666666666667,
        45.06666666666667,
        45.1,
        45.05,
        45.03333333333333,
        45.1,
        45.1,
        45.083333333333336,
        45.0,
        45.05,
        45.06666666666667,
        45.06666666666667,
        45.06666666666667,
        45.1
    ],
    "test_loss": 1.871382729916633,
    "test_acc": 43.93,
    "metadata": {
        "timestamp": "2025-02-21T15:19:42.070267",
        "run_name": "0221151942_BaseMLP_SparseMax_hot-agent",
        "model_config": {
            "class_name": "BaseMLP",
            "input_dim": 784,
            "hidden_dims": [
                512,
                256
            ],
            "output_dim": 10,
            "activation_type": "SparseMax",
            "dropout_prob": 0.0,
            "store_activations": true,
            "num_parameters": 535040,
            "num_trainable_parameters": 535040
        },
        "training_config": {
            "batch_size": 128,
            "learning_rate": 0.001,
            "optimizer": {
                "class_name": "Adam",
                "parameters": null
            },
            "criterion": "CrossEntropyLoss",
            "device": "cpu"
        },
        "dataset_info": {
            "name": "MNIST",
            "train_size": 54000,
            "val_size": 6000,
            "test_size": 10000,
            "input_shape": [
                1,
                28,
                28
            ],
            "num_classes": 10
        },
        "system_info": {
            "python_version": "3.12.6 (main, Sep  6 2024, 19:03:47) [Clang 15.0.0 (clang-1500.3.9.4)]",
            "pytorch_version": "2.6.0",
            "cuda_available": false,
            "cuda_version": null,
            "platform": "macOS-15.1-arm64-arm-64bit",
            "cpu_count": "arm64",
            "processor": "arm"
        },
        "git_info": {
            "commit_hash": "e002b61e0f49ed24cde6d4c5b63a2d8ef535d0f8",
            "branch": "main",
            "is_dirty": true
        },
        "tags": [
            "stochastic_layers_2",
            "activation_SparseMax_layer_temperature_0.5"
        ],
        "final_metrics": {
            "best_val_loss": 1.8695933362270922,
            "best_val_acc": 46.0,
            "best_epoch": 49,
            "total_epochs": 50,
            "training_duration": 181.287853,
            "test_loss": 1.871382729916633,
            "test_acc": 43.93
        },
        "weight_analysis": {
            "network.linear_0.raw_weight": {
                "mean": 0.0028818610589951277,
                "std": 0.6219701170921326,
                "min": -6.374691486358643,
                "max": 2.426201343536377,
                "norm": 394.0607604980469,
                "sparsity": 0.0
            },
            "network.linear_1.raw_weight": {
                "mean": -0.14408069849014282,
                "std": 0.7045319080352783,
                "min": -4.155956268310547,