{
    "train_loss": [
        2.271282062146336,
        2.0962106045953472,
        1.8597344465165342,
        1.6846542454443836,
        1.5613830863582014,
        1.520355517265356,
        1.5003773024861846,
        1.4884416816923856,
        1.4811684780211245,
        1.4764196189093928,
        1.4731979929440395,
        1.4708538544121512,
        1.4691254962677074,
        1.467740437430793,
        1.4666620741523273,
        1.4658120305617273,
        1.4650800968233444,
        1.4645015885479642,
        1.464017027927236,
        1.4636205943274836,
        1.4632945605928864,
        1.4630161105738997,
        1.4627704309626213,
        1.462558357354024,
        1.4623867072765295,
        1.4622595030549579,
        1.4621201002202329,
        1.4620423576843118,
        1.4618802341804684,
        1.4618297456565061,
        1.4617134711188728,
        1.461661145585408,
        1.461613877689669,
        1.4615163732478968,
        1.46148229182049,
        1.4614244945241377,
        1.4613848365313633,
        1.4613468163951313,
        1.4613158914715192,
        1.4612783176639068,
        1.461222182517933,
        1.46124004357234,
        1.4611841928902396,
        1.461149283777481,
        1.4610952497658571,
        1.4610982057042596,
        1.461089228566789,
        1.4610861189557478,
        1.4610796808066526,
        1.4610303408726697
    ],
    "train_acc": [
        24.494444444444444,
        46.44444444444444,
        58.205555555555556,
        61.775925925925925,
        64.72962962962963,
        65.33703703703704,
        65.98333333333333,
        66.27592592592593,
        66.36666666666666,
        66.46851851851852,
        66.49074074074075,
        66.59444444444445,
        66.5425925925926,
        66.63703703703703,
        66.6462962962963,
        66.68148148148148,
        66.71666666666667,
        66.71481481481482,
        66.77962962962962,
        66.72407407407407,
        66.71851851851852,
        66.77777777777777,
        66.70370370370371,
        66.73518518518519,
        66.80925925925926,
        66.7074074074074,
        66.75740740740741,
        66.77962962962962,
        66.72592592592592,
        66.79814814814814,
        66.77037037037037,
        66.75555555555556,
        66.77222222222223,
        66.75185185185185,
        66.7611111111111,
        66.77592592592593,
        66.82222222222222,
        66.77777777777777,
        66.74444444444444,
        66.77962962962962,
        66.7925925925926,
        66.7611111111111,
        66.80555555555556,
        66.77407407407408,
        66.75555555555556,
        66.79444444444445,
        66.79444444444445,
        66.80925925925926,
        66.7462962962963,
        66.7537037037037
    ],
    "val_loss": [
        2.2137461114437023,
        1.9627916254895799,
        1.772992603322293,
        1.5974150160525709,
        1.5328292491588187,
        1.5067035238793556,
        1.4915674899486786,
        1.4825540451293295,
        1.476926565170288,
        1.4732944305906905,
        1.470672790040361,
        1.4688512340505073,
        1.4674926691866936,
        1.4664641263637137,
        1.4654849387229758,
        1.4648239232124167,
        1.4642055922366204,
        1.46383950050841,
        1.4634268131661923,
        1.4631422124010451,
        1.4629468993937715,
        1.4627361804880994,
        1.4625591952750023,
        1.4624150129074747,
        1.4622298402989165,
        1.4620924579336287,
        1.462106040183534,
        1.4620917097051094,
        1.4620100589508707,
        1.4619602091768955,
        1.461940811035481,
        1.4618526697158813,
        1.4617954238932183,
        1.4617837921101997,
        1.4617604702077014,
        1.4617148688498964,
        1.4616852871915127,
        1.4616990774235827,
        1.461701694955217,
        1.461670216093672,
        1.4616427776661325,
        1.4615903205059944,
        1.4616067029060202,
        1.4616736630175977,
        1.4616663202326348,
        1.4615607515294502,
        1.4616575139634154,
        1.4615316010536032,
        1.4615654843918822,
        1.461522713620612
    ],
    "val_acc": [
        39.68333333333333,
        54.18333333333333,
        60.6,
        66.7,
        65.71666666666667,
        66.46666666666667,
        66.88333333333334,
        67.08333333333333,
        67.05,
        66.95,
        66.9,
        66.86666666666666,
        66.93333333333334,
        66.88333333333334,
        66.93333333333334,
        67.11666666666666,
        67.05,
        67.06666666666666,
        67.1,
        67.06666666666666,
        67.03333333333333,
        67.06666666666666,
        67.03333333333333,
        67.16666666666667,
        67.16666666666667,
        67.28333333333333,
        67.21666666666667,
        67.13333333333334,
        67.11666666666666,
        67.1,
        67.13333333333334,
        67.2,
        67.25,
        67.21666666666667,
        67.18333333333334,
        67.11666666666666,
        67.18333333333334,
        67.21666666666667,
        67.21666666666667,
        67.13333333333334,
        67.2,
        67.21666666666667,
        67.25,
        67.25,
        67.28333333333333,
        67.2,
        67.2,
        67.18333333333334,
        67.16666666666667,
        67.13333333333334
    ],
    "test_loss": 1.4495088661773294,
    "test_acc": 66.51,
    "metadata": {
        "timestamp": "2025-02-21T15:12:56.227199",
        "run_name": "0221151256_BaseMLP_ReLU_presto-row",
        "model_config": {
            "class_name": "BaseMLP",
            "input_dim": 784,
            "hidden_dims": [
                512
            ],
            "output_dim": 10,
            "activation_type": "ReLU",
            "dropout_prob": 0.0,
            "store_activations": true,
            "num_parameters": 406528,
            "num_trainable_parameters": 406528
        },
        "training_config": {
            "batch_size": 128,
            "learning_rate": 0.001,
            "optimizer": {
                "class_name": "Adam",
                "parameters": null
            },
            "criterion": "CrossEntropyLoss",
            "device": "cpu"
        },
        "dataset_info": {
            "name": "MNIST",
            "train_size": 54000,
            "val_size": 6000,
            "test_size": 10000,
            "input_shape": [
                1,
                28,
                28
            ],
            "num_classes": 10
        },
        "system_info": {
            "python_version": "3.12.6 (main, Sep  6 2024, 19:03:47) [Clang 15.0.0 (clang-1500.3.9.4)]",
            "pytorch_version": "2.6.0",
            "cuda_available": false,
            "cuda_version": null,
            "platform": "macOS-15.1-arm64-arm-64bit",
            "cpu_count": "arm64",
            "processor": "arm"
        },
        "git_info": {
            "commit_hash": "e002b61e0f49ed24cde6d4c5b63a2d8ef535d0f8",
            "branch": "main",
            "is_dirty": true
        },
        "tags": [
            "stochastic_layers_1",
            "activation_NoActivation_layer_temperature_0.5"
        ],
        "final_metrics": {
            "best_val_loss": 1.461522713620612,
            "best_val_acc": 67.28333333333333,
            "best_epoch": 49,
            "total_epochs": 50,
            "training_duration": 118.751589,
            "test_loss": 1.4495088661773294,
            "test_acc": 66.51
        },
        "weight_analysis": {
            "network.linear_0.raw_weight": {
                "mean": -0.9509977102279663,
                "std": 1.3559410572052002,
                "min": -6.173943996429443,
                "max": 5.994681358337402,
                "norm": 1049.3048095703125,
                "sparsity": 0.0
            },
            "network.linear_1.raw_weight": {
                "mean": -2.6954922676086426,
                "std": 1.3191030025482178,