{
    "train_loss": [
        1.8841730472035882,
        1.484786282218463,
        1.467423022640825,
        1.4642168433180351,
        1.462894096476207,
        1.4622434072584902,
        1.4617237561686909,
        1.4615199170406397,
        1.4613290011035323,
        1.4611653869185968,
        1.4610349846677193,
        1.4610638355756822,
        1.4609284796420996,
        1.4608259743423824,
        1.4608641888293046,
        1.4607228297757877,
        1.4608142562387114,
        1.4607141071586247,
        1.460589570739258,
        1.4607886550550777,
        1.460681934492283,
        1.4607161597053022,
        1.460676597757927,
        1.4606174832271739,
        1.4606837305412472,
        1.4606092583511678,
        1.4606048402628062
    ],
    "train_acc": [
        55.385185185185186,
        66.67777777777778,
        66.77777777777777,
        66.71851851851852,
        66.67222222222222,
        66.67962962962963,
        66.70925925925926,
        66.60925925925926,
        66.6462962962963,
        66.70370370370371,
        66.6962962962963,
        66.63333333333334,
        66.7611111111111,
        66.65,
        66.64814814814815,
        66.66851851851852,
        66.61111111111111,
        66.6574074074074,
        66.61481481481482,
        66.60185185185185,
        66.57407407407408,
        66.58703703703704,
        66.68518518518519,
        66.6462962962963,
        66.57962962962964,
        66.68333333333334,
        66.47592592592592
    ],
    "val_loss": [
        1.5243044102445562,
        1.4787385235441493,
        1.4729185916007834,
        1.4705579965672595,
        1.4699832074185635,
        1.4688351331873144,
        1.469703790989328,
        1.4696096993507224,
        1.4690659249082525,
        1.468461701210509,
        1.4701389505508098,
        1.468785988523605,
        1.4683427125849622,
        1.4689460105084358,
        1.4687920580519007,
        1.4689825925421207,
        1.4697295528777101,
        1.4682804599721382,
        1.4692024144720524,
        1.4687875534625763,
        1.4689151860297995,
        1.468058925993899,
        1.4686892159441685,
        1.4687390504999365,
        1.4684575694672606,
        1.4686875520868505,
        1.4691771979027606
    ],
    "val_acc": [
        67.2,
        66.45,
        66.56666666666666,
        66.53333333333333,
        66.85,
        66.88333333333334,
        67.0,
        67.15,
        67.06666666666666,
        66.95,
        66.7,
        66.88333333333334,
        66.76666666666667,
        66.76666666666667,
        66.86666666666666,
        66.9,
        66.6,
        66.51666666666667,
        66.5,
        66.7,
        66.7,
        66.9,
        66.91666666666667,
        66.75,
        66.83333333333333,
        66.85,
        66.98333333333333
    ],
    "test_loss": 1.4498580392402938,
    "test_acc": 66.37,
    "metadata": {
        "timestamp": "2025-02-25T00:18:55.821600",
        "run_name": "0225001855_BaseMLP_ReLU_universal-degree",
        "model_config": {
            "class_name": "BaseMLP",
            "input_dim": 784,
            "hidden_dims": [
                512
            ],
            "output_dim": 10,
            "activation_type": "ReLU",
            "dropout_prob": 0.0,
            "store_activations": true,
            "num_parameters": 406528,
            "num_trainable_parameters": 406528
        },
        "training_config": {
            "batch_size": 128,
            "learning_rate": 0.001,
            "optimizer": {
                "class_name": "Adam",
                "parameters": null
            },
            "criterion": "CrossEntropyLoss",
            "device": "cpu"
        },
        "dataset_info": {
            "name": "MNIST",
            "train_size": 54000,
            "val_size": 6000,
            "test_size": 10000,
            "input_shape": [
                1,
                28,
                28
            ],
            "num_classes": 10
        },
        "system_info": {
            "python_version": "3.12.6 (main, Sep  6 2024, 19:03:47) [Clang 15.0.0 (clang-1500.3.9.4)]",
            "pytorch_version": "2.6.0",
            "cuda_available": false,
            "cuda_version": null,
            "platform": "macOS-15.1-arm64-arm-64bit",
            "cpu_count": "arm64",
            "processor": "arm"
        },
        "git_info": {
            "commit_hash": "a3b0a5e3f94443cb345268bf1f25446ff58657b8",
            "branch": "main",
            "is_dirty": true
        },
        "tags": [
            "stochastic_layers_1",
            "activation_NoActivation_layer_temperature_0.1"
        ],
        "final_metrics": {
            "best_val_loss": 1.468058925993899,
            "best_val_acc": 67.2,
            "best_epoch": 21,
            "total_epochs": 27,
            "training_duration": 64.169748,
            "test_loss": 1.4498580392402938,
            "test_acc": 66.37
        },
        "weight_analysis": {
            "network.linear_0.raw_weight": {
                "mean": -0.1851656436920166,
                "std": 0.25608113408088684,
                "min": -1.376377820968628,
                "max": 1.2872378826141357,
                "norm": 200.2136688232422,
                "sparsity": 0.0,
                "has_negative": true,
                "percent_negative": 75.44792175292969,
                "shape": [
                    512,
                    784
                ],
                "num_params": 401408
            },
            "network.linear_1.raw_weight": {
                "mean": -0.3660896122455597,
                "std": 0.2247990369796753,
                "min": -0.7201586961746216,
                "max": 1.820776343345642,
                "norm": 30.73885726928711,
                "sparsity": 0.0,
                "has_negative": true,
                "percent_negative": 94.0234375,
                "shape": [
                    10,
                    512
                ],
                "num_params": 5120
            }
        },
        "activation_analysis": {
            "pre_activation:network.linear_0": {
                "avg_means": 0.4036193921210918,
                "std_means": 0.024432595792494863,
                "avg_stds": 0.7672155956004528,
                "std_stds": 0.01422130568316891,
                "avg_sparsity": 0.0,
                "std_sparsity": 0.0,
                "avg_mins": -0.4242128679092894,
                "std_mins": 2.5584648266538677e-08,
                "avg_maxs": 2.817097988534481,
                "std_maxs": 0.0043199450576742885,
                "avg_sum": 26382.299825465427
            },
            "post_activation:network.activation_0": {
                "avg_means": 0.49997759245811624,
                "std_means": 0.021047104505231912,
                "avg_stds": 0.6902131970892561,
                "std_stds": 0.015261946549717723,
                "avg_sparsity": 0.4410994509433178,
                "std_sparsity": 0.011325050274869474,
                "avg_mins": 0.0,
                "std_mins": 0.0,
                "avg_maxs": 2.817097988534481,
                "std_maxs": 0.0043199450576742885,
                "avg_sum": 32680.511884973403
            },
            "pre_activation:network.linear_1": {
                "avg_means": 0.749693493893806,
                "std_means": 0.030732187078176217,
                "avg_stds": 0.7109661381295387,
                "std_stds": 0.013954765317941072,
                "avg_sparsity": 0.0,
                "std_sparsity": 0.0,
                "avg_mins": 2.8558593627052992e-08,
                "std_mins": 1.017937021403511e-08,
                "avg_maxs": 2.811266209216828,
                "std_maxs": 0.009151519890420581,
                "avg_sum": 957.0332485767121
            }
        }
    }
}