{
    "train_loss": [
        2.3017931453424607,
        2.1601530305017227,
        1.8668433885438747,
        1.8038028924951057,
        1.7690261882063336,
        1.7040188182586742,
        1.6022871817457733,
        1.5698502527029028,
        1.5587459983418903,
        1.5396295045789383,
        1.5222901001360745,
        1.486235548817151,
        1.4408052244457588,
        1.3908569456841708,
        1.3495654681282585,
        1.3160007014093806,
        1.2878569983193096,
        1.2698978309947733,
        1.2700646367118258,
        1.2456287950701057,
        1.2418813171544911,
        1.2266586100885652,
        1.225104149766443,
        1.2112275674162318,
        1.2097166458859827,
        1.207123736917125,
        1.1955906584929517,
        1.206877353773298,
        1.1922561625168786,
        1.1903440244672423,
        1.1892179887724148,
        1.1816587760267665,
        1.1749029649659921,
        1.176464154398272,
        1.1732138078924603,
        1.1441003848308635,
        1.1216752393550782,
        1.0871671926918753,
        1.0680534742172296,
        1.0581020861157875,
        1.0400874546918824,
        1.0254166411562553,
        1.014034318132988,
        1.006710069156936,
        0.9989011248141103,
        0.9920300654890413,
        0.9869021627857787,
        0.9833799537041741,
        0.9765642449189137,
        0.9758005080064891,
        0.963541700094232,
        0.9586146263432164,
        0.9531142049208636,
        0.9496655342703182,
        0.9465826023811412,
        0.9394486062052125,
        0.9381626635366141,
        0.933370813515514,
        0.9285143475396939,
        0.9242736411885628,
        0.922396380330714,
        0.9166568639154118,
        0.9207946874236609,
        0.911942417446471,
        0.9082246044235772,
        0.905650837302773,
        0.9026865416793461,
        0.9003599021954559,
        0.8991684406572044,
        0.9015133690212576,
        0.8976941547970071,
        0.8969380979854349,
        0.8964415052773264,
        0.889492412455274
    ],
    "train_acc": [
        10.944444444444445,
        16.451851851851853,
        20.507407407407406,
        20.548148148148147,
        21.918518518518518,
        28.89074074074074,
        30.127777777777776,
        30.2,
        30.46851851851852,
        30.67962962962963,
        33.51481481481481,
        37.69074074074074,
        40.91851851851852,
        45.266666666666666,
        46.766666666666666,
        47.262962962962966,
        47.58518518518518,
        47.7037037037037,
        47.59074074074074,
        47.74444444444445,
        47.81111111111111,
        47.964814814814815,
        48.04259259259259,
        47.885185185185186,
        48.27037037037037,
        48.035185185185185,
        48.053703703703704,
        47.9537037037037,
        48.01481481481481,
        48.1037037037037,
        48.105555555555554,
        48.17962962962963,
        48.285185185185185,
        48.01111111111111,
        50.65185185185185,
        57.15185185185185,
        57.14259259259259,
        57.41111111111111,
        57.25925925925926,
        57.846296296296295,
        58.05185185185185,
        58.181481481481484,
        58.28148148148148,
        58.237037037037034,
        58.22592592592593,
        58.37407407407407,
        58.262962962962966,
        58.464814814814815,
        58.51111111111111,
        58.4,
        58.3537037037037,
        58.57592592592592,
        58.53888888888889,
        58.601851851851855,
        58.644444444444446,
        58.72592592592593,
        58.58518518518518,
        58.58888888888889,
        58.88703703703704,
        58.78333333333333,
        58.82037037037037,
        58.894444444444446,
        58.742592592592594,
        58.885185185185186,
        58.885185185185186,
        59.09814814814815,
        59.02037037037037,
        59.05,
        59.144444444444446,
        58.89074074074074,
        58.98148148148148,
        58.87592592592593,
        58.92777777777778,
        59.28148148148148
    ],
    "val_loss": [
        2.302308660872439,
        1.9328824053419398,
        1.824335255521409,
        1.7951277621248936,
        1.7746062963566882,
        1.6478333371750853,
        1.5995369388702068,
        1.5706044739865241,
        1.5532452096330358,
        1.5344213196571836,
        1.5131545827743855,
        1.4667504518590075,
        1.4440410745904801,
        1.3734755820416389,
        1.3784968472541648,
        1.326482022062261,
        1.279874380598677,
        1.2634902558428176,
        1.2714265026944749,
        1.2496269332601668,
        1.2423571804736524,
        1.2215302903601464,
        1.2515705722443602,
        1.2289652088855176,
        1.2296662279900084,
        1.2279966866716425,
        1.2117176170044757,
        1.2049813524205635,
        1.1957813932540569,
        1.1990863934476326,
        1.1943604426181063,
        1.1877247868700231,
        1.200983240249309,
        1.183004970246173,
        1.184355137195993,
        1.1592504965498092,
        1.137404720833961,
        1.0967349651012015,
        1.081925574769365,
        1.083556724355576,
        1.0477045520823052,
        1.0681319325528247,
        1.0388155249839133,
        1.0295585431951157,
        1.0319362003752526,
        1.0110774725041491,
        1.0138293656897037,
        1.025383562483686,
        1.0028710631614035,
        1.002208022361106,
        0.9940562983776661,
        0.9935184374768683,
        0.985607828231568,
        0.9779670352631427,
        0.9795630219134879,
        0.9697616823176121,
        0.972214715277895,
        0.9838682096055213,
        0.9626770501441144,
        0.9653330153607308,
        0.9449032101225345,
        0.9512147370805132,
        0.961831492312411,
        0.9487556865874757,
        0.9359982267339179,
        0.9384063748603172,
        0.9415323252373553,
        0.9454954799185408,
        0.9295092618211787,
        0.9365060950847383,
        0.9316833044620271,
        0.9354604026104542,
        0.937154067323563,
        0.9306287283593035
    ],
    "val_acc": [
        10.983333333333333,
        20.433333333333334,
        20.483333333333334,
        20.2,
        28.366666666666667,
        33.61666666666667,
        29.7,
        30.383333333333333,
        30.316666666666666,
        31.266666666666666,
        35.43333333333333,
        38.766666666666666,
        42.36666666666667,
        46.1,
        46.45,
        47.68333333333333,
        48.18333333333333,
        47.833333333333336,
        47.333333333333336,
        47.61666666666667,
        47.56666666666667,
        48.03333333333333,
        47.55,
        48.03333333333333,
        47.81666666666667,
        47.61666666666667,
        47.96666666666667,
        47.983333333333334,
        47.86666666666667,
        48.35,
        48.416666666666664,
        47.81666666666667,
        48.06666666666667,
        47.95,
        56.6,
        56.9,
        56.0,
        55.81666666666667,
        57.95,
        56.36666666666667,
        57.666666666666664,
        57.233333333333334,
        57.8,
        57.4,
        57.63333333333333,
        57.833333333333336,
        58.53333333333333,
        57.166666666666664,
        58.55,
        58.516666666666666,
        57.78333333333333,
        57.75,
        57.833333333333336,
        58.766666666666666,
        58.583333333333336,
        57.93333333333333,
        57.71666666666667,
        57.28333333333333,
        58.46666666666667,
        57.71666666666667,
        58.15,
        57.88333333333333,
        58.53333333333333,
        58.75,
        58.05,
        58.93333333333333,
        58.0,
        58.81666666666667,
        58.21666666666667,
        57.916666666666664,
        59.016666666666666,
        58.13333333333333,
        58.8,
        58.016666666666666
    ],