{
    "train_loss": [
        2.210975507424341,
        1.9785919257249878,
        1.926384967932769,
        1.882750463711707,
        1.7830545351403584,
        1.6990375566821527,
        1.596425694594451,
        1.5331825625274984,
        1.5006297903038315,
        1.4919316356215997,
        1.47750616186603,
        1.4692024026436827,
        1.4597684670398585,
        1.4582752715354848,
        1.4545476964864685,
        1.4376324200517194,
        1.4069865718837034,
        1.3606469100120508,
        1.3295944511042952,
        1.312581439153843,
        1.2983435191814368,
        1.2827282474504262,
        1.278849483807505,
        1.2811594611095591,
        1.2563719216963691,
        1.2445153992322948,
        1.2253176441407316,
        1.2127227613711244,
        1.2068181152309851,
        1.18946346428722,
        1.1811493690262473,
        1.173267330038604,
        1.1492107685708322,
        1.1607181062630567,
        1.1304904506387303,
        1.123469731819008,
        1.140125206437721,
        1.1298136571289803,
        1.1142728964299387,
        1.1242697851917756,
        1.111164579318033,
        1.1053538664257356,
        1.1001400683445952,
        1.107204710985247,
        1.093979026327766,
        1.0930545344171931,
        1.0852196960935097,
        1.0788067405540231,
        1.0823687300862859,
        1.08498975465083,
        1.078067892676846,
        1.0733953958721523,
        1.069755408436201
    ],
    "train_acc": [
        15.437037037037037,
        19.54074074074074,
        19.13888888888889,
        22.446296296296296,
        26.177777777777777,
        27.683333333333334,
        32.22222222222222,
        33.39074074074074,
        33.25925925925926,
        33.40185185185185,
        33.43888888888889,
        33.83518518518518,
        34.17407407407408,
        34.4,
        33.87592592592593,
        34.257407407407406,
        37.96851851851852,
        43.19074074074074,
        45.324074074074076,
        46.0462962962963,
        45.86666666666667,
        46.82962962962963,
        47.42037037037037,
        46.71666666666667,
        47.49629629629629,
        47.24444444444445,
        47.83888888888889,
        48.864814814814814,
        48.861111111111114,
        49.55185185185185,
        49.403703703703705,
        50.11851851851852,
        51.33518518518518,
        50.5,
        51.266666666666666,
        51.53888888888889,
        50.93703703703704,
        51.083333333333336,
        51.455555555555556,
        51.14074074074074,
        51.55925925925926,
        51.487037037037034,
        51.483333333333334,
        51.742592592592594,
        52.583333333333336,
        52.71111111111111,
        52.83518518518518,
        52.86666666666667,
        53.03888888888889,
        53.105555555555554,
        53.29259259259259,
        53.3,
        53.407407407407405
    ],
    "val_loss": [
        1.9900574506597315,
        1.884280042445406,
        1.8395066109109433,
        1.7906829321638067,
        1.6245519379352003,
        1.5459592114103602,
        1.4277488196149786,
        1.359130286155863,
        1.3368694909075474,
        1.3319373536617198,
        1.299761247127614,
        1.2866468505656465,
        1.3131952235039244,
        1.2850806738467926,
        1.28302349689159,
        1.278652122680177,
        1.2042379683636604,
        1.1716848992286844,
        1.1383639016049973,
        1.1183600590584126,
        1.1005036031946223,
        1.1013349662435816,
        1.1485892889347482,
        1.0902292487469125,
        1.0785555611265467,
        1.0887765554671591,
        1.048474146964702,
        1.0394652397074597,
        1.022088014064951,
        0.9957640551506205,
        0.9969158553062601,
        1.00330329194982,
        0.994106947107518,
        0.9971192276224177,
        0.957953894391973,
        0.9663380790264049,
        1.0042746675775407,
        0.9478118039192037,
        0.9635587436087588,
        0.9777163178362744,
        0.9440910131373303,
        0.9728356422261989,
        0.951658104328399,
        0.9516552331599784,
        0.9434247803180775,
        0.9391751669822855,
        0.9513287113067952,
        0.9209544138705477,
        0.9444389216443325,
        0.9489675950496754,
        0.9624981258777862,
        0.9484403146074173,
        0.9327243198739722
    ],
    "val_acc": [
        21.75,
        21.25,
        21.783333333333335,
        30.266666666666666,
        30.65,
        35.5,
        37.95,
        39.03333333333333,
        38.63333333333333,
        38.9,
        38.9,
        39.28333333333333,
        39.666666666666664,
        39.61666666666667,
        39.1,
        38.71666666666667,
        51.516666666666666,
        51.55,
        54.4,
        54.21666666666667,
        54.7,
        54.03333333333333,
        53.25,
        54.733333333333334,
        55.93333333333333,
        54.93333333333333,
        56.083333333333336,
        55.46666666666667,
        55.9,
        56.3,
        56.61666666666667,
        56.666666666666664,
        56.733333333333334,
        56.03333333333333,
        57.266666666666666,
        56.983333333333334,
        56.18333333333333,
        57.43333333333333,
        57.0,
        56.36666666666667,
        56.5,
        56.8,
        56.666666666666664,
        57.833333333333336,
        57.93333333333333,
        56.53333333333333,
        56.61666666666667,
        57.68333333333333,
        57.85,
        57.3,
        57.3,
        57.06666666666667,
        57.28333333333333
    ],
    "test_loss": 0.8954809489129465,
    "test_acc": 58.31,
    "metadata": {
        "timestamp": "2025-02-20T21:40:09.594571",
        "run_name": "0220214009_BaseMLP_LayerwiseSoftmax_several-broth",
        "model_config": {
            "class_name": "BaseMLP",
            "input_dim": 784,
            "hidden_dims": [
                512,
                256,
                128,
                64
            ],
            "output_dim": 10,
            "activation_type": "LayerwiseSoftmax",
            "dropout_prob": 0.1,
            "store_activations": true,
            "num_parameters": 575050,
            "num_trainable_parameters": 575050
        },
        "training_config": {
            "batch_size": 128,
            "learning_rate": 0.001,
            "optimizer": {
                "class_name": "Adam",
                "parameters": null
            },
            "criterion": "CrossEntropyLoss",
            "device": "cpu"
        },
        "dataset_info": {
            "name": "MNIST",
            "train_size": 54000,
            "val_size": 6000,
            "test_size": 10000,
            "input_shape": [
                1,
                28,
                28
            ],
            "num_classes": 10
        },
        "system_info": {
            "python_version": "3.12.6 (main, Sep  6 2024, 19:03:47) [Clang 15.0.0 (clang-1500.3.9.4)]",
            "pytorch_version": "2.6.0",
            "cuda_available": false,
            "cuda_version": null,
            "platform": "macOS-15.1-arm64-arm-64bit",
            "cpu_count": "arm64",
            "processor": "arm"
        },
        "git_info": {
            "commit_hash": "15e48a32d31478ac54b6c3350a900b9f6e2bcba1",
            "branch": "main",
            "is_dirty": true
        },
        "tags": [
            "layers_4",
            "dropout_0.1",
            "activation_LayerwiseSoftmax_temperature_0.2"
        ],
        "final_metrics": {
            "best_val_loss": 0.9209544138705477,
            "best_val_acc": 57.93333333333333,
            "best_epoch": 47,
            "total_epochs": 53,
            "training_duration": 136.72834,
            "test_loss": 0.8954809489129465,
            "test_acc": 58.31
        },
        "weight_analysis": {
            "network.linear_0.weight": {
                "mean": 0.0007154193590395153,