{
    "hyperparameters": {
        "harmonic": false,
        "n": null,
        "temperature": 0.1,
        "hidden_dim": 16,
        "epochs": 1000,
        "patience": 10,
        "min_delta": 0.0001,
        "batch_size": 64,
        "learning_rate": 0.001,
        "subfolder": "softmax_weights_vs_activations",
        "run_name": null
    },
    "training_history": {
        "epoch_losses": [
            1.7570134670749655,
            1.1550844914750504,
            0.9485150303032353,
            0.8641731299316959,
            0.8137952236732694,
            0.7696653285196849,
            0.7466872289681485,
            0.7251764652190178,
            0.706684921596096,
            0.6978858271832151,
            0.6922065987388717,
            0.6795475720278998,
            0.675752059228893,
            0.6404860521049134,
            0.5823709553302224,
            0.5611617619167767,
            0.5526634389911887,
            0.5483092440407413,
            0.5457792316736189,
            0.5394176161174835,
            0.53699962581907,
            0.5317768718578668,
            0.5286203362603685,
            0.5310435726889161,
            0.5230160642947469,
            0.4513413767570626,
            0.4197800663520278,
            0.40546307222707184,
            0.3942109191103149,
            0.39155127245511834,
            0.3884561294908208,
            0.38743464547052564,
            0.3867434602874174,
            0.3839454933969197,
            0.37709181783581847,
            0.3762563882129533,
            0.38163811753172355,
            0.3763093725958867,
            0.3764645283791556,
            0.37336512240392566,
            0.3735312077044043,
            0.36946622433978865,
            0.37158385539518746,
            0.37065343144161106,
            0.3680856296343844,
            0.37299508813506504,
            0.36965393873928454,
            0.3648707212320269,
            0.3649416564703623,
            0.36534768554256924,
            0.3642139508525954,
            0.3642639203477643,
            0.36236586663196846,
            0.3660143032622363,
            0.35676635372073157,
            0.359522263410249,
            0.3641483561554824,
            0.35713073446838334,
            0.35992321267978217,
            0.3584963352536596,
            0.3589061715963807,
            0.35484909683243554,
            0.35996010578644555,
            0.3577409081462858,
            0.3545853477805408,
            0.3532033297362358,
            0.35297515462520024,
            0.35417730737723774,
            0.3523205312362104,
            0.35594881762033587,
            0.35448806335740507,
            0.35154459082177963,
            0.35351781186455095,
            0.3474798932242622,
            0.32956897213991515,
            0.29388647957810204,
            0.2776072505337279,
            0.26919080329332146,
            0.26051138509819505,
            0.2568946131852581,
            0.24893577626820948,
            0.25338372723983804,
            0.24610898626654515,
            0.24861958408867246,
            0.24339613861747897,
            0.24316312582976718,
            0.2404911738635698,
            0.24133378559592436,
            0.23934890894985783,
            0.2402504959554751,
            0.2392055848474378,
            0.23807077006951197,
            0.23390507966137009,
            0.23738990623607184,
            0.23430555679205892,
            0.23144941651093554,
            0.23320460881489807,
            0.23053155747700982,
            0.23208300386474076,
            0.23124358410250023,
            0.22988087078258554,
            0.23066405360219575,
            0.23089036064695068,
            0.22596681131316082,
            0.22857750936357707,
            0.22832291588775003,
            0.22687610483833595,
            0.2262217693769538,
            0.22608756030530436,
            0.22628781618053978,
            0.22603565248758045,
            0.22628044988960028,
            0.22541415642128823,
            0.22248415500600774,
            0.2222827131202671,
            0.22678788306552972,
            0.22348765223852987,
            0.22081525626777013,
            0.2223014984605536,
            0.22291286353236323,
            0.21910613842372065,
            0.22021192995740024,
            0.22362649480282054,
            0.21985220867020488,
            0.22206056465122745,
            0.22273320324226484,
            0.21733587490978526,
            0.215235070452523,
            0.22125394570667034,
            0.2154873805875177,
            0.21761746887268543,
            0.2213205172658475,
            0.21631414111632147,
            0.2184283341755713,
            0.21452222817511893,
            0.21773952874801814,
            0.2161067290219671,
            0.2172634846119802,
            0.217477858132089,
            0.214484235234082,
            0.2134506798573712,
            0.2177344296794774,
            0.2144048827023172,
            0.21064823713582526,
            0.2137976410542565,
            0.21047779833322078,
            0.2144031393717029,
            0.2148261158181025,
            0.2160817404776049,
            0.20787337914045687,
            0.21061611516492518,
            0.2121914408560882,
            0.21072804938151893,
            0.213355040711873,
            0.21100132932453586,
            0.20890608476971323,
            0.21063288480940975,
            0.21042861617497924,
            0.20971188630892842,
            0.21138038711229176
        ],
        "early_stop_epoch": 159,
        "best_epoch": 149,
        "best_loss": 0.20787337914045687,
        "final_test_loss": 0.31018216609954835,
        "final_test_accuracy": 93.52
    },
    "timestamps": {
        "start_time": "2025-02-17 15:12:36",
        "end_time": "2025-02-17 15:15:56",
        "training_duration": "0:03:20"
    }
}