{
    "train_loss": [
        2.302585279207094,
        2.3022937220984727,
        2.299901702957696,
        2.2954208963855183,
        2.2908613602697003,
        2.2878544313647735,
        2.2856853330304836,
        2.2833111167519013,
        2.2811171471790117,
        2.278687767507906,
        2.275783355767128,
        2.273743811376852,
        2.2719759573868665,
        2.2703711365071517,
        2.2691971899773837,
        2.2680291355503677,
        2.2665342572741034,
        2.2649140691305223,
        2.2641404025362566,
        2.263521878640234,
        2.2625589551518877,
        2.262104424820127,
        2.2617636851224856,
        2.2615155800823916,
        2.261270420811188,
        2.2610597842112536,
        2.260863636907243,
        2.260698507747379,
        2.2605485983934446,
        2.2603268871940143,
        2.2601653619965107,
        2.2600028034635065,
        2.259867267586044,
        2.2597207452448624,
        2.2595831189675355,
        2.2594405226232883,
        2.259215210286362,
        2.2590047765117123,
        2.2588320411212073,
        2.2586561904699316,
        2.2584885437906634,
        2.258368649188941,
        2.2582091409448197,
        2.2580595875238356,
        2.257883054385253,
        2.257742502678062,
        2.2575941622539717,
        2.257484517956232,
        2.257386948825059,
        2.2572904277186825
    ],
    "train_acc": [
        17.074074074074073,
        12.844444444444445,
        13.512962962962963,
        18.064814814814813,
        20.261111111111113,
        21.637037037037036,
        23.274074074074075,
        24.553703703703704,
        25.598148148148148,
        27.244444444444444,
        29.71851851851852,
        31.60925925925926,
        33.035185185185185,
        33.818518518518516,
        34.37777777777778,
        34.80555555555556,
        35.294444444444444,
        35.17962962962963,
        35.842592592592595,
        35.72037037037037,
        35.912962962962965,
        35.82222222222222,
        36.07962962962963,
        36.181481481481484,
        36.394444444444446,
        36.55740740740741,
        37.24074074074074,
        37.40925925925926,
        37.522222222222226,
        37.931481481481484,
        38.47037037037037,
        38.53703703703704,
        38.67962962962963,
        38.95925925925926,
        39.15,
        39.32222222222222,
        39.93518518518518,
        40.31666666666667,
        40.61296296296296,
        40.81296296296296,
        40.99629629629629,
        41.08518518518518,
        41.23518518518519,
        41.620370370370374,
        41.80740740740741,
        42.11851851851852,
        41.83888888888889,
        41.72592592592593,
        42.02037037037037,
        41.97592592592593
    ],
    "val_loss": [
        2.302583963313001,
        2.301566022507688,
        2.297564998586127,
        2.292800964193141,
        2.288764324594051,
        2.286581612647848,
        2.2841473335915423,
        2.281926753673148,
        2.2796698022396007,
        2.277003749887994,
        2.2741562711431627,
        2.272525021370421,
        2.270723946551059,
        2.269211119793831,
        2.268266383637773,
        2.26666396222216,
        2.265166739200024,
        2.2639752144509173,
        2.2634664494940577,
        2.262461337637394,
        2.2619413264254304,
        2.261585260959382,
        2.26129342647309,
        2.2611358267195683,
        2.260855735616481,
        2.260638140617533,
        2.260460990540525,
        2.2603777063653823,
        2.260135868762402,
        2.2599442360248974,
        2.259813887007693,
        2.259642636522334,
        2.259517695041413,
        2.2593399971089463,
        2.259207933507067,
        2.259116198154206,
        2.2588448372293026,
        2.2586754839471044,
        2.258496979449658,
        2.258386647447627,
        2.25828858132058,
        2.258131321440352,
        2.2580155463928873,
        2.257841647939479,
        2.257736977110518,
        2.257579154156624,
        2.2575376490329173,
        2.257367803695354,
        2.2572706050061164,
        2.2573164879007543
    ],
    "val_acc": [
        8.3,
        13.95,
        13.683333333333334,
        19.566666666666666,
        21.166666666666668,
        23.116666666666667,
        24.683333333333334,
        25.316666666666666,
        27.15,
        28.8,
        30.75,
        32.38333333333333,
        34.06666666666667,
        33.9,
        34.3,
        34.81666666666667,
        35.15,
        35.35,
        36.06666666666667,
        35.96666666666667,
        35.61666666666667,
        35.78333333333333,
        35.96666666666667,
        35.983333333333334,
        36.18333333333333,
        36.43333333333333,
        37.25,
        37.31666666666667,
        37.7,
        37.95,
        38.11666666666667,
        38.13333333333333,
        38.56666666666667,
        38.75,
        38.93333333333333,
        39.3,
        40.36666666666667,
        40.31666666666667,
        40.63333333333333,
        40.68333333333333,
        40.833333333333336,
        41.06666666666667,
        41.28333333333333,
        41.483333333333334,
        41.36666666666667,
        41.36666666666667,
        41.61666666666667,
        42.233333333333334,
        41.916666666666664,
        41.666666666666664
    ],
    "test_loss": 2.2571730130835426,
    "test_acc": 41.98,
    "metadata": {
        "timestamp": "2025-02-21T16:56:27.462757",
        "run_name": "0221165627_BaseMLP_PowerNormalization_sticky-programming",
        "model_config": {
            "class_name": "BaseMLP",
            "input_dim": 784,
            "hidden_dims": [
                512,
                256
            ],
            "output_dim": 10,
            "activation_type": "PowerNormalization",
            "dropout_prob": 0.0,
            "store_activations": true,
            "num_parameters": 535040,
            "num_trainable_parameters": 535040
        },
        "training_config": {
            "batch_size": 128,
            "learning_rate": 0.001,
            "optimizer": {
                "class_name": "Adam",
                "parameters": null
            },
            "criterion": "CrossEntropyLoss",
            "device": "cpu"
        },
        "dataset_info": {
            "name": "MNIST",
            "train_size": 54000,
            "val_size": 6000,
            "test_size": 10000,
            "input_shape": [
                1,
                28,
                28
            ],
            "num_classes": 10
        },
        "system_info": {
            "python_version": "3.12.6 (main, Sep  6 2024, 19:03:47) [Clang 15.0.0 (clang-1500.3.9.4)]",
            "pytorch_version": "2.6.0",
            "cuda_available": false,
            "cuda_version": null,
            "platform": "macOS-15.1-arm64-arm-64bit",
            "cpu_count": "arm64",
            "processor": "arm"
        },
        "git_info": {
            "commit_hash": "a3b0a5e3f94443cb345268bf1f25446ff58657b8",
            "branch": "main",
            "is_dirty": true
        },
        "tags": [
            "stochastic_layers_2",
            "activation_PowerNormalization_layer_temperature_0.5"
        ],
        "final_metrics": {
            "best_val_loss": 2.2572706050061164,
            "best_val_acc": 42.233333333333334,
            "best_epoch": 48,
            "total_epochs": 50,
            "training_duration": 134.109997,
            "test_loss": 2.2571730130835426,
            "test_acc": 41.98
        },
        "weight_analysis": {
            "network.linear_0.raw_weight": {
                "mean": 0.11322981119155884,
                "std": 0.45410478115081787,
                "min": -5.388214111328125,
                "max": 3.322284460067749,
                "norm": 296.5126647949219,
                "sparsity": 0.0
            },