{
    "train_loss": [
        2.301951866579282,
        2.2023834478798636,
        1.9573931815499943,
        1.9044554583834246,
        1.8747073674653945,
        1.8508434688310487,
        1.7396949636992685,
        1.629513194493208,
        1.5771994183978764,
        1.5290632649055589,
        1.461295258659887,
        1.4144501587225928,
        1.3853860943803291,
        1.326330601604064,
        1.2534169153579604,
        1.217486613452152,
        1.1938952706153925,
        1.1841163296270145,
        1.1639386408419405,
        1.1487265305496506,
        1.136441285152571,
        1.0941115918600164,
        1.0639674268062647,
        1.040803967352727,
        1.025814829279461,
        1.0118259373716834,
        0.9765624988700541,
        0.9272497806221388,
        0.8947428553872764,
        0.8834342582248399,
        0.8762962102042555,
        0.8565548185206138,
        0.8493643654466241,
        0.8469950397150211,
        0.8323066952104252,
        0.822554092836606,
        0.8068887612548484,
        0.7997456269241622,
        0.77860068342697,
        0.7636604112753936,
        0.7487166835374742,
        0.7373178570191442,
        0.7217685359914155,
        0.7151404750573127,
        0.7200361861013124,
        0.6962147753385571,
        0.6983060673656056,
        0.6802401159188194,
        0.6737156648771457,
        0.6713215433308298,
        0.6698421011038866,
        0.6596306594203434,
        0.6523082901092502,
        0.635608793364317
    ],
    "train_acc": [
        10.885185185185184,
        16.114814814814814,
        19.653703703703705,
        19.796296296296298,
        20.285185185185185,
        23.10925925925926,
        28.414814814814815,
        30.635185185185186,
        34.16111111111111,
        34.737037037037034,
        38.79814814814815,
        41.79074074074074,
        45.31481481481482,
        46.964814814814815,
        49.08148148148148,
        49.6462962962963,
        49.73888888888889,
        49.824074074074076,
        50.50555555555555,
        52.43518518518518,
        55.47962962962963,
        56.51111111111111,
        57.40555555555556,
        57.762962962962966,
        58.931481481481484,
        59.7962962962963,
        62.096296296296295,
        64.30185185185185,
        65.21666666666667,
        66.06666666666666,
        65.96481481481482,
        66.41481481481482,
        66.6962962962963,
        67.00555555555556,
        68.27407407407408,
        68.78518518518518,
        69.98148148148148,
        70.60925925925926,
        71.3962962962963,
        71.99259259259259,
        72.68518518518519,
        72.87962962962963,
        73.62407407407407,
        73.90925925925926,
        73.58888888888889,
        74.12592592592593,
        74.38518518518518,
        74.79629629629629,
        74.93333333333334,
        74.82222222222222,
        74.89444444444445,
        75.29629629629629,
        76.67037037037036,
        77.72222222222223
    ],
    "val_loss": [
        2.3009433086882245,
        1.9807768628952351,
        1.862540732038782,
        1.8235819517297949,
        1.8157419017020693,
        1.7634577649704954,
        1.5493978211220274,
        1.5020911389208855,
        1.4349099321568266,
        1.3632541286184432,
        1.3010441597471847,
        1.2508778115536303,
        1.2239479739615258,
        1.1029207719133256,
        1.039248749296716,
        1.0066468056212081,
        0.980865147519619,
        0.9859649310720727,
        0.9440013335106221,
        0.9378372481528748,
        0.9051451594271558,
        0.8620458131140851,
        0.8289945975263068,
        0.7954635658162705,
        0.7946054707182214,
        0.7671618689881995,
        0.7022960395254987,
        0.6459120993918561,
        0.6203293026761806,
        0.6289883991505237,
        0.6104300174307316,
        0.5899948921609433,
        0.6025774821322015,
        0.600768451360946,
        0.5781353401376846,
        0.5728145387578518,
        0.5579825138792078,
        0.5507818714101264,
        0.5233168361034799,
        0.5213844909312877,
        0.51274769610547,
        0.4903427096123391,
        0.47722725728724863,
        0.4943207876479372,
        0.4752487730472646,
        0.4673180599161919,
        0.45354208476999974,
        0.46299978329780256,
        0.4337117931944259,
        0.45538842741479263,
        0.4453379733765379,
        0.4410710144550242,
        0.443970299781637,
        0.44797381251416307
    ],
    "val_acc": [
        11.166666666666666,
        20.466666666666665,
        20.183333333333334,
        20.35,
        21.083333333333332,
        27.666666666666668,
        29.716666666666665,
        36.43333333333333,
        37.88333333333333,
        45.483333333333334,
        47.55,
        47.233333333333334,
        52.016666666666666,
        56.25,
        56.71666666666667,
        57.3,
        57.083333333333336,
        57.0,
        57.43333333333333,
        63.61666666666667,
        64.7,
        65.43333333333334,
        65.91666666666667,
        68.05,
        69.3,
        71.5,
        74.41666666666667,
        75.31666666666666,
        76.61666666666666,
        76.1,
        76.75,
        77.86666666666666,
        77.21666666666667,
        77.41666666666667,
        79.15,
        79.78333333333333,
        81.35,
        81.83333333333333,
        82.66666666666667,
        82.98333333333333,
        83.48333333333333,
        83.81666666666666,
        84.08333333333333,
        83.96666666666667,
        83.85,
        84.01666666666667,
        84.21666666666667,
        84.61666666666666,
        84.9,
        83.85,
        84.05,
        84.65,
        85.05,
        84.01666666666667
    ],
    "test_loss": 0.41994192856776563,
    "test_acc": 84.56,
    "metadata": {
        "timestamp": "2025-02-20T21:37:48.181141",
        "run_name": "0220213748_BaseMLP_LayerwiseSoftmax_steel-vulture",
        "model_config": {
            "class_name": "BaseMLP",
            "input_dim": 784,
            "hidden_dims": [
                512,
                256,
                128,
                64
            ],
            "output_dim": 10,
            "activation_type": "LayerwiseSoftmax",
            "dropout_prob": 0.1,
            "store_activations": true,
            "num_parameters": 575050,
            "num_trainable_parameters": 575050
        },
        "training_config": {
            "batch_size": 128,
            "learning_rate": 0.001,
            "optimizer": {
                "class_name": "Adam",
                "parameters": null
            },
            "criterion": "CrossEntropyLoss",
            "device": "cpu"
        },
        "dataset_info": {
            "name": "MNIST",
            "train_size": 54000,
            "val_size": 6000,
            "test_size": 10000,
            "input_shape": [
                1,
                28,
                28
            ],
            "num_classes": 10
        },
        "system_info": {
            "python_version": "3.12.6 (main, Sep  6 2024, 19:03:47) [Clang 15.0.0 (clang-1500.3.9.4)]",
            "pytorch_version": "2.6.0",
            "cuda_available": false,
            "cuda_version": null,
            "platform": "macOS-15.1-arm64-arm-64bit",
            "cpu_count": "arm64",
            "processor": "arm"
        },
        "git_info": {
            "commit_hash": "15e48a32d31478ac54b6c3350a900b9f6e2bcba1",
            "branch": "main",
            "is_dirty": true
        },
        "tags": [
            "layers_4",
            "dropout_0.1",
            "activation_LayerwiseSoftmax_temperature_0.5"
        ],
        "final_metrics": {
            "best_val_loss": 0.4337117931944259,
            "best_val_acc": 85.05,
            "best_epoch": 48,
            "total_epochs": 54,
            "training_duration": 140.993062,