{
    "hyperparameters": {
        "harmonic": true,
        "n": 61.0,
        "epochs": 100,
        "patience": 10,
        "min_delta": 0.0001,
        "batch_size": 64,
        "learning_rate": 0.001,
        "run_name": null
    },
    "training_history": {
        "epoch_losses": [
            0.47744475956410487,
            0.30458777470947074,
            0.2841752105668537,
            0.27493285159788916,
            0.26892274144743045,
            0.2653082712515712,
            0.26142112136300183,
            0.2592750176080445,
            0.25677882912538963,
            0.25472925869879054,
            0.2538121289678855,
            0.25203658684865754,
            0.250748715822154,
            0.24983421292926458,
            0.24884037570213713,
            0.2483077848246738,
            0.24750436376581694,
            0.2468619866530969,
            0.24672720070555013,
            0.24547611312396617,
            0.24489136718150015,
            0.24434580323872154,
            0.2434816111101588,
            0.2432989421199316,
            0.2431413940171888,
            0.24233180153638378,
            0.2426368964355447,
            0.24176853076656107,
            0.24106954762549287,
            0.2414283341825453,
            0.24076415943517995,
            0.24044367199990033,
            0.23958093919622492,
            0.23976309990673178,
            0.23962062534127535,
            0.23960123043944206,
            0.23927866217138163,
            0.23832061251740594,
            0.23887097988047326,
            0.23813309757185896,
            0.2380285383875309,
            0.23819247987875933,
            0.23799005912533447,
            0.23771955299256706,
            0.23769179308640043,
            0.23709005725853988,
            0.2372948645886137,
            0.23679114479039395,
            0.2369946186810033,
            0.23683323899804276,
            0.23707351172720192,
            0.2365810580805802,
            0.23658516289773526,
            0.23609230913587217,
            0.23623023273895927,
            0.23542854169617966,
            0.2357641280944477,
            0.23580069786735944,
            0.23553547705176162,
            0.23550270943404006,
            0.23487164663559973,
            0.23520927048171125,
            0.2351566941689835,
            0.2352483209961259,
            0.23458988044752496,
            0.235040339357309,
            0.23525961264094183,
            0.23496789751308306,
            0.23553068713862885,
            0.23460628271801895,
            0.23420143689809322,
            0.23473683133054135,
            0.23457941869253923,
            0.23456190243712874,
            0.23474239801833116,
            0.23383722906666143,
            0.23387756571173668,
            0.23356439216114055,
            0.23405612688233604,
            0.2340456604210934,
            0.23381595506962302,
            0.23315988322183775,
            0.2333261360809493,
            0.23407673080767522,
            0.2338566166410314,
            0.23401895458541955,
            0.23351150125995881,
            0.23319779884522912,
            0.23289696311057884,
            0.23366962021776735,
            0.23369273381319636,
            0.23303344072913057,
            0.2328528651455318,
            0.23373538531315352,
            0.23357769564937936,
            0.23296436120563352,
            0.23310559517396157,
            0.2328090022828406,
            0.23335478843640545
        ],
        "early_stop_epoch": 98,
        "best_epoch": 88,
        "best_loss": 0.23289696311057884,
        "final_test_loss": 0.2564146250486374,
        "final_test_accuracy": 92.67
    },
    "timestamps": {
        "start_time": "2025-02-15 20:09:36",
        "end_time": "2025-02-15 20:11:43",
        "training_duration": "0:02:07"
    }
}