{
    "hyperparameters": {
        "harmonic": true,
        "n": 28.0,
        "epochs": 100,
        "patience": 10,
        "min_delta": 0.0001,
        "batch_size": 64,
        "learning_rate": 0.001,
        "run_name": null
    },
    "training_history": {
        "epoch_losses": [
            0.617005212871886,
            0.34613419941334583,
            0.3117673860064575,
            0.2963180755263071,
            0.28671183699229635,
            0.2801546246004003,
            0.27573828835254793,
            0.2715331010504572,
            0.26909386457156526,
            0.26643990112869725,
            0.26469029118813303,
            0.2632632283156297,
            0.26183997421487687,
            0.26072384730013193,
            0.25946388936945114,
            0.25864581550870624,
            0.25772972787017506,
            0.2569255283289055,
            0.25653439470286815,
            0.25556114901389393,
            0.2552905413133503,
            0.25429292047011065,
            0.2544719421231289,
            0.25386464697465716,
            0.25320874120412606,
            0.25314955703262837,
            0.25251060675011516,
            0.25245706256089817,
            0.2522566358227211,
            0.25175803594751905,
            0.25195153876106496,
            0.2514324559252272,
            0.25149120971052125,
            0.25114858173517024,
            0.2508955559750864,
            0.2510155778465622,
            0.2508588881253688,
            0.25056037024013017,
            0.2505359351436403,
            0.25047799322936837,
            0.25046876207121144,
            0.25008780957221477,
            0.2502453098816277,
            0.24998833066714343,
            0.24974277111163526,
            0.24983983732331028,
            0.24989751516295267,
            0.24992367818252617,
            0.24997344182959116,
            0.24974375742394278,
            0.24965462957554535,
            0.24979725198895691,
            0.24959751421105125,
            0.2494379153002554,
            0.24935716427942076,
            0.24986694508921237,
            0.24912198993172854,
            0.24945527735327097,
            0.2493355982799901,
            0.24948879876243535,
            0.24941387455632438,
            0.24940467437606123,
            0.24957327534363213,
            0.24933518843054137,
            0.2491674661548979,
            0.2494049650122489,
            0.24934193735787355
        ],
        "early_stop_epoch": 66,
        "best_epoch": 56,
        "best_loss": 0.24912198993172854,
        "final_test_loss": 0.25205554217100146,
        "final_test_accuracy": 92.55
    },
    "timestamps": {
        "start_time": "2025-02-15 19:37:11",
        "end_time": "2025-02-15 19:38:31",
        "training_duration": "0:01:20"
    }
}