{
    "hyperparameters": {
        "harmonic": true,
        "n": 43.0,
        "epochs": 100,
        "patience": 10,
        "min_delta": 0.0001,
        "batch_size": 64,
        "learning_rate": 0.001,
        "run_name": null
    },
    "training_history": {
        "epoch_losses": [
            0.5268077624123743,
            0.3179459874389141,
            0.293419294607347,
            0.28165878234768726,
            0.2748403528621837,
            0.2693667567805695,
            0.2660666232757858,
            0.2633334987246787,
            0.26025415393811807,
            0.2585729142782022,
            0.25718608438206125,
            0.25558933521956523,
            0.25406624853356813,
            0.25330648264651107,
            0.2519045835698464,
            0.2511020728519985,
            0.25022414116971275,
            0.2499139203485459,
            0.24847316871415068,
            0.24781409863914763,
            0.2467930007384403,
            0.2467230124625443,
            0.24650218402112978,
            0.24569916543660006,
            0.24511188452940252,
            0.24544683482442328,
            0.24437275785071128,
            0.24348263648241314,
            0.2437119946828974,
            0.2432178843782337,
            0.24279356360642004,
            0.24273620757149228,
            0.24180222526669248,
            0.24218626736975046,
            0.2422813158124876,
            0.24133566161319772,
            0.2418914369936945,
            0.24149349554658317,
            0.24092098017300623,
            0.24097843763273535,
            0.24020050564554454,
            0.24045625895754233,
            0.24000084795343724,
            0.23954880664915418,
            0.24032131969325068,
            0.2400452734660238,
            0.23978770569141614,
            0.23934206592121612,
            0.23907368754082398,
            0.23882021935684467,
            0.23887712054494728,
            0.23876029525452586,
            0.23865763655603567,
            0.23874578850943523,
            0.238665674969967,
            0.23832788475668,
            0.2381615407669595,
            0.23856078040228088,
            0.2382979933609332,
            0.23798010964939462,
            0.23784726581720908,
            0.23781887055444184,
            0.23772293214858975,
            0.2376307836378307,
            0.23755835226254424,
            0.23768764022173786,
            0.23767044164859918,
            0.23758894023197547,
            0.23740899613274058,
            0.23731944095224206,
            0.2372829264192693,
            0.23753054481325372,
            0.23711887943639812,
            0.2371284946926367,
            0.23675453508379998,
            0.23682924138822917,
            0.2373707129050102,
            0.23725526524918167,
            0.2366450263826705,
            0.2371757453811893,
            0.23671282580825312,
            0.23686570294106057,
            0.23669740319379104,
            0.23694882225364383,
            0.23686167337238662,
            0.23653481980122482,
            0.23645273738228945,
            0.2371179558026956,
            0.2364596644404537,
            0.23677806843763222,
            0.23677050377101277,
            0.23632684429444228,
            0.23680319693455817,
            0.23663061186432965,
            0.23681717935893962,
            0.23639673226153546,
            0.23656713799722412,
            0.23637745783590813,
            0.2366569759423481,
            0.23630899370812786
        ],
        "early_stop_epoch": null,
        "best_epoch": 91,
        "best_loss": 0.23632684429444228,
        "final_test_loss": 0.25552293881773946,
        "final_test_accuracy": 92.41
    },
    "timestamps": {
        "start_time": "2025-02-15 20:03:17",
        "end_time": "2025-02-15 20:05:33",
        "training_duration": "0:02:16"
    }
}