{
    "hyperparameters": {
        "harmonic": true,
        "n": 49.0,
        "epochs": 100,
        "patience": 10,
        "min_delta": 0.0001,
        "batch_size": 64,
        "learning_rate": 0.001,
        "run_name": null
    },
    "training_history": {
        "epoch_losses": [
            0.5037224829228703,
            0.31282728076425953,
            0.28997151324870996,
            0.2791543622245031,
            0.27261633992290446,
            0.267749584726751,
            0.2642525216298444,
            0.26111181491791313,
            0.25894890106054763,
            0.25751894791481467,
            0.25555104323065103,
            0.25408261441695157,
            0.25283570386675885,
            0.25228739724055665,
            0.25112052227674264,
            0.2495521371886293,
            0.24846244741207374,
            0.24823945958508867,
            0.24776582394851676,
            0.24674551557503274,
            0.24649890223101004,
            0.24536339880259178,
            0.24538306772375285,
            0.2441115444387073,
            0.24412955967252697,
            0.24366538528837503,
            0.24352137512092525,
            0.242935741649889,
            0.2427213624008556,
            0.24223875396176062,
            0.2419251271926645,
            0.24123902304737427,
            0.2413004641053773,
            0.24034151931338982,
            0.24078956438200688,
            0.24057125527340212,
            0.24002931829391003,
            0.23973280784370168,
            0.2397316012547405,
            0.23923351035824716,
            0.2390385763461529,
            0.23877117957975438,
            0.23911244963119024,
            0.23879999769077118,
            0.2387300194310608,
            0.2381566176687413,
            0.23805884986734593,
            0.23830752892058288,
            0.23793469252251487,
            0.2377493578765883,
            0.23770526190921823,
            0.2372682291323315,
            0.23736099180366313,
            0.23709424029884815,
            0.23741589346801295,
            0.23689617721367873,
            0.2367710864929947,
            0.2369654470486745,
            0.23685177429112544,
            0.2366108635722447,
            0.23670398709632312,
            0.23652097620546564,
            0.23662523276754407,
            0.23607472749724825,
            0.23610301637477965,
            0.23579942507307922,
            0.2365545502691063,
            0.23559922182253365,
            0.23573555037188632,
            0.23580909025932806,
            0.23564181765164138,
            0.23528261413611073,
            0.2351990549692086,
            0.2358173637517861,
            0.23522670586098995,
            0.23586436511992392,
            0.23507171303335664,
            0.23556469175527725,
            0.23520171931827627,
            0.23539884608866438,
            0.2349081947200143,
            0.23544650384659832,
            0.2348099972234606,
            0.23499189279496924,
            0.2347868837392343,
            0.23498812352797624,
            0.23496746432695434,
            0.23530181444117002,
            0.2350266399993889,
            0.23468876019247306,
            0.23483348196185727,
            0.23468268955392496,
            0.2347862505272571,
            0.23472772834540556,
            0.23495561824138486,
            0.23499938317024505,
            0.2344764574631445,
            0.2347793340293774,
            0.23478426318814252,
            0.23464325545772688
        ],
        "early_stop_epoch": null,
        "best_epoch": 96,
        "best_loss": 0.2344764574631445,
        "final_test_loss": 0.2536425068974495,
        "final_test_accuracy": 92.77
    },
    "timestamps": {
        "start_time": "2025-02-15 20:05:35",
        "end_time": "2025-02-15 20:07:47",
        "training_duration": "0:02:12"
    }
}