{
    "hyperparameters": {
        "harmonic": true,
        "n": 31.0,
        "epochs": 100,
        "patience": 10,
        "min_delta": 0.0001,
        "batch_size": 64,
        "learning_rate": 0.001,
        "run_name": null
    },
    "training_history": {
        "epoch_losses": [
            0.5950591820897833,
            0.339025355057358,
            0.3068857271629356,
            0.29194405743244617,
            0.2832425521142574,
            0.2770800808392989,
            0.27299172786284864,
            0.2690648240432429,
            0.26710266750186745,
            0.26403648406267166,
            0.2624737382181354,
            0.2606358258867823,
            0.2592736499697796,
            0.2582276183118952,
            0.2570560782480596,
            0.25604335573722303,
            0.2551580520469878,
            0.25439819320242035,
            0.2536728698363119,
            0.25306326476559204,
            0.25235653774284605,
            0.2517424165003145,
            0.25131068906899706,
            0.2509361742926178,
            0.2506035050984893,
            0.2504171603269923,
            0.25006729267489936,
            0.24947750648614694,
            0.24887451544594663,
            0.24908585529496421,
            0.24894187130780618,
            0.24816106743157418,
            0.24816410859494703,
            0.248322540699546,
            0.2478685961134716,
            0.24732163600099366,
            0.24738501015105355,
            0.24747972678083346,
            0.247087611695692,
            0.24727277446990964,
            0.24655015768606398,
            0.2469486577877167,
            0.24687438439538104,
            0.24665908431654165,
            0.24658817244268683,
            0.24633620480405116,
            0.24632500291569656,
            0.24606982173759545,
            0.2461564729510467,
            0.24601988535700067,
            0.24605344480940147,
            0.24627260094099462,
            0.24594250155378505,
            0.24613520629338617,
            0.24584668606265522,
            0.2454764878214486,
            0.24569002519856128,
            0.24568981999781594,
            0.24552918377239058,
            0.24552060705401116,
            0.24542927147467125,
            0.24554487278879578,
            0.24560529065094014,
            0.24556657378829871,
            0.24544799082012955,
            0.24514096597237373,
            0.24552924246358465,
            0.24571765336527754,
            0.24553796786393947,
            0.24558527267246105,
            0.24557986448822752,
            0.24552925773012613,
            0.24513249106800505,
            0.24506068226100922,
            0.2453236363446916,
            0.24551031453364186
        ],
        "early_stop_epoch": 75,
        "best_epoch": 65,
        "best_loss": 0.24514096597237373,
        "final_test_loss": 0.24999563172459602,
        "final_test_accuracy": 92.66
    },
    "timestamps": {
        "start_time": "2025-02-15 20:00:04",
        "end_time": "2025-02-15 20:01:41",
        "training_duration": "0:01:37"
    }
}