{
    "hyperparameters": {
        "harmonic": true,
        "n": 55.0,
        "epochs": 100,
        "patience": 10,
        "min_delta": 0.0001,
        "batch_size": 64,
        "learning_rate": 0.001,
        "run_name": null
    },
    "training_history": {
        "epoch_losses": [
            0.4873370415429825,
            0.3076883480588256,
            0.2867170042876623,
            0.2769836902435718,
            0.27150379844915384,
            0.26604429276576685,
            0.26289072423887405,
            0.26012153899285206,
            0.2582017462224022,
            0.2565586627371657,
            0.2538940698178465,
            0.25346853114616896,
            0.25186924710234343,
            0.2505292551341786,
            0.2497237851140278,
            0.24896492276475754,
            0.24786050416735697,
            0.24720337393997446,
            0.24642056433646792,
            0.2458366475808722,
            0.2459639233272912,
            0.24491147652490816,
            0.24464163586878573,
            0.24366783695037303,
            0.24311743939180236,
            0.24284251098598497,
            0.24278988921915545,
            0.24231713643269753,
            0.242174939905752,
            0.24182727116384486,
            0.24086486095034365,
            0.24097864431485946,
            0.24047925575439738,
            0.24040206200055986,
            0.23943990808544255,
            0.24003951311476832,
            0.23977846017619694,
            0.23847729856891037,
            0.2385319587288063,
            0.23860581979346174,
            0.23851289688698898,
            0.23837484816101187,
            0.23806539915803906,
            0.23771433197438463,
            0.23779207046256898,
            0.2380253671765772,
            0.23800487823482516,
            0.23742205356912954,
            0.23729937099444587,
            0.23715678999212378,
            0.23675840900841552,
            0.23688916869556853,
            0.23668248883522014,
            0.235993074976019,
            0.23625543555502954,
            0.2367290181042289,
            0.23638654114213833,
            0.23620953728188712,
            0.23597313300855377,
            0.23648154570349753,
            0.23565556030712528,
            0.23548683512614352,
            0.23552961987473053,
            0.2355587501555427,
            0.23492382232473094,
            0.23522872447586263,
            0.23546325326807846,
            0.23563538683947724,
            0.2352958247542127,
            0.23491888536589106,
            0.23511569525625534,
            0.2350716684013605,
            0.2348567573413221,
            0.23432577910946248,
            0.2350956292064396,
            0.2349297561521914,
            0.23487595828182534,
            0.23440111013872028,
            0.23453273318374335,
            0.23447031230290435,
            0.23439412259820427,
            0.23433313889305857,
            0.23423839988373618,
            0.234548318261372
        ],
        "early_stop_epoch": 83,
        "best_epoch": 73,
        "best_loss": 0.23432577910946248,
        "final_test_loss": 0.25519323647022246,
        "final_test_accuracy": 92.68
    },
    "timestamps": {
        "start_time": "2025-02-15 20:07:49",
        "end_time": "2025-02-15 20:09:34",
        "training_duration": "0:01:45"
    }
}