{
    "train_loss": [
        0.3014893936019797,
        0.10697726595052187,
        0.07215770225810832,
        0.05447702943645329,
        0.04419647517307304,
        0.035508701404538975,
        0.031870482760366775,
        0.02594699000853381,
        0.023773519726557286,
        0.021542541120919703,
        0.01951256251291309
    ],
    "train_acc": [
        90.8425925925926,
        96.72407407407407,
        97.82777777777778,
        98.2925925925926,
        98.60740740740741,
        98.83703703703704,
        99.00185185185185,
        99.17962962962963,
        99.25740740740741,
        99.30555555555556,
        99.38148148148149
    ],
    "val_loss": [
        0.14727905852363465,
        0.11407216574917449,
        0.10088135020688493,
        0.10645673420042434,
        0.1011430326096238,
        0.08460431656938919,
        0.09085563074876653,
        0.11582703921111658,
        0.0999903558020262,
        0.11180345259329423,
        0.09754550246957769
    ],
    "val_acc": [
        95.58333333333333,
        96.68333333333334,
        97.11666666666666,
        96.91666666666667,
        97.16666666666667,
        97.61666666666666,
        97.5,
        97.41666666666667,
        97.55,
        97.38333333333334,
        97.61666666666666
    ],
    "test_loss": 0.08801514278908328,
    "test_acc": 97.87,
    "metadata": {
        "timestamp": "2025-02-20T16:01:47.315638",
        "run_name": "vibrant-motor",
        "model_config": {
            "class_name": "BaseMLP",
            "input_dim": 784,
            "hidden_dims": [
                512,
                256,
                128,
                64
            ],
            "output_dim": 10,
            "activation_type": "ReLU",
            "dropout_prob": 0.0,
            "store_activations": true,
            "num_parameters": 575050,
            "num_trainable_parameters": 575050
        },
        "training_config": {
            "batch_size": 128,
            "learning_rate": 0.001,
            "optimizer": {
                "class_name": "Adam",
                "parameters": null
            },
            "criterion": "CrossEntropyLoss",
            "device": "cpu"
        },
        "dataset_info": {
            "name": "MNIST",
            "train_size": 54000,
            "val_size": 6000,
            "test_size": 10000,
            "input_shape": [
                1,
                28,
                28
            ],
            "num_classes": 10
        },
        "system_info": {
            "python_version": "3.12.6 (main, Sep  6 2024, 19:03:47) [Clang 15.0.0 (clang-1500.3.9.4)]",
            "pytorch_version": "2.6.0",
            "cuda_available": false,
            "cuda_version": null,
            "platform": "macOS-15.1-arm64-arm-64bit",
            "cpu_count": "arm64",
            "processor": "arm"
        },
        "git_info": {
            "commit_hash": "5517e256902e60e8c7e9d5795adcb43074322259",
            "branch": "main",
            "is_dirty": true
        },
        "tags": [
            "baseline",
            "large_model"
        ],
        "final_metrics": {
            "best_val_loss": 0.08460431656938919,
            "best_val_acc": 97.61666666666666,
            "best_epoch": 5,
            "total_epochs": 11,
            "training_duration": 28.184845,
            "test_loss": 0.08801514278908328,
            "test_acc": 97.87
        }
    }
}