{
    "train_loss": [
        2.1660291083616103,
        1.8809412020077638,
        1.8064734873613475,
        1.7481991462232942,
        1.6903761458622901,
        1.6783693938458701,
        1.6474099851332569,
        1.6405876778878308,
        1.6404731010938707,
        1.6297493610901854,
        1.620737595863252,
        1.6284900991272588,
        1.6247299624280342,
        1.6213852692554347,
        1.5800092694883663,
        1.5565849655612385,
        1.5329647615057598,
        1.5250659503078008,
        1.5268197130252965,
        1.4851488657472258,
        1.4503215226516903,
        1.4299826777376834,
        1.4197796634023223,
        1.4002296786172694,
        1.3865529392002882,
        1.3920570668451029,
        1.3785762549576601,
        1.3867286452184922,
        1.3863521622255515,
        1.3759396341739674,
        1.3728104278939595,
        1.3727212858991036,
        1.369698424474888,
        1.3598627196669013,
        1.3452077663340274,
        1.3364730796542779
    ],
    "train_acc": [
        19.9,
        26.896296296296295,
        26.566666666666666,
        26.683333333333334,
        26.992592592592594,
        26.583333333333332,
        26.951851851851853,
        26.99074074074074,
        26.833333333333332,
        26.91296296296296,
        26.896296296296295,
        26.853703703703705,
        27.037037037037038,
        28.894444444444446,
        33.52407407407407,
        33.46111111111111,
        34.120370370370374,
        34.10740740740741,
        33.99074074074074,
        39.601851851851855,
        39.9537037037037,
        40.65,
        40.9,
        40.85925925925926,
        41.1,
        41.114814814814814,
        41.12592592592593,
        41.04074074074074,
        41.24444444444445,
        41.31296296296296,
        41.42777777777778,
        41.13333333333333,
        41.59074074074074,
        41.737037037037034,
        41.89259259259259,
        42.53333333333333
    ],
    "val_loss": [
        1.9800316044624815,
        1.7352564284142027,
        1.7460048629882488,
        1.5840808026334072,
        1.5478965982477715,
        1.5138131227899105,
        1.4908653497695923,
        1.522172029982222,
        1.4689350153537506,
        1.4609897846871234,
        1.4778920158426812,
        1.4557568418218734,
        1.4561579836175798,
        1.440088487685995,
        1.3865018296749034,
        1.3637892641919724,
        1.362720068464888,
        1.3204624855771978,
        1.3143262203703536,
        1.294692561981526,
        1.2491169356285257,
        1.2307656901947996,
        1.239874061117781,
        1.1911797523498535,
        1.1962080382286233,
        1.1612905187809721,
        1.1800211515832455,
        1.1666078973323741,
        1.1739457744233153,
        1.178523578542344,
        1.1246372169636665,
        1.1639846056065661,
        1.195583389160481,
        1.1315206099063793,
        1.1290188710740272,
        1.1355319733315326
    ],
    "val_acc": [
        27.583333333333332,
        29.283333333333335,
        29.716666666666665,
        29.766666666666666,
        29.616666666666667,
        29.6,
        29.8,
        29.416666666666668,
        29.883333333333333,
        30.666666666666668,
        29.7,
        30.333333333333332,
        29.933333333333334,
        38.93333333333333,
        38.43333333333333,
        39.233333333333334,
        39.483333333333334,
        39.55,
        39.3,
        45.333333333333336,
        46.266666666666666,
        47.0,
        46.583333333333336,
        47.35,
        46.88333333333333,
        47.43333333333333,
        47.95,
        47.516666666666666,
        47.7,
        47.516666666666666,
        47.93333333333333,
        47.666666666666664,
        46.6,
        48.083333333333336,
        48.1,
        47.86666666666667
    ],
    "test_loss": 1.1358510338807408,
    "test_acc": 48.82,
    "metadata": {
        "timestamp": "2025-02-20T21:42:26.742329",
        "run_name": "0220214226_BaseMLP_LayerwiseSoftmax_bounded-base",
        "model_config": {
            "class_name": "BaseMLP",
            "input_dim": 784,
            "hidden_dims": [
                512,
                256,
                128,
                64
            ],
            "output_dim": 10,
            "activation_type": "LayerwiseSoftmax",
            "dropout_prob": 0.1,
            "store_activations": true,
            "num_parameters": 575050,
            "num_trainable_parameters": 575050
        },
        "training_config": {
            "batch_size": 128,
            "learning_rate": 0.001,
            "optimizer": {
                "class_name": "Adam",
                "parameters": null
            },
            "criterion": "CrossEntropyLoss",
            "device": "cpu"
        },
        "dataset_info": {
            "name": "MNIST",
            "train_size": 54000,
            "val_size": 6000,
            "test_size": 10000,
            "input_shape": [
                1,
                28,
                28
            ],
            "num_classes": 10
        },
        "system_info": {
            "python_version": "3.12.6 (main, Sep  6 2024, 19:03:47) [Clang 15.0.0 (clang-1500.3.9.4)]",
            "pytorch_version": "2.6.0",
            "cuda_available": false,
            "cuda_version": null,
            "platform": "macOS-15.1-arm64-arm-64bit",
            "cpu_count": "arm64",
            "processor": "arm"
        },
        "git_info": {
            "commit_hash": "15e48a32d31478ac54b6c3350a900b9f6e2bcba1",
            "branch": "main",
            "is_dirty": true
        },
        "tags": [
            "layers_4",
            "dropout_0.1",
            "activation_LayerwiseSoftmax_temperature_0.1"
        ],
        "final_metrics": {
            "best_val_loss": 1.1246372169636665,
            "best_val_acc": 48.1,
            "best_epoch": 30,
            "total_epochs": 36,
            "training_duration": 92.794799,
            "test_loss": 1.1358510338807408,
            "test_acc": 48.82
        },
        "weight_analysis": {
            "network.linear_0.weight": {
                "mean": 0.00011473608901724219,
                "std": 0.023663951084017754,
                "min": -0.6140723824501038,
                "max": 0.5637649893760681,
                "norm": 14.992777824401855,
                "sparsity": 0.0
            },
            "network.linear_1.weight": {
                "mean": -0.0007677227258682251,
                "std": 0.0393575020134449,
                "min": -1.026922583580017,
                "max": 0.5552595257759094,
                "norm": 14.25157356262207,
                "sparsity": 0.0
            },
            "network.linear_2.weight": {
                "mean": 0.009871897287666798,
                "std": 0.25162655115127563,
                "min": -0.9737303853034973,
                "max": 1.0739177465438843,
                "norm": 45.5836067199707,
                "sparsity": 0.0
            },
            "network.linear_3.weight": {
                "mean": -0.12001985311508179,
                "std": 0.34399938583374023,
                "min": -1.561313509941101,
                "max": 1.4164395332336426,
                "norm": 32.97408676147461,
                "sparsity": 0.0
            },
            "network.linear_4.weight": {
                "mean": -0.09025904536247253,
                "std": 0.6022894382476807,
                "min": -3.420863151550293,
                "max": 3.2116551399230957,
                "norm": 15.395218849182129,
                "sparsity": 0.0
            }
        },
        "activation_analysis": {
            "network.linear_0": {
                "avg_means": -0.11351861107222577,
                "std_means": 0.0028405560828474357,
                "avg_stds": 1.6645455436503633,
                "std_stds": 0.028171663070660356,