{
    "hyperparameters": {
        "harmonic": false,
        "n": null,
        "temperature": 0.1,
        "hidden_dim": 100,
        "epochs": 100,
        "patience": 10,
        "min_delta": 0.0001,
        "batch_size": 64,
        "learning_rate": 0.001,
        "subfolder": null,
        "run_name": null
    },
    "training_history": {
        "epoch_losses": [
            1.672391486574592,
            0.9172754437684505,
            0.6228535577877244,
            0.5186700927995161,
            0.4757379961928833,
            0.4519747511855067,
            0.4396319703570307,
            0.42706272708200443,
            0.416908530506498,
            0.40689871679427525,
            0.403043886666486,
            0.3932669507637461,
            0.3847911426507588,
            0.38056182657986054,
            0.3695860973902857,
            0.3283025571055758,
            0.27168970931170466,
            0.24932374675343158,
            0.2383083989744438,
            0.234739162452789,
            0.22204239198219167,
            0.21667709697816354,
            0.2140987294831319,
            0.21178508126762693,
            0.20985217148592986,
            0.2020010760030163,
            0.201871810316134,
            0.1999393364847469,
            0.19371431533977992,
            0.19439418103569733,
            0.18561505622613722,
            0.18994580078592052,
            0.18952742925306945,
            0.1845498817569729,
            0.18165808499478964,
            0.17943571946188522,
            0.17864898764200685,
            0.17879735783084053,
            0.17557574225180567,
            0.17321721893320205,
            0.17425927773578717,
            0.17488612738181789,
            0.16988589052063252,
            0.16959122540171084,
            0.1721696046266411,
            0.16616977522098053,
            0.16689013322588922,
            0.16253988842156206,
            0.16695774336065503,
            0.16593779355827679,
            0.16102799406048776,
            0.15979249879860802,
            0.15928298010349845,
            0.15974030685402565,
            0.15970149781825002,
            0.15768263829169052,
            0.15688977162562198,
            0.1570747190180904,
            0.1535698042801226,
            0.15153502268410884,
            0.15304348821332778,
            0.15275628072445963,
            0.1500813428288711,
            0.1493568724668674,
            0.14848525433350346,
            0.14563754061534842,
            0.14520481820387054,
            0.1459334857368679,
            0.14990714128250315,
            0.1431098816010839,
            0.14416984055858495,
            0.14199017265688446,
            0.14284082772984688,
            0.1411539095797455,
            0.140574662491425,
            0.14049196645403023,
            0.1367899315006761,
            0.13696327904410072,
            0.13400725688912404,
            0.1374316211801761,
            0.13274539893727377,
            0.1345071567297935,
            0.13354041345361897,
            0.1327163327727586,
            0.12996364412789566,
            0.13356543082926572,
            0.12945298889854442,
            0.13396868593037636,
            0.1332509065392429,
            0.13039975632617531,
            0.12850465705550745,
            0.12673836281753456,
            0.12985420301318296,
            0.1281898041198185,
            0.12566968133208403,
            0.13031842777811325,
            0.12709593486839108,
            0.12379896464441885,
            0.12392962847087684,
            0.12667304309192243
        ],
        "early_stop_epoch": null,
        "best_epoch": 97,
        "best_loss": 0.12379896464441885,
        "final_test_loss": 0.24748479202389717,
        "final_test_accuracy": 95.26
    },
    "timestamps": {
        "start_time": "2025-02-17 13:33:13",
        "end_time": "2025-02-17 13:35:35",
        "training_duration": "0:02:22"
    }
}