{
    "hyperparameters": {
        "harmonic": false,
        "n": null,
        "temperature": 0.01,
        "hidden_dim": 16,
        "epochs": 100,
        "patience": 10,
        "min_delta": 0.0001,
        "batch_size": 64,
        "learning_rate": 0.001,
        "subfolder": "softmax_weights_vs_activations",
        "run_name": null
    },
    "training_history": {
        "epoch_losses": [
            1.893892254021122,
            1.4771700612009206,
            1.3646150282196907,
            1.315972659633612,
            1.302202228035754,
            1.2932842059938638,
            1.2883204796166816,
            1.275870412651664,
            1.285239364800931,
            1.2736121377965282,
            1.2811972000705663,
            1.275992163208756,
            1.2640168448246873,
            1.2523988367779169,
            1.2480298451650371,
            1.2434572168886027,
            1.2303077923590695,
            1.2025963524257197,
            1.1609557306588585,
            1.1346200985440822,
            1.1296830848335966,
            1.1161100065657326,
            1.1122882882160927,
            1.0914153039201235,
            1.1025500800818013,
            1.096943846389429,
            1.0780440586080937,
            1.0550271247876988,
            0.9905902939691726,
            0.9456871035002442,
            0.9408422807005169,
            0.9317918064624771,
            0.9100935401947006,
            0.9014739740504893,
            0.9011918533839651,
            0.8861962170489053,
            0.8975791004675029,
            0.8936185640439804,
            0.8969033301702695,
            0.8779539680048856,
            0.8726355133534495,
            0.8719778697310226,
            0.8613602567964526,
            0.8663347898833533,
            0.8664392042261705,
            0.8607229877636631,
            0.8578778310244017,
            0.865753016492197,
            0.8669775108983522,
            0.8570207698004586,
            0.8541416715203064,
            0.8547099027742964,
            0.8433112828080842,
            0.8540698390271364,
            0.8486423883229685,
            0.843694582422659,
            0.8197198523832029,
            0.8266524642006929,
            0.8445422885450982,
            0.8183443907545065,
            0.8222359348334738,
            0.8332453982344569,
            0.8267896965876825,
            0.8145147109590868,
            0.8197049491250439,
            0.823337733110131,
            0.822847793923258,
            0.8138306597783875,
            0.8237174492655024,
            0.8156453047606991,
            0.8168180887061142,
            0.8330307594939336,
            0.8086630409714509,
            0.8132558307731583,
            0.8055558256757285,
            0.8099927536841395,
            0.8164775892615572,
            0.813292360000773,
            0.8080907526618636,
            0.8022712754097574,
            0.8037223729497588,
            0.7955812638693018,
            0.7765847952571759,
            0.7331822115475181,
            0.7435100684160871,
            0.7069623414069605,
            0.6952424998095295,
            0.6944665294339154,
            0.6901303890671557,
            0.6851109502348565,
            0.6831333238178733,
            0.6836446761322428,
            0.6756988987485483,
            0.6650052508438574,
            0.6609311519718882,
            0.6671245114635557,
            0.6723472104270829,
            0.6785353855855429,
            0.6685552725405581,
            0.6539631793811631
        ],
        "early_stop_epoch": null,
        "best_epoch": 99,
        "best_loss": 0.6539631793811631,
        "final_test_loss": 0.6465479999780654,
        "final_test_accuracy": 74.08
    },
    "timestamps": {
        "start_time": "2025-02-17 14:01:01",
        "end_time": "2025-02-17 14:03:24",
        "training_duration": "0:02:23"
    }
}