{
    "hyperparameters": {
        "harmonic": false,
        "n": null,
        "temperature": 1.0,
        "hidden_dim": 16,
        "epochs": 1000,
        "patience": 10,
        "min_delta": 0.0001,
        "batch_size": 64,
        "learning_rate": 0.001,
        "subfolder": "softmax_weights_vs_activations",
        "run_name": null
    },
    "training_history": {
        "epoch_losses": [
            1.7275381253472268,
            1.0829534136664385,
            0.8526300451775858,
            0.7586596137615663,
            0.7084263256236688,
            0.6715188198633539,
            0.6419299869839825,
            0.61764828647886,
            0.5598926750391022,
            0.4793032459549304,
            0.4369201662539165,
            0.41112178832546736,
            0.39211681040365304,
            0.37624860418313094,
            0.36226128246674916,
            0.344595311213531,
            0.3242716920941369,
            0.3094193015827426,
            0.298319837781412,
            0.2905763510400171,
            0.2834059547370812,
            0.276732536767528,
            0.27156713019524303,
            0.2664407014465535,
            0.2626040078151518,
            0.25768268125048327,
            0.2539522451862915,
            0.25059034665033764,
            0.247054030145727,
            0.2438519634028424,
            0.24057801743782659,
            0.23867718409945463,
            0.23520804722028882,
            0.2321699115791237,
            0.2299011897867613,
            0.2277337361587835,
            0.22545626537123722,
            0.22344686554025994,
            0.22025189654373412,
            0.21720158346473917,
            0.21492856205987143,
            0.2123741073363117,
            0.2099693135451724,
            0.20741414846673703,
            0.20467758317317156,
            0.20313532105577525,
            0.20152486397275157,
            0.19836252746281466,
            0.19702868556369468,
            0.19547275016938193,
            0.1945325798913042,
            0.1927300939229188,
            0.19091920818942887,
            0.18960594564580968,
            0.1880374707853489,
            0.18714010445818083,
            0.18516808739507884,
            0.18412493061877963,
            0.18282411920268143,
            0.18146304259581097,
            0.1804432314115642,
            0.17884391439812525,
            0.17818156803356433,
            0.17792276475530888,
            0.17632862911231992,
            0.1752071822844525,
            0.17476263129785816,
            0.1738892686305079,
            0.17281814407644622,
            0.1709703138646191,
            0.1704342357957287,
            0.1703617043062441,
            0.16811606209915775,
            0.16910235738671664,
            0.1677210540083775,
            0.16674887835542593,
            0.16652162418341332,
            0.16519467371986554,
            0.1654511632354084,
            0.16385860081865336,
            0.16371596356166768,
            0.1631199892288618,
            0.16294056599908102,
            0.16181504607065592,
            0.1614037995923684,
            0.16101282089551502,
            0.16042085584880575,
            0.15990676404610435,
            0.1597857752195331,
            0.1588901524394274,
            0.15866431528166222,
            0.15858634931446391,
            0.15702350128457934,
            0.15676367782088105,
            0.1564897781353134,
            0.1568334017937848,
            0.155285666732471,
            0.15525695504839104,
            0.15511834434172048,
            0.15419909797473821,
            0.1535510231973107,
            0.15305612955901668,
            0.15263090673476648,
            0.15216868570141956,
            0.15132873157845506,
            0.15221012120585897,
            0.15127727323209744,
            0.15150731825815844,
            0.15050869795289248,
            0.15024501021538397,
            0.14904200479284976,
            0.14951695862815959,
            0.1488789185536092,
            0.14850870117561013,
            0.14800271057069048,
            0.14789409599880546,
            0.14780091068375784,
            0.14626202323654694,
            0.1461747142948957,
            0.14561209041498172,
            0.14656922897733032,
            0.14545774747178689,
            0.14507622756500807,
            0.14500460634504492,
            0.1441494079846849,
            0.14488792532423475,
            0.14383986245777244,
            0.1430079936782625,
            0.14334904305589224,
            0.14223430318825409,
            0.14327257396434862,
            0.14257804429067222,
            0.1416704735831856,
            0.1414022114413824,
            0.14080407923218538,
            0.14077178090572484,
            0.14048988981716543,
            0.1402865986981149,
            0.14003422843820568,
            0.13953272676639467,
            0.1391410116237332,
            0.13954836992360253,
            0.13886088780613978,
            0.13745163404730273,
            0.13800994781598544,
            0.1371082815486612,
            0.1372763965237163,
            0.13637639606582014,
            0.1359824929088513,
            0.13613363988657814,
            0.13593555361763246,
            0.1353627259352568,
            0.13443336847311715,
            0.13416832707512544,
            0.13449474818297605,
            0.13408546540528726,
            0.13343727196664062,
            0.13219658490707245,
            0.13237842107052677,
            0.13204769224428864,
            0.13169321987126617,
            0.13047994165889806,
            0.13153348552750183,
            0.13077130720916905,
            0.12984150499780614,
            0.12993553556652784,
            0.1302030760167377,
            0.1301020488822098,
            0.1292772711550535,
            0.12865901552537864,
            0.12908452334227974,
            0.128912854790767,
            0.12842879622285044,
            0.1277712156662523,
            0.12746437183265558,
            0.12715740413117066,
            0.126397423056969,
            0.1266286757641605,
            0.12641834884361702,
            0.12652211893659665,
            0.12550781931736069,
            0.12617176390096133,
            0.12552446750467267,
            0.12497280622477025,
            0.12515880908868682,
            0.12410256575479277,
            0.12419763707947026,
            0.12386895851222182,
            0.1231343352249754,
            0.12331147572355293,
            0.12311728516700807,
            0.12258952199372211,
            0.12293304245212058,
            0.12225663228663428,
            0.12218240754051345,
            0.12088708988011582,
            0.12119233876919505,
            0.1209408559604113,
            0.12041347261780361,
            0.12057626652700115,
            0.11917414409078673,
            0.1193351307129269,
            0.11988282085521453,
            0.11801214877571632,
            0.11817909272582229,
            0.11826470422981454,
            0.11678072861405706,
            0.115573535466801,
            0.11447263141966928,
            0.1142110745323254,
            0.11240225532221229,
            0.11143890334896918,
            0.10983383465808497,
            0.1093778560307425,
            0.10882106380286946,
            0.10765469841448579,
            0.10765969657055191,
            0.1066796098178479,
            0.10626589876216358,
            0.10554795729012283,
            0.10557479847536318,
            0.10404772838271821,
            0.10405096072735372,
            0.1034163462349585,
            0.10385598960036693,
            0.10234332290579325,
            0.1018747866664058,
            0.10226755967633779,
            0.1020830599323058,
            0.10131159363818892,
            0.101513998174885,
            0.10068732651192815,
