{
    "hyperparameters": {
        "harmonic": false,
        "n": null,
        "temperature": 0.1,
        "hidden_dim": 400,
        "epochs": 100,
        "patience": 10,
        "min_delta": 0.0001,
        "batch_size": 64,
        "learning_rate": 0.001,
        "run_name": null
    },
    "training_history": {
        "epoch_losses": [
            1.594543316153321,
            0.7802987504107103,
            0.4911111098712187,
            0.3922934106259204,
            0.3421613912719653,
            0.3140358693722977,
            0.2989071420689763,
            0.28702946980275323,
            0.27856353505540377,
            0.273471915395434,
            0.2634596794740414,
            0.2646679253275715,
            0.25821786837727784,
            0.2572058322889083,
            0.24717899116435285,
            0.24777459528352788,
            0.2394275950835839,
            0.2389671078551489,
            0.23564078391138424,
            0.2328080963700819,
            0.22955497828866245,
            0.2275712887770427,
            0.22586498731600324,
            0.21962531136948543,
            0.21926452168849295,
            0.21263578464624597,
            0.2134295180241373,
            0.20892071332345638,
            0.2069531124927151,
            0.2016168774318085,
            0.20066722579348062,
            0.20017581895939004,
            0.20014779837226182,
            0.19609550666461176,
            0.19464606715084265,
            0.1954549138686423,
            0.19167880921650415,
            0.18765300129657425,
            0.19089784535335136,
            0.19084667426539953,
            0.189561157636265,
            0.18460105900475973,
            0.18226483182262765,
            0.1802376081317123,
            0.18297106308985683,
            0.17958631002699643,
            0.17651123152390472,
            0.17920623530846225,
            0.17083299452109313,
            0.16906591080851965,
            0.16830122312789025,
            0.1673977222186384,
            0.16413742683327465,
            0.1619668447716372,
            0.158749041332206,
            0.16311398337978417,
            0.1640864219655519,
            0.16194571337021235,
            0.1591673057570037,
            0.15417419915109365,
            0.1589352019937403,
            0.15595415011564615,
            0.15502067279817264,
            0.14992454950052347,
            0.15410391389251327,
            0.15224059665603423,
            0.15164086540966337,
            0.14479262906033347,
            0.14880869422219137,
            0.14526080798460986,
            0.14547700750262244,
            0.1437453385621214,
            0.1446885397212941,
            0.14314659141393296,
            0.1438861327992478,
            0.14189380000252078,
            0.14401688553821812,
            0.14195247310231615,
            0.13970314018499813,
            0.13945215503210578,
            0.14122372032649544,
            0.13901970338131955,
            0.13519928498126105,
            0.1362006816762819,
            0.13728276301008552,
            0.1328595275146716,
            0.13261693087356813,
            0.1351931430081696,
            0.132338824570735,
            0.13603308040307147,
            0.12981339004129044,
            0.1320616596880784,
            0.13002394704517525,
            0.12842240215721987,
            0.13096212974783264,
            0.13130148757161744,
            0.12698418158354727,
            0.1251908496294274,
            0.12886921849761054,
            0.12857837325283714
        ],
        "early_stop_epoch": null,
        "best_epoch": 97,
        "best_loss": 0.1251908496294274,
        "final_test_loss": 0.22921161353588104,
        "final_test_accuracy": 95.47
    },
    "timestamps": {
        "start_time": "2025-02-17 12:52:57",
        "end_time": "2025-02-17 12:55:37",
        "training_duration": "0:02:40"
    }
}