{
    "hyperparameters": {
        "harmonic": false,
        "n": null,
        "temperature": 0.01,
        "hidden_dim": 16,
        "epochs": 1000,
        "patience": 10,
        "min_delta": 0.0001,
        "batch_size": 64,
        "learning_rate": 0.001,
        "subfolder": "softmax_weights_vs_activations",
        "run_name": null
    },
    "training_history": {
        "epoch_losses": [
            1.8167498409112632,
            1.189970296900918,
            0.9790916322136739,
            0.9024782685328648,
            0.8592528756747622,
            0.8587415672060269,
            0.8426277186316468,
            0.8316457959761752,
            0.8287176851397638,
            0.8245385820741085,
            0.8403680132650363,
            0.8228331216489837,
            0.8100042877230309,
            0.8091690076757342,
            0.8242674404497086,
            0.8003847293698712,
            0.8118962678891509,
            0.7942156818693381,
            0.7860003928385818,
            0.8000997166389595,
            0.8050003425081147,
            0.8006843994103515,
            0.7642080264368545,
            0.7229899560401181,
            0.6940168126750348,
            0.6860267205088377,
            0.6799776987480456,
            0.6761832664897447,
            0.6681473429586842,
            0.6646529459305155,
            0.6470745316446463,
            0.6549004743030584,
            0.6411911818200845,
            0.6441339643270985,
            0.6612308389151783,
            0.6419116955703256,
            0.6517673885580827,
            0.6447127167540573,
            0.6407806254716825,
            0.6299667384133918,
            0.6495817613118747,
            0.6301162639724166,
            0.6316540476355725,
            0.6320656293999157,
            0.6397476801549448,
            0.6336671072346315,
            0.6332452970781306,
            0.6365523535305503,
            0.6218594024811727,
            0.6331645847955493,
            0.6328494702257327,
            0.6370828250514419,
            0.6214737493409785,
            0.6324911636711438,
            0.631742217075596,
            0.6323535376901566,
            0.6200225107006426,
            0.6235616843519943,
            0.6183382702757046,
            0.6288089269259846,
            0.6247958328360433,
            0.6387551037360356,
            0.6257090020472053,
            0.6325223803965013,
            0.6163910394792618,
            0.6313693332456068,
            0.6217424803133458,
            0.617302547274495,
            0.6114870986259823,
            0.6479339226603762,
            0.6272813211371904,
            0.6225383886014983,
            0.6187917172336883,
            0.6380310310865007,
            0.6299492239570821,
            0.6282154768705368,
            0.6187837685603322,
            0.6204795414196657,
            0.619501519288971
        ],
        "early_stop_epoch": 78,
        "best_epoch": 68,
        "best_loss": 0.6114870986259823,
        "final_test_loss": 0.6022199988365173,
        "final_test_accuracy": 76.08
    },
    "timestamps": {
        "start_time": "2025-02-17 15:08:59",
        "end_time": "2025-02-17 15:10:32",
        "training_duration": "0:01:33"
    }
}