{
    "hyperparameters": {
        "harmonic": false,
        "n": null,
        "temperature": 0.01,
        "hidden_dim": 400,
        "epochs": 100,
        "patience": 10,
        "min_delta": 0.0001,
        "batch_size": 64,
        "learning_rate": 0.001,
        "run_name": null
    },
    "training_history": {
        "epoch_losses": [
            1.7739018949110117,
            1.1424969032502124,
            0.9161456188540469,
            0.8198143815053806,
            0.7886229923157804,
            0.7794577341153424,
            0.7617288313504221,
            0.7487641131318709,
            0.7434632032156498,
            0.7322584261327411,
            0.726706022996384,
            0.7008010492459543,
            0.7003889039063504,
            0.6925782450734933,
            0.6889361767753609,
            0.6842221680607623,
            0.6841112617998998,
            0.6651509726034807,
            0.6664315916772591,
            0.684286806708587,
            0.6798358091921695,
            0.6589375944343457,
            0.6672787824864073,
            0.666370821628235,
            0.6636533585946951,
            0.6804391803708412,
            0.6767052803148847,
            0.6572855542590623,
            0.6457062574591972,
            0.6448692642867184,
            0.6511206521726112,
            0.6365951595466528,
            0.644518035370658,
            0.649609126452444,
            0.6390742640823189,
            0.6351399955147111,
            0.6434953633084226,
            0.6508569081327809,
            0.6475553533225171,
            0.6352064680061869,
            0.6381720198369992,
            0.6434849740536228,
            0.6400038735952966,
            0.6368056672976724,
            0.6377718080716855,
            0.6347727767948402,
            0.6389245123370115,
            0.6279860116334867,
            0.6291702473595706,
            0.6235226845817525,
            0.6309624557047765,
            0.6256715962246283,
            0.6189023158125786,
            0.627957177950121,
            0.6235191871140049,
            0.6192536424599222,
            0.6162136716247876,
            0.6158164771063241,
            0.6123167535643588,
            0.6204397859476777,
            0.629523928390383,
            0.6150027357502532,
            0.6017990982862932,
            0.6120059628412922,
            0.6085310688913504,
            0.6025453583835793,
            0.6135927907217031,
            0.6085652523457623,
            0.6125489771683842,
            0.6201466893844767,
            0.618850479438615,
            0.6064791696857034,
            0.611226399157093
        ],
        "early_stop_epoch": 72,
        "best_epoch": 62,
        "best_loss": 0.6017990982862932,
        "final_test_loss": 0.6197937816381455,
        "final_test_accuracy": 74.83
    },
    "timestamps": {
        "start_time": "2025-02-17 12:48:59",
        "end_time": "2025-02-17 12:50:54",
        "training_duration": "0:01:55"
    }
}