{
    "hyperparameters": {
        "harmonic": false,
        "n": null,
        "temperature": 0.5,
        "hidden_dim": 16,
        "epochs": 1000,
        "patience": 10,
        "min_delta": 0.0001,
        "batch_size": 64,
        "learning_rate": 0.001,
        "subfolder": "softmax_weights_vs_activations",
        "run_name": null
    },
    "training_history": {
        "epoch_losses": [
            1.7609586217510167,
            1.1289531246685525,
            0.8629208336761003,
            0.7603142994807474,
            0.7149166458133441,
            0.6835884315563417,
            0.604146926864378,
            0.5239313150456211,
            0.48428472784409393,
            0.45607064399066,
            0.43421201428561323,
            0.38548696838589364,
            0.31038375885914893,
            0.2879800348441357,
            0.2750156913310099,
            0.26417714069043396,
            0.25756089946926275,
            0.2500059518899554,
            0.2441882466567732,
            0.23701730990873726,
            0.23055350277692016,
            0.2233029259547496,
            0.21751031318882,
            0.21054292629077745,
            0.20465330150860078,
            0.2006818156586146,
            0.1980494145852035,
            0.19359541657978474,
            0.19110958824263835,
            0.1885801789674487,
            0.18577831609250067,
            0.18437680931908806,
            0.18288662915489376,
            0.18120893378501762,
            0.17951101827214777,
            0.17812733784683352,
            0.1767178500003652,
            0.17559531456959654,
            0.17449046010925953,
            0.17314880074206382,
            0.17221057959107447,
            0.17174638423528563,
            0.16968635094961695,
            0.16912800728925256,
            0.16700128415055365,
            0.16619485147845453,
            0.1656590841138668,
            0.16411396972676204,
            0.1631841569153993,
            0.16279772946289353,
            0.16142722874331766,
            0.16074616588683907,
            0.15991603265176896,
            0.15884482112925635,
            0.15803608096151084,
            0.15817092491516363,
            0.15584124940663957,
            0.15457987129044876,
            0.15316043079677802,
            0.151857788836373,
            0.15188113921312,
            0.1507187263309352,
            0.1498848749771476,
            0.14888191184620742,
            0.14791832865773838,
            0.1487722348705776,
            0.14805254110915542,
            0.14576457866799158,
            0.14639998881865157,
            0.145355617790334,
            0.14603761976549048,
            0.14351407988374232,
            0.14341251399201244,
            0.1441884966187878,
            0.14259845433609764,
            0.1423550452262576,
            0.14157780432112532,
            0.14031364466907628,
            0.14085588577801167,
            0.13934943565864488,
            0.14006068577259176,
            0.14032208859753698,
            0.13885925047155193,
            0.13837345527099776,
            0.13858900946686104,
            0.13817180020770412,
            0.13623604384749366,
            0.13733887562512367,
            0.13717109056265114,
            0.13683056566459156,
            0.13513710147846164,
            0.1363231168070963,
            0.13609858265897232,
            0.1353614857471955,
            0.13538082911352964,
            0.13424762663866346,
            0.1346745804053491,
            0.1338019932973693,
            0.1342681755345545,
            0.13303565706557302,
            0.1318984941434441,
            0.1323017578528348,
            0.13241344928018636,
            0.13169747599061016,
            0.13144808594903934,
            0.13092034612236214,
            0.12992929156694902,
            0.12929549692039774,
            0.12926956908757498,
            0.1290950968887395,
            0.12781198779498337,
            0.12762553974299,
            0.12827756601685622,
            0.1277746915279119,
            0.127503343689035,
            0.12633983024469475,
            0.12715990505496988,
            0.12498071077845689,
            0.12581998250905924,
            0.1240628760294127,
            0.12419943154346683,
            0.12368908045348773,
            0.12379090210744567,
            0.1236797072110511,
            0.12391445358921248,
            0.12293015309631317,
            0.12263625515585165,
            0.12327930869173202,
            0.1221700344117545,
            0.12074597975683969,
            0.12261228838752804,
            0.12212883815594287,
            0.12125017230253993,
            0.11990430947146945,
            0.1203058989537852,
            0.120246622402634,
            0.11922106198342974,
            0.1191682042971031,
            0.1184001601765802,
            0.11830371731260755,
            0.11828711122544462,
            0.11811044012635216,
            0.11748708191730861,
            0.11688377831909638,
            0.11689693410434067,
            0.11589010719503802,
            0.11591918792412766,
            0.11543233873846848,
            0.11477648834687973,
            0.11434135321718353,
            0.1141694585369753,
            0.11429874608114457,
            0.11464727690209077,
            0.11387054368194297,
            0.11355207623369785,
            0.11249365859222152,
            0.11327423725221585,
            0.11251234721992093,
            0.11157879574365343,
            0.11182125436582926,
            0.1123142497840403,
            0.11040413376690546,
            0.1114413869420269,
            0.11038756734931837,
            0.11036105754711767,
            0.11055016643635786,
            0.11022982721143504,
            0.10959881925677407,
            0.10933887297267726,
            0.10947778078514947,
            0.1091960488792771,
            0.1095030917239977,
            0.10907693753646476,
            0.10787769808455794,
            0.10976255431807022,
            0.10857947337141297,
            0.10808809650744171,
            0.10887788061096247,
            0.10853052289207289,
            0.10671509546078821,
            0.1078820470909177,
            0.10655318688490052,
            0.10763238030356734,
            0.10694125426242124,
            0.10727757840121446,
            0.10586447252639766,
            0.10643178730138711,
            0.10549536171748536,
            0.10523637946444883,
            0.1056501445626574,
            0.10579718135273469,
            0.10624688345172417,
            0.10649288613408772,
            0.10481809228976398,
            0.10551948776083396,
            0.10531098828482222,
            0.10493032653619454,
            0.10612458939344357,
            0.10440127960821269,
            0.10394464959519537,
            0.10412958278449805,
            0.10453537080301913,
            0.10436982700505903,
            0.10411534718434408,
            0.1047826759598609,
            0.10460024636222927,
            0.10224127437450739,
            0.10387620214384788,
            0.10401079713452313,
            0.10347056431747449,
            0.10339966864198018,
            0.10341397068921977,
            0.10362652958090753,
            0.10248342756309044,
            0.10338532887419054,
            0.1027612641805223,
            0.10366242133311308
        ],
        "early_stop_epoch": 216,
        "best_epoch": 206,
        "best_loss": 0.10224127437450739,
        "final_test_loss": 0.26604180932044985,
        "final_test_accuracy": 93.88
    },
    "timestamps": {
        "start_time": "2025-02-17 15:21:51",
        "end_time": "2025-02-17 15:26:21",
        "training_duration": "0:04:30"
    }
}