{
    "train_loss": [
        2.1934268209041576,
        2.1817828970497817,
        2.181684393453372,
        2.1815942876146868,
        2.1815406208354715,
        2.1815139834914725,
        2.1815018857259885,
        2.1814894325925276,
        2.1815108682307023,
        2.181502645614588,
        2.181500508886943,
        2.181498158034555,
        2.181513411173888,
        2.181492459152547,
        2.1814899472828726,
        2.1814981727238516,
        2.181492124123596,
        2.1814898060396386,
        2.1815085134235037,
        2.1814953489891162,
        2.181499788546449,
        2.181496565940821,
        2.181499202104541,
        2.18150098741902,
        2.181503385729134,
        2.1814861455799845
    ],
    "train_acc": [
        32.946296296296296,
        36.97037037037037,
        36.946296296296296,
        37.148148148148145,
        37.42407407407408,
        38.16481481481482,
        38.15555555555556,
        38.162962962962965,
        38.12592592592593,
        38.11666666666667,
        38.12592592592593,
        38.11851851851852,
        38.12777777777778,
        38.129629629629626,
        38.13148148148148,
        38.135185185185186,
        38.129629629629626,
        38.129629629629626,
        38.129629629629626,
        38.13148148148148,
        38.13148148148148,
        38.135185185185186,
        38.135185185185186,
        38.129629629629626,
        38.11296296296296,
        38.08518518518518
    ],
    "val_loss": [
        2.1781731412765826,
        2.1779910199185637,
        2.177941789018347,
        2.177887982510506,
        2.1778638159975094,
        2.1778624209951847,
        2.177861949230762,
        2.177861492684547,
        2.1778596969361,
        2.1778596309905356,
        2.177848734754197,
        2.1778577236419028,
        2.177844539601752,
        2.1778443620560015,
        2.177844230164873,
        2.1778442352376084,
        2.177844133782894,
        2.1778440729100654,
        2.177844037400915,
        2.177844027255444,
        2.1778440171099724,
        2.177844062764594,
        2.1778440475463867,
        2.177844133782894,
        2.177849657992099,
        2.1778500435200145
    ],
    "val_acc": [
        37.416666666666664,
        37.86666666666667,
        37.733333333333334,
        38.166666666666664,
        38.86666666666667,
        38.86666666666667,
        38.86666666666667,
        38.88333333333333,
        38.916666666666664,
        38.916666666666664,
        38.95,
        38.916666666666664,
        38.95,
        38.95,
        38.95,
        38.95,
        38.95,
        38.95,
        38.95,
        38.95,
        38.95,
        38.95,
        38.95,
        38.95,
        38.95,
        38.95
    ],
    "test_loss": 2.180611408209499,
    "test_acc": 37.03,
    "metadata": {
        "timestamp": "2025-02-25T02:39:10.712854",
        "run_name": "0225023910_BaseMLP_StochasticLayer_excited-jar",
        "model_config": {
            "class_name": "BaseMLP",
            "input_dim": 784,
            "hidden_dims": [
                512,
                256,
                128
            ],
            "output_dim": 10,
            "activation_type": "StochasticLayer",
            "dropout_prob": 0.0,
            "store_activations": true,
            "num_parameters": 566528,
            "num_trainable_parameters": 566528
        },
        "training_config": {
            "batch_size": 128,
            "learning_rate": 0.001,
            "optimizer": {
                "class_name": "Adam",
                "parameters": null
            },
            "criterion": "CrossEntropyLoss",
            "device": "cpu"
        },
        "dataset_info": {
            "name": "MNIST",
            "train_size": 54000,
            "val_size": 6000,
            "test_size": 10000,
            "input_shape": [
                1,
                28,
                28
            ],
            "num_classes": 10
        },
        "system_info": {
            "python_version": "3.12.6 (main, Sep  6 2024, 19:03:47) [Clang 15.0.0 (clang-1500.3.9.4)]",
            "pytorch_version": "2.6.0",
            "cuda_available": false,
            "cuda_version": null,
            "platform": "macOS-15.1-arm64-arm-64bit",
            "cpu_count": "arm64",
            "processor": "arm"
        },
        "git_info": {
            "commit_hash": "a3b0a5e3f94443cb345268bf1f25446ff58657b8",
            "branch": "main",
            "is_dirty": true
        },
        "tags": [
            "stochastic_layers_3",
            "activation_NoActivation_layer_temperature_0.01"
        ],
        "final_metrics": {
            "best_val_loss": 2.1778440171099724,
            "best_val_acc": 38.95,
            "best_epoch": 20,
            "total_epochs": 26,
            "training_duration": 71.01849,
            "test_loss": 2.180611408209499,
            "test_acc": 37.03
        },
        "weight_analysis": {
            "network.linear_0.raw_weight": {
                "mean": -0.022071760147809982,
                "std": 0.03548038378357887,
                "min": -0.08529887348413467,
                "max": 0.2884056568145752,
                "norm": 26.47369384765625,
                "sparsity": 0.0,
                "has_negative": true,
                "percent_negative": 78.40800476074219,
                "shape": [
                    512,
                    784
                ],
                "num_params": 401408
            },
            "network.linear_1.raw_weight": {
                "mean": -0.017516974359750748,
                "std": 0.045553650707006454,
                "min": -0.08946353197097778,
                "max": 0.304298460483551,
                "norm": 17.669397354125977,
                "sparsity": 0.0,
                "has_negative": true,
                "percent_negative": 68.47610473632812,
                "shape": [
                    256,
                    512
                ],
                "num_params": 131072
            },
            "network.linear_2.raw_weight": {
                "mean": -0.009218081831932068,
                "std": 0.06771532446146011,
                "min": -0.1249823123216629,
                "max": 0.28094977140426636,
                "norm": 12.370649337768555,
                "sparsity": 0.0,
                "has_negative": true,
                "percent_negative": 57.5836181640625,
                "shape": [
                    128,
                    256
                ],
                "num_params": 32768
            },
            "network.linear_3.raw_weight": {
                "mean": -0.0033791675232350826,
                "std": 0.1182388961315155,
                "min": -0.20823682844638824,
                "max": 0.27341410517692566,
                "norm": 4.230318546295166,
                "sparsity": 0.0,
                "has_negative": true,
                "percent_negative": 53.59375,
                "shape": [
                    10,
                    128
                ],
                "num_params": 1280
            }
        },
        "activation_analysis": {
            "pre_activation:network.linear_0_preact": {
                "avg_means": -0.0001592582012427614,
                "std_means": 0.01846947994350906,
                "avg_stds": 2.068208222693585,
                "std_stds": 0.03757644424052521,
                "avg_sparsity": 0.0,
                "std_sparsity": 0.0,
                "avg_mins": -13.269075190767328,
                "std_mins": 9.823834388335373e-07,
                "avg_maxs": 42.83853571465675,
                "std_maxs": 3.3009491830271993,
                "avg_sum": -12.463154244930186
            },
            "pre_activation:network.linear_1_preact": {
                "avg_means": -0.00031817403245479504,
                "std_means": 0.03693896573620487,
                "avg_stds": 4.677599754739315,