{
    "train_loss": [
        2.2949178021101027,
        2.2943851959083883,
        2.2909448587498957,
        2.288534337875402,
        2.287355794160852,
        2.2866410824924848,
        2.2902346713848023,
        2.2842402113557427,
        2.2876337715799773,
        2.2880272368119225,
        2.284463053630992,
        2.285068736822119,
        2.285789161496818,
        2.2878859958377493,
        2.291883172582111,
        2.290763088877167
    ],
    "train_acc": [
        36.412962962962965,
        28.085185185185185,
        17.372222222222224,
        16.711111111111112,
        17.82962962962963,
        16.03148148148148,
        16.246296296296297,
        18.427777777777777,
        18.27962962962963,
        15.805555555555555,
        16.255555555555556,
        17.80925925925926,
        16.32962962962963,
        18.498148148148147,
        17.557407407407407,
        17.33888888888889
    ],
    "val_loss": [
        2.29352579218276,
        2.2920381870675595,
        2.296435630067866,
        2.2914097512021976,
        2.285436214284694,
        2.28461801752131,
        2.2849049213084767,
        2.28215514345372,
        2.284112605642765,
        2.2879541173894355,
        2.2807382877836835,
        2.2983203137174564,
        2.287519906429534,
        2.295858936106905,
        2.2865060846856298,
        2.2936395888632917
    ],
    "val_acc": [
        26.1,
        24.75,
        14.866666666666667,
        20.0,
        15.75,
        13.3,
        12.133333333333333,
        16.866666666666667,
        9.766666666666667,
        18.666666666666668,
        12.55,
        13.2,
        18.5,
        21.566666666666666,
        16.583333333333332,
        14.666666666666666
    ],
    "test_loss": 2.293055830122549,
    "test_acc": 14.29,
    "metadata": {
        "timestamp": "2025-02-21T13:46:56.571999",
        "run_name": "0221134656_BaseMLP_TemperaturePowerNorm_braised-agent",
        "model_config": {
            "class_name": "BaseMLP",
            "input_dim": 784,
            "hidden_dims": [
                256,
                128
            ],
            "output_dim": 10,
            "activation_type": "TemperaturePowerNorm",
            "dropout_prob": 0.0,
            "store_activations": true,
            "num_parameters": 234752,
            "num_trainable_parameters": 234752
        },
        "training_config": {
            "batch_size": 128,
            "learning_rate": 0.001,
            "optimizer": {
                "class_name": "Adam",
                "parameters": null
            },
            "criterion": "CrossEntropyLoss",
            "device": "cpu"
        },
        "dataset_info": {
            "name": "MNIST",
            "train_size": 54000,
            "val_size": 6000,
            "test_size": 10000,
            "input_shape": [
                1,
                28,
                28
            ],
            "num_classes": 10
        },
        "system_info": {
            "python_version": "3.12.6 (main, Sep  6 2024, 19:03:47) [Clang 15.0.0 (clang-1500.3.9.4)]",
            "pytorch_version": "2.6.0",
            "cuda_available": false,
            "cuda_version": null,
            "platform": "macOS-15.1-arm64-arm-64bit",
            "cpu_count": "arm64",
            "processor": "arm"
        },
        "git_info": {
            "commit_hash": "15e48a32d31478ac54b6c3350a900b9f6e2bcba1",
            "branch": "main",
            "is_dirty": true
        },
        "tags": [
            "stochastic_layers_2",
            "activation_TemperaturePowerNorm_alpha_0.5_temperature_0.7_eps_1e-06"
        ],
        "final_metrics": {
            "best_val_loss": 2.2807382877836835,
            "best_val_acc": 26.1,
            "best_epoch": 10,
            "total_epochs": 16,
            "training_duration": 36.594166,
            "test_loss": 2.293055830122549,
            "test_acc": 14.29
        },
        "weight_analysis": {
            "network.linear_0.weight": {
                "mean": 0.0012755104107782245,
                "std": 0.0010411657858639956,
                "min": 0.0,
                "max": 0.008033710531890392,
                "norm": 0.7376336455345154,
                "sparsity": 0.2729143500328064
            },
            "network.linear_1.weight": {
                "mean": 0.00390625,
                "std": 0.062065549194812775,
                "min": 0.0,
                "max": 1.0,
                "norm": 11.257122993469238,
                "sparsity": 0.99505615234375
            },
            "network.linear_2.weight": {
                "mean": 0.0078125,
                "std": 0.030861984938383102,
                "min": 0.0,
                "max": 0.5000189542770386,
                "norm": 1.1385623216629028,
                "sparsity": 0.41328126192092896
            }
        },
        "activation_analysis": {
            "network.linear_0": {
                "avg_means": -0.3395324026016479,
                "std_means": 0.0031673993713743857,
                "avg_stds": 0.060887874203159456,
                "std_stds": 0.002399976763601414,
                "avg_sparsity": 0.0,
                "std_sparsity": 0.0
            },
            "network.linear_1": {
                "avg_means": 0.022655133633537494,
                "std_means": 0.0023831897043734025,
                "avg_stds": 0.10405790568032164,
                "std_stds": 0.007341676563144042,
                "avg_sparsity": 0.0,
                "std_sparsity": 0.0
            },
            "network.linear_2": {
                "avg_means": 0.013123200532603772,
                "std_means": 0.0006114425152582003,
                "avg_stds": 0.017194235320896544,
                "std_stds": 0.0010894649315405405,
                "avg_sparsity": 0.0,
                "std_sparsity": 0.0
            }
        }
    }
}