{
    "train_loss": [
        0.34675330477126687,
        0.1310903134168748,
        0.09237082600946675,
        0.0733788229328673,
        0.06136957592920122,
        0.054554160720209695,
        0.045864421548763225,
        0.0399529040251501,
        0.03621420774402503,
        0.03629467635712326
    ],
    "train_acc": [
        89.24814814814815,
        96.13703703703703,
        97.17777777777778,
        97.84814814814816,
        98.13333333333334,
        98.30185185185185,
        98.62407407407407,
        98.71111111111111,
        98.85,
        98.86666666666666
    ],
    "val_loss": [
        0.1385016169874592,
        0.10282900973044812,
        0.09622348876709634,
        0.10518609171614368,
        0.08292618141251992,
        0.08867108204619999,
        0.08258615721492692,
        0.09099872271589776,
        0.07768873521622191,
        0.07713405773083264
    ],
    "val_acc": [
        95.9,
        96.93333333333334,
        97.28333333333333,
        97.36666666666666,
        97.9,
        97.76666666666667,
        97.78333333333333,
        98.06666666666666,
        97.93333333333334,
        97.98333333333333
    ],
    "test_loss": 0.07965942459504961,
    "test_acc": 97.93,
    "metadata": {
        "timestamp": "2025-02-20T16:30:35.555391",
        "run_name": "20250220_163035_long-pug",
        "model_config": {
            "class_name": "BaseMLP",
            "input_dim": 784,
            "hidden_dims": [
                512,
                256,
                128,
                64
            ],
            "output_dim": 10,
            "activation_type": "ReLU",
            "dropout_prob": 0.1,
            "store_activations": true,
            "num_parameters": 575050,
            "num_trainable_parameters": 575050
        },
        "training_config": {
            "batch_size": 128,
            "learning_rate": 0.001,
            "optimizer": {
                "class_name": "Adam",
                "parameters": null
            },
            "criterion": "CrossEntropyLoss",
            "device": "cpu"
        },
        "dataset_info": {
            "name": "MNIST",
            "train_size": 54000,
            "val_size": 6000,
            "test_size": 10000,
            "input_shape": [
                1,
                28,
                28
            ],
            "num_classes": 10
        },
        "system_info": {
            "python_version": "3.12.6 (main, Sep  6 2024, 19:03:47) [Clang 15.0.0 (clang-1500.3.9.4)]",
            "pytorch_version": "2.6.0",
            "cuda_available": false,
            "cuda_version": null,
            "platform": "macOS-15.1-arm64-arm-64bit",
            "cpu_count": "arm64",
            "processor": "arm"
        },
        "git_info": {
            "commit_hash": "fb7674b1d074a74b64c66ec4a4a2ff0ad1c48a87",
            "branch": "main",
            "is_dirty": true
        },
        "tags": [
            "vanilla",
            "layers_4",
            "dropout_0.1"
        ],
        "final_metrics": {
            "best_val_loss": 0.07713405773083264,
            "best_val_acc": 98.06666666666666,
            "best_epoch": 9,
            "total_epochs": 10,
            "training_duration": 26.954152,
            "test_loss": 0.07965942459504961,
            "test_acc": 97.93
        }
    }
}