{
    "train_loss": [
        2.3025853633880615,
        2.3025853633880615,
        2.3025853633880615,
        2.3025853633880615,
        2.3025853633880615,
        2.3025853294896854,
        2.3025622288762677,
        2.302214130406131,
        2.3012115542922538,
        2.2990573237857546,
        2.2964456985347077,
        2.2946319834315947,
        2.2935008115678035,
        2.292765107200044,
        2.2922508428447053,
        2.2918455691134194,
        2.2914671496757397,
        2.2909848995118343,
        2.2903278890944203,
        2.2895370145544622,
        2.2886743037056583,
        2.287851575426581,
        2.2869801278362907,
        2.286206815480056,
        2.285447777730029,
        2.284828645358153,
        2.2842524560141904,
        2.2836268309733314,
        2.2825107060337517,
        2.2811592591317345,
        2.279834990817789,
        2.278654855009504,
        2.277784855444849,
        2.277039619983655,
        2.276158995537961,
        2.27521809638959,
        2.2744666750397164,
        2.2738705280267797,
        2.2733149669746653,
        2.272781083934115,
        2.2720599592579482,
        2.2709349100058676,
        2.2699602757584993,
        2.269166729461525,
        2.2685436010360718,
        2.2680963899287003,
        2.2677234411239624,
        2.2673930974933207,
        2.267036618779621,
        2.2665734856049595
    ],
    "train_acc": [
        10.481481481481481,
        12.262962962962963,
        13.464814814814815,
        15.494444444444444,
        15.748148148148148,
        12.196296296296296,
        11.083333333333334,
        12.394444444444444,
        13.694444444444445,
        14.10925925925926,
        14.412962962962963,
        14.690740740740742,
        15.187037037037037,
        15.983333333333333,
        16.494444444444444,
        17.512962962962963,
        18.833333333333332,
        18.788888888888888,
        18.516666666666666,
        19.216666666666665,
        21.283333333333335,
        22.112962962962964,
        23.02037037037037,
        24.01851851851852,
        24.381481481481483,
        23.81851851851852,
        23.537037037037038,
        23.43888888888889,
        24.437037037037037,
        19.914814814814815,
        19.73148148148148,
        23.746296296296297,
        26.37037037037037,
        25.97222222222222,
        25.85,
        26.357407407407408,
        26.95925925925926,
        27.62037037037037,
        28.17037037037037,
        28.453703703703702,
        28.68148148148148,
        28.903703703703705,
        29.214814814814815,
        29.537037037037038,
        29.52037037037037,
        29.64814814814815,
        30.02037037037037,
        29.844444444444445,
        30.305555555555557,
        30.29074074074074
    ],
    "val_loss": [
        2.3025853633880615,
        2.3025853633880615,
        2.3025853633880615,
        2.3025853633880615,
        2.3025853633880615,
        2.302585018442032,
        2.3024741284390715,
        2.3018161185244295,
        2.3002625678447965,
        2.2974729588691223,
        2.2951355893561183,
        2.293676680706917,
        2.292752311584797,
        2.292171559435256,
        2.291729465444037,
        2.291378589386636,
        2.2909924527432057,
        2.2904098135359745,
        2.2896161688135024,
        2.2887877352694246,
        2.28790164501109,
        2.287037915371834,
        2.2862320656472064,
        2.2854354838107493,
        2.284717950415104,
        2.2841106222030962,
        2.2835593781572707,
        2.2827401161193848,
        2.281393304784247,
        2.2800691635050674,
        2.2787677683728806,
        2.2778120345257697,
        2.277076371172641,
        2.276289270279255,
        2.2753477350194404,
        2.2745425701141357,
        2.2738891713162688,
        2.273365264243268,
        2.2728964420075113,
        2.2723329422321727,
        2.27136999495486,
        2.270314855778471,
        2.2694591258434538,
        2.2687614319172313,
        2.268244185346238,
        2.2678889974634697,
        2.267534854564261,
        2.2672471391393785,
        2.266823149741964,
        2.2663814463513963
    ],
    "val_acc": [
        13.4,
        9.0,
        12.083333333333334,
        14.35,
        22.5,
        7.133333333333334,
        10.266666666666667,
        11.65,
        12.55,
        13.066666666666666,
        13.183333333333334,
        13.533333333333333,
        14.2,
        15.3,
        16.15,
        24.266666666666666,
        18.233333333333334,
        17.683333333333334,
        17.216666666666665,
        20.316666666666666,
        20.983333333333334,
        22.15,
        23.383333333333333,
        23.783333333333335,
        23.683333333333334,
        23.516666666666666,
        23.7,
        23.983333333333334,
        25.2,
        19.016666666666666,
        19.416666666666668,
        25.833333333333332,
        26.1,
        25.7,
        25.883333333333333,
        26.633333333333333,
        27.216666666666665,
        27.966666666666665,
        28.05,
        28.483333333333334,
        28.383333333333333,
        28.85,
        28.9,
        28.866666666666667,
        29.1,
        29.4,
        29.316666666666666,
        29.533333333333335,
        29.95,
        29.75
    ],
    "test_loss": 2.2663967941380756,
    "test_acc": 30.48,
    "metadata": {
        "timestamp": "2025-02-21T16:51:44.098588",
        "run_name": "0221165144_BaseMLP_PowerNormalization_obsolete-specialist",
        "model_config": {
            "class_name": "BaseMLP",
            "input_dim": 784,
            "hidden_dims": [
                512,
                256
            ],
            "output_dim": 10,
            "activation_type": "PowerNormalization",
            "dropout_prob": 0.0,
            "store_activations": true,
            "num_parameters": 535040,
            "num_trainable_parameters": 535040
        },
        "training_config": {
            "batch_size": 128,
            "learning_rate": 0.001,
            "optimizer": {
                "class_name": "Adam",
                "parameters": null
            },
            "criterion": "CrossEntropyLoss",
            "device": "cpu"
        },
        "dataset_info": {
            "name": "MNIST",
            "train_size": 54000,
            "val_size": 6000,
            "test_size": 10000,
            "input_shape": [
                1,
                28,
                28
            ],
            "num_classes": 10
        },
        "system_info": {
            "python_version": "3.12.6 (main, Sep  6 2024, 19:03:47) [Clang 15.0.0 (clang-1500.3.9.4)]",
            "pytorch_version": "2.6.0",
            "cuda_available": false,
            "cuda_version": null,
            "platform": "macOS-15.1-arm64-arm-64bit",
            "cpu_count": "arm64",
            "processor": "arm"
        },
        "git_info": {
            "commit_hash": "a3b0a5e3f94443cb345268bf1f25446ff58657b8",
            "branch": "main",
            "is_dirty": true
        },
        "tags": [
            "stochastic_layers_2",
            "activation_PowerNormalization_layer_temperature_1.0"
        ],
        "final_metrics": {
            "best_val_loss": 2.2663814463513963,
            "best_val_acc": 29.95,
            "best_epoch": 49,
            "total_epochs": 50,
            "training_duration": 140.372799,
            "test_loss": 2.2663967941380756,
            "test_acc": 30.48
        },
        "weight_analysis": {
            "network.linear_0.raw_weight": {
                "mean": 0.21597380936145782,
                "std": 0.7177518010139465,
                "min": -7.241052627563477,
                "max": 6.019476890563965,
                "norm": 474.8825378417969,
                "sparsity": 0.0
            },
            "network.linear_1.raw_weight": {
                "mean": 0.8290650844573975,