{
    "hyperparameters": {
        "harmonic": true,
        "n": 37.0,
        "epochs": 100,
        "patience": 10,
        "min_delta": 0.0001,
        "batch_size": 64,
        "learning_rate": 0.001,
        "run_name": null
    },
    "training_history": {
        "epoch_losses": [
            0.5581874214033328,
            0.3277353581144357,
            0.29912811930754035,
            0.2863006939225868,
            0.2783048457062956,
            0.2728819479740886,
            0.26869622998034903,
            0.26603370840980933,
            0.26317241077801823,
            0.2610744958572677,
            0.2596013851717972,
            0.2576764415798665,
            0.25606153743353477,
            0.25508089253166594,
            0.2537161075690789,
            0.2528979440630753,
            0.25213555129828735,
            0.2513888328036329,
            0.2504104450146463,
            0.24988651942056633,
            0.24960302349442104,
            0.24877649005145025,
            0.2479661878293702,
            0.247624819153058,
            0.2473675713086052,
            0.24669474652851187,
            0.24620586781820128,
            0.2458074463011105,
            0.2456860637057946,
            0.24516728565668755,
            0.2448855517094514,
            0.2443670542485742,
            0.24438866604762927,
            0.24434237630922656,
            0.24418947356405543,
            0.24331466409999297,
            0.24373599317377564,
            0.24337058068354372,
            0.24292019759414038,
            0.24340527598410527,
            0.24259059181980996,
            0.2426529987963405,
            0.24217074152741477,
            0.24249902832260264,
            0.2419426045946475,
            0.24204172684090225,
            0.24196604054683307,
            0.24145400261621613,
            0.24176797331936323,
            0.24174903945993387,
            0.24151423890024487,
            0.24146384379661667,
            0.24141068175149116,
            0.2413417637657954,
            0.2409516692137731,
            0.2409865093439309,
            0.2410657822148505,
            0.24079636158322348,
            0.240560762195,
            0.2408970365924304,
            0.2404570352715025,
            0.24063015544115862,
            0.24064444425279524,
            0.24052607257769051,
            0.24032267338352037,
            0.2400603271099423,
            0.2402880945757254,
            0.24074009766996796,
            0.240290817433297,
            0.24055428702487494,
            0.24019855877229654,
            0.24042066611222493,
            0.2403797802966096,
            0.24020365113293185,
            0.24019271704846862,
            0.2400523260362875
        ],
        "early_stop_epoch": 75,
        "best_epoch": 65,
        "best_loss": 0.2400603271099423,
        "final_test_loss": 0.2513034887611866,
        "final_test_accuracy": 92.58
    },
    "timestamps": {
        "start_time": "2025-02-15 20:01:42",
        "end_time": "2025-02-15 20:03:15",
        "training_duration": "0:01:33"
    }
}