{
    "train_loss": [
        0.9349948783621403,
        0.7568207277223398,
        0.7526734828666488,
        0.7507782300219151,
        0.7497391947920289,
        0.7492562656718973,
        0.748585539547753,
        0.7486125616383213,
        0.7489825997024916,
        0.7477139295277437,
        0.7484071367724812
    ],
    "train_acc": [
        74.37407407407407,
        80.2537037037037,
        80.34444444444445,
        80.47222222222223,
        80.54444444444445,
        80.66481481481482,
        80.68518518518519,
        80.66666666666667,
        80.67777777777778,
        80.72592592592592,
        80.71851851851852
    ],
    "val_loss": [
        0.7612960795138745,
        0.759255477722655,
        0.756967823556129,
        0.7545440894492129,
        0.7529016441487252,
        0.7511978694733153,
        0.7547971377981469,
        0.7591266581352721,
        0.7512775989288979,
        0.7546619531956125,
        0.7525058591619451
    ],
    "val_acc": [
        80.23333333333333,
        80.38333333333334,
        80.58333333333333,
        80.71666666666667,
        80.75,
        80.83333333333333,
        80.18333333333334,
        80.3,
        80.55,
        80.65,
        80.68333333333334
    ],
    "test_loss": 0.7291611350035365,
    "test_acc": 81.83,
    "metadata": {
        "timestamp": "2025-02-25T12:39:09.747179",
        "run_name": "0225123909_BaseMLP_StochasticLayer_concave-cowboy",
        "model_config": {
            "class_name": "BaseMLP",
            "input_dim": 784,
            "hidden_dims": [
                512,
                256,
                128
            ],
            "output_dim": 10,
            "activation_type": "StochasticLayer",
            "dropout_prob": 0.0,
            "store_activations": true,
            "num_parameters": 566528,
            "num_trainable_parameters": 566528
        },
        "training_config": {
            "batch_size": 128,
            "learning_rate": 0.001,
            "optimizer": {
                "class_name": "Adam",
                "parameters": null
            },
            "criterion": "CrossEntropyLoss",
            "device": "cpu",
            "preprocess_fn": "_normalize_to_simplex"
        },
        "dataset_info": {
            "name": "MNIST",
            "train_size": 54000,
            "val_size": 6000,
            "test_size": 10000,
            "input_shape": [
                1,
                28,
                28
            ],
            "num_classes": 10
        },
        "system_info": {
            "python_version": "3.12.6 (main, Sep  6 2024, 19:03:47) [Clang 15.0.0 (clang-1500.3.9.4)]",
            "pytorch_version": "2.6.0",
            "cuda_available": false,
            "cuda_version": null,
            "platform": "macOS-15.1-arm64-arm-64bit",
            "cpu_count": "arm64",
            "processor": "arm"
        },
        "git_info": {
            "commit_hash": "03d718137e77b2c5b3526bcb4ff8b5d40f4f3cf8",
            "branch": "main",
            "is_dirty": true
        },
        "tags": [
            "stochastic_layers_3",
            "activation_NoActivation_layer_temperature_0.01"
        ],
        "final_metrics": {
            "best_val_loss": 0.7511978694733153,
            "best_val_acc": 80.83333333333333,
            "best_epoch": 5,
            "total_epochs": 11,
            "training_duration": 36.633842,
            "test_loss": 0.7291611350035365,
            "test_acc": 81.83
        },
        "weight_analysis": {
            "network.linear_0.raw_weight": {
                "mean": -0.0269483495503664,
                "std": 0.04104350879788399,
                "min": -0.11413931101560593,
                "max": 0.25241169333457947,
                "norm": 31.107831954956055,
                "sparsity": 0.0,
                "has_negative": true,
                "percent_negative": 75.54632568359375,
                "shape": [
                    512,
                    784
                ],
                "num_params": 401408
            },
            "network.linear_1.raw_weight": {
                "mean": -0.015914879739284515,
                "std": 0.05028022825717926,
                "min": -0.10747543722391129,
                "max": 0.25666773319244385,
                "norm": 19.093402862548828,
                "sparsity": 0.0,
                "has_negative": true,
                "percent_negative": 62.639617919921875,
                "shape": [
                    256,
                    512
                ],
                "num_params": 131072
            },
            "network.linear_2.raw_weight": {
                "mean": -0.007881960831582546,
                "std": 0.0712491124868393,
                "min": -0.1250966191291809,
                "max": 0.27693694829940796,
                "norm": 12.975940704345703,
                "sparsity": 0.0,
                "has_negative": true,
                "percent_negative": 55.60302734375,
                "shape": [
                    128,
                    256
                ],
                "num_params": 32768
            },
            "network.linear_3.raw_weight": {
                "mean": -0.007338962517678738,
                "std": 0.12130457907915115,
                "min": -0.2280241996049881,
                "max": 0.2567371129989624,
                "norm": 4.346167087554932,
                "sparsity": 0.0,
                "has_negative": true,
                "percent_negative": 55.78125,
                "shape": [
                    10,
                    128
                ],
                "num_params": 1280
            }
        },
        "activation_analysis": {
            "pre_activation:network.linear_0_preact": {
                "avg_means": 0.06493551284074783,
                "std_means": 0.0024560981812119143,
                "avg_stds": 0.17338832103191537,
                "std_stds": 0.004169663229182958,
                "avg_sparsity": 0.0,
                "std_sparsity": 0.0,
                "avg_mins": 5.8878056775222616e-08,
                "std_mins": 1.742231377081788e-08,
                "avg_maxs": 2.5855420193773635,
                "std_maxs": 0.2278884610111753,
                "avg_sum": 4244.63348778258
            },
            "pre_activation:network.linear_1_preact": {
                "avg_means": 0.12987102441331175,
                "std_means": 0.004912196528987967,
                "avg_stds": 0.4429993172909351,
                "std_stds": 0.014130951342425375,
                "avg_sparsity": 0.0,
                "std_sparsity": 0.0,
                "avg_mins": 1.386667642366126e-07,
                "std_mins": 4.583771378380215e-08,
                "avg_maxs": 7.474415880568484,
                "std_maxs": 0.6065960711738501,
                "avg_sum": 4244.633441032247
            },
            "pre_activation:network.linear_2_preact": {
                "avg_means": 0.2597420317061404,
                "std_means": 0.009824395557459474,
                "avg_stds": 0.6918771343028292,
                "std_stds": 0.02289065103087524,
                "avg_sparsity": 0.0,
                "std_sparsity": 0.0,
                "avg_mins": 1.2386472141112422e-06,
                "std_mins": 2.8166631374171666e-07,
                "avg_maxs": 8.813096898667355,
                "std_maxs": 0.6185262305136371,
                "avg_sum": 4244.633165724734
            },
            "pre_activation:network.linear_3_preact": {
                "avg_means": 3.324697935834844,
                "std_means": 0.12575218765035487,
                "avg_stds": 1.8973635561922764,
                "std_stds": 0.0638859855910898,
                "avg_sparsity": 0.0,
                "std_sparsity": 0.0,
                "avg_mins": 0.007382483344120741,
                "std_mins": 0.010557827405947096,
                "avg_maxs": 12.333272142613188,