{
    "train_loss": [
        1.5315749826024494,
        1.47012242999687,
        1.4698504133247086,
        1.4679946741221641,
        1.4685422806378226,
        1.4677859460008087,
        1.4679446242996868,
        1.4674224972159942,
        1.4680219436708786,
        1.4682495150520902,
        1.4681926030683292,
        1.4683340909356755,
        1.4678391924401595,
        1.4677322543627842,
        1.4674546557580126
    ],
    "train_acc": [
        63.50555555555555,
        65.56111111111112,
        65.78888888888889,
        65.70185185185186,
        65.52592592592593,
        65.74259259259259,
        65.8537037037037,
        65.74814814814815,
        65.72962962962963,
        65.56481481481481,
        65.68148148148148,
        65.63333333333334,
        65.6537037037037,
        65.52037037037037,
        65.60925925925926
    ],
    "val_loss": [
        1.4672403741390148,
        1.4665590499309784,
        1.4626685685299812,
        1.4650192514378975,
        1.4671885637526816,
        1.464431567394987,
        1.4638896140646427,
        1.4615756958088977,
        1.4638130487279688,
        1.4611355954028191,
        1.4647584468760388,
        1.4614165412618758,
        1.4648386772642745,
        1.4637511233065992,
        1.4628252501183368
    ],
    "val_acc": [
        65.56666666666666,
        65.75,
        66.38333333333334,
        66.26666666666667,
        65.96666666666667,
        65.81666666666666,
        65.51666666666667,
        66.36666666666666,
        65.51666666666667,
        65.86666666666666,
        65.36666666666666,
        66.31666666666666,
        66.03333333333333,
        66.23333333333333,
        66.48333333333333
    ],
    "test_loss": 1.4536916394776935,
    "test_acc": 65.6,
    "metadata": {
        "timestamp": "2025-02-21T14:53:24.394213",
        "run_name": "0221145324_BaseMLP_ReLU_novel-cinema",
        "model_config": {
            "class_name": "BaseMLP",
            "input_dim": 784,
            "hidden_dims": [
                512,
                256,
                128
            ],
            "output_dim": 10,
            "activation_type": "ReLU",
            "dropout_prob": 0.0,
            "store_activations": true,
            "num_parameters": 566528,
            "num_trainable_parameters": 566528
        },
        "training_config": {
            "batch_size": 128,
            "learning_rate": 0.001,
            "optimizer": {
                "class_name": "Adam",
                "parameters": null
            },
            "criterion": "CrossEntropyLoss",
            "device": "cpu"
        },
        "dataset_info": {
            "name": "MNIST",
            "train_size": 54000,
            "val_size": 6000,
            "test_size": 10000,
            "input_shape": [
                1,
                28,
                28
            ],
            "num_classes": 10
        },
        "system_info": {
            "python_version": "3.12.6 (main, Sep  6 2024, 19:03:47) [Clang 15.0.0 (clang-1500.3.9.4)]",
            "pytorch_version": "2.6.0",
            "cuda_available": false,
            "cuda_version": null,
            "platform": "macOS-15.1-arm64-arm-64bit",
            "cpu_count": "arm64",
            "processor": "arm"
        },
        "git_info": {
            "commit_hash": "e002b61e0f49ed24cde6d4c5b63a2d8ef535d0f8",
            "branch": "main",
            "is_dirty": true
        },
        "tags": [
            "stochastic_layers_3",
            "activation_NoActivation_layer_temperature_0.01"
        ],
        "final_metrics": {
            "best_val_loss": 1.4611355954028191,
            "best_val_acc": 66.48333333333333,
            "best_epoch": 9,
            "total_epochs": 15,
            "training_duration": 38.892976,
            "test_loss": 1.4536916394776935,
            "test_acc": 65.6
        },
        "weight_analysis": {
            "network.linear_0.raw_weight": {
                "mean": -0.021695580333471298,
                "std": 0.04355532303452492,
                "min": -0.14116808772087097,
                "max": 0.22639945149421692,
                "norm": 30.828998565673828,
                "sparsity": 0.0
            },
            "network.linear_1.raw_weight": {
                "mean": -0.014863025397062302,
                "std": 0.0499364510178566,
                "min": -0.12316471338272095,
                "max": 0.2677503526210785,
                "norm": 18.862648010253906,
                "sparsity": 0.0
            },
            "network.linear_2.raw_weight": {
                "mean": -0.009676989167928696,
                "std": 0.06849263608455658,
                "min": -0.12558016180992126,
                "max": 0.2838943302631378,
                "norm": 12.521432876586914,
                "sparsity": 0.0
            },
            "network.linear_3.raw_weight": {
                "mean": -0.03345322608947754,
                "std": 0.0972670465707779,
                "min": -0.20736554265022278,
                "max": 0.2986716628074646,
                "norm": 3.678713798522949,
                "sparsity": 0.0
            }
        },
        "activation_analysis": {
            "network.linear_0": {
                "avg_means": 0.5652087698591516,
                "std_means": 0.029795600435970862,
                "avg_stds": 1.001478724023129,
                "std_stds": 0.013347956560938271,
                "avg_sparsity": 0.0,
                "std_sparsity": 0.0
            },
            "network.activation_0": {
                "avg_means": 0.6930504035442433,
                "std_means": 0.026341481371923072,
                "avg_stds": 0.892810028918246,
                "std_stds": 0.01392294726487601,
                "avg_sparsity": 0.41843347029483063,
                "std_sparsity": 0.011250339995887688
            },
            "network.linear_1": {
                "avg_means": 0.8077261917134548,
                "std_means": 0.031024457230881944,
                "avg_stds": 0.8099024346534242,
                "std_stds": 0.013145749677909406,
                "avg_sparsity": 0.0,
                "std_sparsity": 0.0
            },
            "network.activation_1": {
                "avg_means": 0.8077261917134548,
                "std_means": 0.031024457230881944,
                "avg_stds": 0.8099024346534242,
                "std_stds": 0.013145749677909406,
                "avg_sparsity": 0.0,
                "std_sparsity": 0.0
            },
            "network.linear_2": {
                "avg_means": 0.806680402857192,
                "std_means": 0.03063894581594327,
                "avg_stds": 0.760372853025477,
                "std_stds": 0.013903952604373424,
                "avg_sparsity": 0.0,
                "std_sparsity": 0.0
            },
            "network.activation_2": {
                "avg_means": 0.806680402857192,
                "std_means": 0.03063894581594327,
                "avg_stds": 0.760372853025477,
                "std_stds": 0.013903952604373424,
                "avg_sparsity": 0.0,
                "std_sparsity": 0.0
            },
            "network.linear_3": {
                "avg_means": 0.7775251662477534,
                "std_means": 0.0315810836368196,
                "avg_stds": 0.714409147171264,
                "std_stds": 0.015532774377375033,
                "avg_sparsity": 0.0,
                "std_sparsity": 0.0
            }
        }
    }
}