{
    "train_loss": [
        1.8562013063385587,
        1.802627442572354,
        1.8012497611520415,
        1.8006290530706468,
        1.80006004001292,
        1.8000596871873213,
        1.8004617869006514,
        1.7997306836724847,
        1.7997034836154413,
        1.7996251987055014,
        1.7996257893847063,
        1.7996014997857441
    ],
    "train_acc": [
        73.33148148148148,
        75.39074074074074,
        75.5537037037037,
        75.48148148148148,
        75.72407407407407,
        75.60740740740741,
        75.62222222222222,
        75.62777777777778,
        75.63333333333334,
        75.91481481481482,
        75.84814814814816,
        75.78148148148148
    ],
    "val_loss": [
        1.8017881373141675,
        1.8006033795945189,
        1.7989467052703207,
        1.8002121423153168,
        1.7992191771243482,
        1.803946776592985,
        1.797224592655263,
        1.7994213180339083,
        1.801706593087379,
        1.7989531679356352,
        1.8003153242963426,
        1.7983942589861281
    ],
    "val_acc": [
        75.96666666666667,
        75.41666666666667,
        75.78333333333333,
        75.6,
        75.36666666666666,
        75.3,
        75.18333333333334,
        75.35,
        75.8,
        75.11666666666666,
        74.98333333333333,
        75.58333333333333
    ],
    "test_loss": 1.7944173646878592,
    "test_acc": 76.28,
    "metadata": {
        "timestamp": "2025-02-25T00:36:13.969639",
        "run_name": "0225003613_BaseMLP_SparseMax_glowing-couch",
        "model_config": {
            "class_name": "BaseMLP",
            "input_dim": 784,
            "hidden_dims": [
                512,
                256,
                128
            ],
            "output_dim": 10,
            "activation_type": "SparseMax",
            "dropout_prob": 0.0,
            "store_activations": true,
            "num_parameters": 566528,
            "num_trainable_parameters": 566528
        },
        "training_config": {
            "batch_size": 128,
            "learning_rate": 0.001,
            "optimizer": {
                "class_name": "Adam",
                "parameters": null
            },
            "criterion": "CrossEntropyLoss",
            "device": "cpu"
        },
        "dataset_info": {
            "name": "MNIST",
            "train_size": 54000,
            "val_size": 6000,
            "test_size": 10000,
            "input_shape": [
                1,
                28,
                28
            ],
            "num_classes": 10
        },
        "system_info": {
            "python_version": "3.12.6 (main, Sep  6 2024, 19:03:47) [Clang 15.0.0 (clang-1500.3.9.4)]",
            "pytorch_version": "2.6.0",
            "cuda_available": false,
            "cuda_version": null,
            "platform": "macOS-15.1-arm64-arm-64bit",
            "cpu_count": "arm64",
            "processor": "arm"
        },
        "git_info": {
            "commit_hash": "a3b0a5e3f94443cb345268bf1f25446ff58657b8",
            "branch": "main",
            "is_dirty": true
        },
        "tags": [
            "stochastic_layers_3",
            "activation_SparseMax_layer_temperature_0.01"
        ],
        "final_metrics": {
            "best_val_loss": 1.797224592655263,
            "best_val_acc": 75.96666666666667,
            "best_epoch": 6,
            "total_epochs": 12,
            "training_duration": 50.442359,
            "test_loss": 1.7944173646878592,
            "test_acc": 76.28
        },
        "weight_analysis": {
            "network.linear_0.raw_weight": {
                "mean": 0.009631462395191193,
                "std": 0.05184550583362579,
                "min": -0.13982287049293518,
                "max": 0.2901032567024231,
                "norm": 33.4094352722168,
                "sparsity": 0.0,
                "has_negative": true,
                "percent_negative": 47.12736129760742,
                "shape": [
                    512,
                    784
                ],
                "num_params": 401408
            },
            "network.linear_1.raw_weight": {
                "mean": 0.001460278988815844,
                "std": 0.05756835639476776,
                "min": -0.10555530339479446,
                "max": 0.22418969869613647,
                "norm": 20.848569869995117,
                "sparsity": 0.0,
                "has_negative": true,
                "percent_negative": 51.77459716796875,
                "shape": [
                    256,
                    512
                ],
                "num_params": 131072
            },
            "network.linear_2.raw_weight": {
                "mean": -0.0030367772560566664,
                "std": 0.07501434534788132,
                "min": -0.1249902993440628,
                "max": 0.2801344692707062,
                "norm": 13.589960098266602,
                "sparsity": 0.0,
                "has_negative": true,
                "percent_negative": 53.9581298828125,
                "shape": [
                    128,
                    256
                ],
                "num_params": 32768
            },
            "network.linear_3.raw_weight": {
                "mean": -0.027924293652176857,
                "std": 0.09486239403486252,
                "min": -0.20786017179489136,
                "max": 0.31008657813072205,
                "norm": 3.5366170406341553,
                "sparsity": 0.0,
                "has_negative": true,
                "percent_negative": 51.484375,
                "shape": [
                    10,
                    128
                ],
                "num_params": 1280
            }
        },
        "activation_analysis": {
            "pre_activation:network.linear_0_StochasticLayer": {
                "avg_means": -0.21559429073587377,
                "std_means": 0.006061716937872424,
                "avg_stds": 0.17560393601021868,
                "std_stds": 0.004387031095230078,
                "avg_sparsity": 0.0,
                "std_sparsity": 0.0,
                "avg_mins": -0.4242131018892248,
                "std_mins": 1.7503694957675148e-08,
                "avg_maxs": 2.688049762806994,
                "std_maxs": 0.08727156899608066,
                "avg_sum": -14090.739798038563
            },
            "post_activation:network.activation_0_SparseMax": {
                "avg_means": 0.007812499811753948,
                "std_means": 2.4789024864099135e-10,
                "avg_stds": 0.06979234960485012,
                "std_stds": 0.0011766959768603148,
                "avg_sparsity": 0.3778588201137299,
                "std_sparsity": 0.03195043983096406,
                "avg_mins": 0.0,
                "std_mins": 0.0,
                "avg_maxs": 0.9999977502417057,
                "std_maxs": 9.482268159443902e-07,
                "avg_sum": 127.65957138386179
            },
            "pre_activation:network.linear_1_StochasticLayer": {
                "avg_means": 0.0039015084088958323,
                "std_means": 7.271844725261932e-06,
                "avg_stds": 0.049504151924493464,
                "std_stds": 0.0008294934625321431,
                "avg_sparsity": 0.0,
                "std_sparsity": 0.0,
                "avg_mins": 6.338298120832556e-14,
                "std_mins": 1.0736912832355099e-14,
                "avg_maxs": 0.9999994369263344,
                "std_maxs": 1.8679793986383363e-07,
                "avg_sum": 127.50651988577336
            },
            "pre_activation:network.linear_2_StochasticLayer": {
                "avg_means": 0.007807341265551587,
                "std_means": 7.68544171420139e-06,
                "avg_stds": 0.06979239747879352,
                "std_stds": 0.0011766873176014998,
                "avg_sparsity": 0.0,
                "std_sparsity": 0.0,
                "avg_mins": 2.0253814956664372e-16,