{
    "train_loss": [
        2.1812618072564005,
        1.9028238038316156,
        1.8468067696874175,
        1.8434242998819215,
        1.842136143790602,
        1.8415367236069593,
        1.8410181024628227,
        1.8406992170483014,
        1.8404992909228066,
        1.8403212137131895,
        1.840129169242642,
        1.8401064607204418,
        1.839935440305285,
        1.8398905526405263,
        1.8398223524974986,
        1.839772591658678,
        1.8396954818924456,
        1.8397378927158519,
        1.8397076412399798,
        1.8396676662973883,
        1.8396550727681527,
        1.8396054932856447,
        1.8395775822101612,
        1.8395827392831232,
        1.8395748048032066,
        1.8395695138316583,
        1.8395470191517147,
        1.8395420239434987,
        1.839513512866757,
        1.8394877772195644,
        1.8395129060858233,
        1.8395058430766607,
        1.8395342756221644,
        1.839531634091201,
        1.8394949328842887,
        1.839461602305914,
        1.8394728218209686,
        1.8394993331760028,
        1.8394883433224465,
        1.8394965981420182,
        1.839530003014334,
        1.839471467863327
    ],
    "train_acc": [
        47.388888888888886,
        45.196296296296296,
        45.38333333333333,
        45.333333333333336,
        45.28888888888889,
        45.31111111111111,
        45.29259259259259,
        45.30555555555556,
        45.27407407407407,
        45.30185185185185,
        45.3,
        45.27962962962963,
        45.28333333333333,
        45.30740740740741,
        45.275925925925925,
        45.28333333333333,
        45.24074074074074,
        45.27407407407407,
        45.29814814814815,
        45.31111111111111,
        45.2962962962963,
        45.30925925925926,
        45.31296296296296,
        45.28148148148148,
        45.333333333333336,
        45.275925925925925,
        45.27962962962963,
        45.24629629629629,
        45.30925925925926,
        45.275925925925925,
        45.22037037037037,
        45.28888888888889,
        45.27777777777778,
        45.30925925925926,
        45.31111111111111,
        44.96851851851852,
        44.03333333333333,
        44.04814814814815,
        44.077777777777776,
        43.977777777777774,
        44.403703703703705,
        44.21851851851852
    ],
    "val_loss": [
        1.973665734554859,
        1.8508954251066168,
        1.8441152471177122,
        1.8419652162714208,
        1.8410501048920003,
        1.8405154639102044,
        1.8402051519840321,
        1.8399416893086535,
        1.839628983051219,
        1.8394780311178653,
        1.8396825790405273,
        1.839348907166339,
        1.8394109695515735,
        1.8393477759462722,
        1.8391253821393276,
        1.8392490478272134,
        1.8391819406063,
        1.8392691739062046,
        1.8390118416319503,
        1.83924175323324,
        1.839212455648057,
        1.8388963887032042,
        1.838839513190249,
        1.838945320312013,
        1.8389712445279385,
        1.8386602401733398,
        1.838806228434786,
        1.839127170278671,
        1.8387299344894734,
        1.8387870509573754,
        1.8386252053240513,
        1.8386265901809042,
        1.8385944594728185,
        1.8389606678739507,
        1.8391249230567446,
        1.8388426075590418,
        1.8385355472564697,
        1.8389746660881854,
        1.8387764464033411,
        1.8391544590605067,
        1.838935207813344,
        1.8389975289081006
    ],
    "val_acc": [
        44.88333333333333,
        45.78333333333333,
        45.88333333333333,
        45.666666666666664,
        45.666666666666664,
        45.71666666666667,
        45.65,
        45.78333333333333,
        45.8,
        45.7,
        45.7,
        45.63333333333333,
        45.8,
        45.833333333333336,
        45.733333333333334,
        45.81666666666667,
        45.833333333333336,
        45.833333333333336,
        45.86666666666667,
        45.85,
        45.833333333333336,
        45.8,
        45.71666666666667,
        45.78333333333333,
        45.833333333333336,
        45.9,
        45.86666666666667,
        45.81666666666667,
        45.88333333333333,
        45.916666666666664,
        45.916666666666664,
        45.85,
        45.88333333333333,
        45.86666666666667,
        45.766666666666666,
        43.85,
        43.88333333333333,
        43.81666666666667,
        45.4,
        43.766666666666666,
        45.7,
        43.8
    ],
    "test_loss": 1.8357801241210745,
    "test_acc": 44.24,
    "metadata": {
        "timestamp": "2025-02-25T00:25:11.460356",
        "run_name": "0225002511_BaseMLP_SparseMax_wintry-mythology",
        "model_config": {
            "class_name": "BaseMLP",
            "input_dim": 784,
            "hidden_dims": [
                512,
                256,
                128
            ],
            "output_dim": 10,
            "activation_type": "SparseMax",
            "dropout_prob": 0.0,
            "store_activations": true,
            "num_parameters": 566528,
            "num_trainable_parameters": 566528
        },
        "training_config": {
            "batch_size": 128,
            "learning_rate": 0.001,
            "optimizer": {
                "class_name": "Adam",
                "parameters": null
            },
            "criterion": "CrossEntropyLoss",
            "device": "cpu"
        },
        "dataset_info": {
            "name": "MNIST",
            "train_size": 54000,
            "val_size": 6000,
            "test_size": 10000,
            "input_shape": [
                1,
                28,
                28
            ],
            "num_classes": 10
        },
        "system_info": {
            "python_version": "3.12.6 (main, Sep  6 2024, 19:03:47) [Clang 15.0.0 (clang-1500.3.9.4)]",
            "pytorch_version": "2.6.0",
            "cuda_available": false,
            "cuda_version": null,
            "platform": "macOS-15.1-arm64-arm-64bit",
            "cpu_count": "arm64",
            "processor": "arm"
        },
        "git_info": {
            "commit_hash": "a3b0a5e3f94443cb345268bf1f25446ff58657b8",
            "branch": "main",
            "is_dirty": true
        },
        "tags": [
            "stochastic_layers_3",
            "activation_SparseMax_layer_temperature_0.1"
        ],
        "final_metrics": {
            "best_val_loss": 1.8385355472564697,
            "best_val_acc": 45.916666666666664,
            "best_epoch": 36,
            "total_epochs": 42,
            "training_duration": 169.972559,
            "test_loss": 1.8357801241210745,
            "test_acc": 44.24
        },
        "weight_analysis": {
            "network.linear_0.raw_weight": {
                "mean": 0.025108201429247856,
                "std": 0.1845950037240982,
                "min": -1.5450047254562378,
                "max": 0.6376909017562866,
                "norm": 118.02881622314453,
                "sparsity": 0.0,
                "has_negative": true,
                "percent_negative": 32.661529541015625,
                "shape": [
                    512,
                    784
                ],
                "num_params": 401408
            },
            "network.linear_1.raw_weight": {
                "mean": -0.025120608508586884,
                "std": 0.19622905552387238,
                "min": -1.0221667289733887,
                "max": 1.6469413042068481,
                "norm": 71.62174224853516,
                "sparsity": 0.0,
                "has_negative": true,
                "percent_negative": 49.883270263671875,
                "shape": [
                    256,
                    512
                ],
                "num_params": 131072
            },
            "network.linear_2.raw_weight": {
                "mean": -0.0870416909456253,
                "std": 0.26363900303840637,