{
    "train_loss": [
        2.0046817962592245,
        1.6009829233607975,
        1.288722812564452,
        1.0937622784155805,
        0.9887683874622906,
        0.8385366468350469,
        0.7508438233798149,
        0.7037645269061716,
        0.6700282327089264,
        0.6406333990289137,
        0.6069065718006749,
        0.5759005865073317,
        0.5297872270170546,
        0.48039813876434523,
        0.4076083507300553,
        0.3322203524799143,
        0.2727731354004964,
        0.22951010261525476,
        0.19932641141928767,
        0.16975249572529047,
        0.15206263442104462,
        0.13517810978101327,
        0.11991894421701747,
        0.10443498771549402,
        0.09444937646671495,
        0.08980230301159535,
        0.07811835161917866,
        0.07376451386906807,
        0.06473159338943484,
        0.06060996278237675,
        0.05627481268621734,
        0.055370258670565074,
        0.04702688190397493,
        0.04359302615914582,
        0.04088186349949283,
        0.0390929157814779,
        0.03603931241867384,
        0.036993466348550615,
        0.034410583855081084,
        0.028538957525097646
    ],
    "train_acc": [
        50.86666666666667,
        53.114814814814814,
        49.54259259259259,
        50.138888888888886,
        52.870370370370374,
        60.162962962962965,
        60.75370370370371,
        61.016666666666666,
        62.162962962962965,
        68.28888888888889,
        69.89814814814815,
        73.85,
        79.45185185185186,
        86.6462962962963,
        95.87592592592593,
        97.62777777777778,
        98.2,
        98.45925925925926,
        98.58148148148148,
        98.85555555555555,
        98.88148148148149,
        98.92777777777778,
        98.99814814814815,
        99.20185185185186,
        99.22222222222223,
        99.12222222222222,
        99.2611111111111,
        99.24814814814815,
        99.38703703703703,
        99.3537037037037,
        99.38333333333334,
        99.31481481481481,
        99.47777777777777,
        99.49814814814815,
        99.5425925925926,
        99.50740740740741,
        99.56296296296296,
        99.49814814814815,
        99.54444444444445,
        99.64444444444445
    ],
    "val_loss": [
        1.7575613133450771,
        1.4217791455857298,
        1.1707264844407426,
        1.0452351887175377,
        0.9286610813851052,
        0.7972220157055144,
        0.7477149367332458,
        0.7044873275655381,
        0.695297305888318,
        0.6617243137765438,
        0.630054864477604,
        0.6004481011248649,
        0.5518425100661338,
        0.4923598252712412,
        0.4254442129997497,
        0.353814256952164,
        0.2986178442518762,
        0.27038682806999126,
        0.24248791882332335,
        0.22764740947713244,
        0.21212407106414755,
        0.2031388758344853,
        0.19433931229596443,
        0.1770639516254689,
        0.17424366781686215,
        0.17368403695365217,
        0.17191526103526988,
        0.16279562364550346,
        0.15104892041454923,
        0.14615120580221744,
        0.15473721834256293,
        0.1458475120127835,
        0.14455354257308423,
        0.16245361564165733,
        0.140226164396773,
        0.15334153214984753,
        0.1605242694074169,
        0.1732846883700249,
        0.1560305959763045,
        0.14713219802905905
    ],
    "val_acc": [
        55.083333333333336,
        50.15,
        50.333333333333336,
        51.28333333333333,
        60.46666666666667,
        61.25,
        61.3,
        61.5,
        62.81666666666667,
        69.51666666666667,
        70.88333333333334,
        79.08333333333333,
        79.88333333333334,
        93.4,
        95.18333333333334,
        96.51666666666667,
        97.08333333333333,
        96.91666666666667,
        97.25,
        97.31666666666666,
        97.3,
        97.08333333333333,
        97.31666666666666,
        97.43333333333334,
        97.11666666666666,
        97.11666666666666,
        97.38333333333334,
        97.3,
        97.4,
        97.6,
        97.21666666666667,
        97.45,
        97.46666666666667,
        97.16666666666667,
        97.66666666666667,
        97.31666666666666,
        97.11666666666666,
        97.03333333333333,
        97.48333333333333,
        97.46666666666667
    ],
    "test_loss": 0.1261427132884347,
    "test_acc": 97.57,
    "metadata": {
        "timestamp": "2025-02-20T21:12:40.932708",
        "run_name": "0220211240_BaseMLP_RescaledReLU_toasted-martin",
        "model_config": {
            "class_name": "BaseMLP",
            "input_dim": 784,
            "hidden_dims": [
                512,
                256,
                128,
                64
            ],
            "output_dim": 10,
            "activation_type": "RescaledReLU",
            "dropout_prob": 0.0,
            "store_activations": true,
            "num_parameters": 575050,
            "num_trainable_parameters": 575050
        },
        "training_config": {
            "batch_size": 128,
            "learning_rate": 0.001,
            "optimizer": {
                "class_name": "Adam",
                "parameters": null
            },
            "criterion": "CrossEntropyLoss",
            "device": "cpu"
        },
        "dataset_info": {
            "name": "MNIST",
            "train_size": 54000,
            "val_size": 6000,
            "test_size": 10000,
            "input_shape": [
                1,
                28,
                28
            ],
            "num_classes": 10
        },
        "system_info": {
            "python_version": "3.12.6 (main, Sep  6 2024, 19:03:47) [Clang 15.0.0 (clang-1500.3.9.4)]",
            "pytorch_version": "2.6.0",
            "cuda_available": false,
            "cuda_version": null,
            "platform": "macOS-15.1-arm64-arm-64bit",
            "cpu_count": "arm64",
            "processor": "arm"
        },
        "git_info": {
            "commit_hash": "15e48a32d31478ac54b6c3350a900b9f6e2bcba1",
            "branch": "main",
            "is_dirty": true
        },
        "tags": [
            "layers_4",
            "dropout_0.0",
            "activation_RescaledReLU_eps_1e-10"
        ],
        "final_metrics": {
            "best_val_loss": 0.140226164396773,
            "best_val_acc": 97.66666666666667,
            "best_epoch": 34,
            "total_epochs": 40,
            "training_duration": 101.561273,
            "test_loss": 0.1261427132884347,
            "test_acc": 97.57
        },
        "weight_analysis": {
            "network.linear_0.weight": {
                "mean": 0.007126929704099894,
                "std": 0.05872480198740959,
                "min": -0.933426558971405,
                "max": 0.6170099377632141,
                "norm": 37.478450775146484,
                "sparsity": 0.0
            },
            "network.linear_1.weight": {
                "mean": -0.004965535365045071,
                "std": 0.052877284586429596,
                "min": -0.6455055475234985,
                "max": 0.6397539973258972,
                "norm": 19.227745056152344,
                "sparsity": 0.0
            },
            "network.linear_2.weight": {
                "mean": -0.009882966056466103,
                "std": 0.06569485366344452,
                "min": -0.8841630816459656,
                "max": 0.660671055316925,
                "norm": 12.025672912597656,
                "sparsity": 0.0
            },
            "network.linear_3.weight": {
                "mean": -0.010943970642983913,
                "std": 0.06411153823137283,
                "min": -0.7827305197715759,
                "max": 0.5593340992927551,
                "norm": 5.886301517486572,
                "sparsity": 0.0
            },
            "network.linear_4.weight": {
                "mean": -0.3756999373435974,
                "std": 1.9709720611572266,