{
    "train_loss": [
        2.1622772168774174,
        1.9400127453826614,
        1.8597329422760913,
        1.7768577410711497,
        1.7219095148181462,
        1.7012131151994823,
        1.6571592965397224,
        1.6302769791458456,
        1.6020860801940846,
        1.5932001731407022,
        1.5874926481766722,
        1.5711337491799304,
        1.5395135218498266,
        1.4991189385477401,
        1.4711505233959,
        1.4399777238402887,
        1.3903353104094194,
        1.3628162430925956,
        1.3376572931547301,
        1.3282091100633993,
        1.2993196785732468,
        1.3064756000776427,
        1.295034802637959,
        1.268313127812616,
        1.2817994856156445,
        1.264592379472832,
        1.2833766235276987,
        1.2527734292626946,
        1.252381904995272,
        1.2415193442202292,
        1.2588082163537284,
        1.2181531832116475,
        1.2042474243878187,
        1.2074959759746118,
        1.194992261899026
    ],
    "train_acc": [
        20.15,
        23.418518518518518,
        25.003703703703703,
        28.82037037037037,
        29.127777777777776,
        31.20740740740741,
        33.992592592592594,
        34.224074074074075,
        34.00185185185185,
        34.327777777777776,
        34.76481481481481,
        35.111111111111114,
        38.86666666666667,
        39.648148148148145,
        40.45740740740741,
        44.007407407407406,
        46.44814814814815,
        48.61851851851852,
        51.864814814814814,
        51.9537037037037,
        52.412962962962965,
        52.13703703703704,
        52.138888888888886,
        52.861111111111114,
        52.72962962962963,
        52.955555555555556,
        52.022222222222226,
        54.0,
        53.931481481481484,
        53.69444444444444,
        53.157407407407405,
        54.32592592592592,
        55.26481481481481,
        55.44814814814815,
        55.262962962962966
    ],
    "val_loss": [
        1.8698723037192162,
        1.7225007173862863,
        1.7099073491197951,
        1.5120402574539185,
        1.447714851257649,
        1.4654957005318174,
        1.3016031498604632,
        1.4031371639129964,
        1.250650076155967,
        1.2418004781641858,
        1.2280968706658546,
        1.2353940263707588,
        1.1431635491391445,
        1.0693211149662099,
        1.0691359322121803,
        1.0024523456045922,
        0.971527396364415,
        0.9453360527119739,
        0.8879398158256043,
        0.8590370150322609,
        0.7914853007235425,
        0.8086717306299412,
        0.8286145329475403,
        0.7925836976538313,
        0.7852428010169495,
        0.7611072634128814,
        0.8356674364272584,
        0.7740916698536975,
        0.8116504207570502,
        0.750148355960846,
        0.7604603057212018,
        0.7762467873857376,
        0.7679080722179819,
        0.7897502221959702,
        0.8349863214695707
    ],
    "val_acc": [
        28.683333333333334,
        27.966666666666665,
        34.61666666666667,
        36.833333333333336,
        38.03333333333333,
        43.733333333333334,
        46.21666666666667,
        43.15,
        46.43333333333333,
        46.016666666666666,
        46.75,
        47.1,
        54.46666666666667,
        56.15,
        55.88333333333333,
        65.61666666666666,
        72.43333333333334,
        72.81666666666666,
        71.96666666666667,
        72.71666666666667,
        73.88333333333334,
        72.9,
        72.8,
        73.1,
        73.91666666666667,
        73.68333333333334,
        73.11666666666666,
        74.03333333333333,
        72.83333333333333,
        74.51666666666667,
        74.23333333333333,
        74.25,
        74.01666666666667,
        72.91666666666667,
        73.6
    ],
    "test_loss": 0.798890583877322,
    "test_acc": 74.62,
    "metadata": {
        "timestamp": "2025-02-20T21:54:22.440831",
        "run_name": "0220215422_BaseMLP_LayerwiseSoftmax_short-tundra",
        "model_config": {
            "class_name": "BaseMLP",
            "input_dim": 784,
            "hidden_dims": [
                512,
                256,
                128,
                64
            ],
            "output_dim": 10,
            "activation_type": "LayerwiseSoftmax",
            "dropout_prob": 0.2,
            "store_activations": true,
            "num_parameters": 575050,
            "num_trainable_parameters": 575050
        },
        "training_config": {
            "batch_size": 128,
            "learning_rate": 0.001,
            "optimizer": {
                "class_name": "Adam",
                "parameters": null
            },
            "criterion": "CrossEntropyLoss",
            "device": "cpu"
        },
        "dataset_info": {
            "name": "MNIST",
            "train_size": 54000,
            "val_size": 6000,
            "test_size": 10000,
            "input_shape": [
                1,
                28,
                28
            ],
            "num_classes": 10
        },
        "system_info": {
            "python_version": "3.12.6 (main, Sep  6 2024, 19:03:47) [Clang 15.0.0 (clang-1500.3.9.4)]",
            "pytorch_version": "2.6.0",
            "cuda_available": false,
            "cuda_version": null,
            "platform": "macOS-15.1-arm64-arm-64bit",
            "cpu_count": "arm64",
            "processor": "arm"
        },
        "git_info": {
            "commit_hash": "15e48a32d31478ac54b6c3350a900b9f6e2bcba1",
            "branch": "main",
            "is_dirty": true
        },
        "tags": [
            "layers_4",
            "dropout_0.2",
            "activation_LayerwiseSoftmax_temperature_0.1"
        ],
        "final_metrics": {
            "best_val_loss": 0.750148355960846,
            "best_val_acc": 74.51666666666667,
            "best_epoch": 29,
            "total_epochs": 35,
            "training_duration": 90.713289,
            "test_loss": 0.798890583877322,
            "test_acc": 74.62
        },
        "weight_analysis": {
            "network.linear_0.weight": {
                "mean": 3.691691017593257e-05,
                "std": 0.025062818080186844,
                "min": -0.6807642579078674,
                "max": 0.41767585277557373,
                "norm": 15.878900527954102,
                "sparsity": 0.0
            },
            "network.linear_1.weight": {
                "mean": -0.0014333049766719341,
                "std": 0.038296282291412354,
                "min": -0.7806019186973572,
                "max": 0.5333713293075562,
                "norm": 13.874370574951172,
                "sparsity": 0.0
            },
            "network.linear_2.weight": {
                "mean": 0.0008992829825729132,
                "std": 0.3080829083919525,
                "min": -1.099452018737793,
                "max": 1.1238842010498047,
                "norm": 55.768375396728516,
                "sparsity": 0.0
            },
            "network.linear_3.weight": {
                "mean": -0.21385836601257324,
                "std": 0.40984877943992615,
                "min": -1.70862877368927,
                "max": 1.8107924461364746,
                "norm": 41.839637756347656,
                "sparsity": 0.0
            },
            "network.linear_4.weight": {
                "mean": -0.1949399709701538,
                "std": 0.9267210364341736,
                "min": -7.129340171813965,
                "max": 4.003505706787109,
                "norm": 23.939542770385742,
                "sparsity": 0.0
            }
        },
        "activation_analysis": {
            "network.linear_0": {
                "avg_means": -0.1183996300431008,
                "std_means": 0.0039055195555005437,
                "avg_stds": 1.8895903901850923,
                "std_stds": 0.04122980392260541,
                "avg_sparsity": 0.0,
                "std_sparsity": 0.0
            },