{
    "train_loss": [
        0.3974974393597429,
        0.15524165867276102,
        0.11451045319137838,
        0.0916306590021398,
        0.07810212954243212,
        0.0681663611065155,
        0.060761144105289835,
        0.05757819249358699,
        0.050765604420479,
        0.047223723793658315,
        0.04419565140556597,
        0.04270194844156283,
        0.04231165755557788
    ],
    "train_acc": [
        87.81111111111112,
        95.63703703703703,
        96.63333333333334,
        97.40185185185184,
        97.75740740740741,
        98.08888888888889,
        98.20555555555555,
        98.34444444444445,
        98.5111111111111,
        98.56851851851852,
        98.70555555555555,
        98.76851851851852,
        98.71666666666667
    ],
    "val_loss": [
        0.13902927665634357,
        0.10042661067811733,
        0.08910631281422808,
        0.08868838834794278,
        0.07766377826795932,
        0.082614489811215,
        0.08448210547361126,
        0.0695167316539966,
        0.08325749455376509,
        0.0870799729402395,
        0.08803312691483409,
        0.10333781915300704,
        0.07665368884881125
    ],
    "val_acc": [
        96.01666666666667,
        97.1,
        97.51666666666667,
        97.53333333333333,
        97.88333333333334,
        97.86666666666666,
        97.78333333333333,
        98.13333333333334,
        97.93333333333334,
        97.98333333333333,
        98.05,
        97.83333333333333,
        98.23333333333333
    ],
    "test_loss": 0.06266118618358506,
    "test_acc": 98.35,
    "metadata": {
        "timestamp": "2025-02-20T21:47:10.770080",
        "run_name": "0220214710_BaseMLP_ReLU_blaring-tuple",
        "model_config": {
            "class_name": "BaseMLP",
            "input_dim": 784,
            "hidden_dims": [
                512,
                256,
                128,
                64
            ],
            "output_dim": 10,
            "activation_type": "ReLU",
            "dropout_prob": 0.2,
            "store_activations": true,
            "num_parameters": 575050,
            "num_trainable_parameters": 575050
        },
        "training_config": {
            "batch_size": 128,
            "learning_rate": 0.001,
            "optimizer": {
                "class_name": "Adam",
                "parameters": null
            },
            "criterion": "CrossEntropyLoss",
            "device": "cpu"
        },
        "dataset_info": {
            "name": "MNIST",
            "train_size": 54000,
            "val_size": 6000,
            "test_size": 10000,
            "input_shape": [
                1,
                28,
                28
            ],
            "num_classes": 10
        },
        "system_info": {
            "python_version": "3.12.6 (main, Sep  6 2024, 19:03:47) [Clang 15.0.0 (clang-1500.3.9.4)]",
            "pytorch_version": "2.6.0",
            "cuda_available": false,
            "cuda_version": null,
            "platform": "macOS-15.1-arm64-arm-64bit",
            "cpu_count": "arm64",
            "processor": "arm"
        },
        "git_info": {
            "commit_hash": "15e48a32d31478ac54b6c3350a900b9f6e2bcba1",
            "branch": "main",
            "is_dirty": true
        },
        "tags": [
            "layers_4",
            "dropout_0.2",
            "activation_ReLU"
        ],
        "final_metrics": {
            "best_val_loss": 0.0695167316539966,
            "best_val_acc": 98.23333333333333,
            "best_epoch": 7,
            "total_epochs": 13,
            "training_duration": 34.276002,
            "test_loss": 0.06266118618358506,
            "test_acc": 98.35
        },
        "weight_analysis": {
            "network.linear_0.weight": {
                "mean": 0.0030247976537793875,
                "std": 0.0628964900970459,
                "min": -0.5930788516998291,
                "max": 0.4028279483318329,
                "norm": 39.89470672607422,
                "sparsity": 0.0
            },
            "network.linear_1.weight": {
                "mean": -0.012068326584994793,
                "std": 0.07305575162172318,
                "min": -0.3643978238105774,
                "max": 0.36678430438041687,
                "norm": 26.80733871459961,
                "sparsity": 0.0
            },
            "network.linear_2.weight": {
                "mean": -0.010780194774270058,
                "std": 0.07360854744911194,
                "min": -0.3059162199497223,
                "max": 0.33024945855140686,
                "norm": 13.466506004333496,
                "sparsity": 0.0
            },
            "network.linear_3.weight": {
                "mean": -0.011482330970466137,
                "std": 0.08062021434307098,
                "min": -0.30527743697166443,
                "max": 0.26517990231513977,
                "norm": 7.3701066970825195,
                "sparsity": 0.0
            },
            "network.linear_4.weight": {
                "mean": -0.02968432381749153,
                "std": 0.11445729434490204,
                "min": -0.6599888801574707,
                "max": 0.16127946972846985,
                "norm": 2.989170789718628,
                "sparsity": 0.0
            }
        },
        "activation_analysis": {
            "network.linear_0": {
                "avg_means": -5.427928975287904,
                "std_means": 0.10562762614713908,
                "avg_stds": 5.803561900524383,
                "std_stds": 0.09909444615474905,
                "avg_sparsity": 0.0,
                "std_sparsity": 0.0
            },
            "network.activation_0": {
                "avg_means": 3.0510920108632837,
                "std_means": 0.10086595973745686,
                "avg_stds": 4.972404865508384,
                "std_stds": 0.16920956464800238,
                "avg_sparsity": 0.61198893760113,
                "std_sparsity": 0.0035690468171232404
            },
            "network.linear_1": {
                "avg_means": -3.6572998483130275,
                "std_means": 0.08944674812796763,
                "avg_stds": 6.193396162479482,
                "std_stds": 0.16795866667297757,
                "avg_sparsity": 0.0,
                "std_sparsity": 0.0
            },
            "network.linear_2": {
                "avg_means": -3.759268933154167,
                "std_means": 0.13734990576176476,
                "avg_stds": 9.488424077947089,
                "std_stds": 0.3355174255693934,
                "avg_sparsity": 0.0,
                "std_sparsity": 0.0
            },
            "network.linear_3": {
                "avg_means": -3.7218887146483075,
                "std_means": 0.17758209121281285,
                "avg_stds": 11.188795982523168,
                "std_stds": 0.38713263678655,
                "avg_sparsity": 0.0,
                "std_sparsity": 0.0
            },
            "network.linear_4": {
                "avg_means": -4.210626957264353,
                "std_means": 0.14618401200410533,
                "avg_stds": 10.719772724395103,
                "std_stds": 0.35413416446994483,
                "avg_sparsity": 0.0,
                "std_sparsity": 0.0
            }
        }
    }
}