{
    "train_loss": [
        2.2924482895864693,
        2.2871999469413575,
        2.2844990554014086,
        2.2809795824837344,
        2.2812720734926195,
        2.2808248782044904,
        2.2801332112172203,
        2.2800088081314667,
        2.2808850269182033,
        2.2799198537076255,
        2.2797688567807888,
        2.2797806206472675,
        2.2801892667020103,
        2.2802791934442745,
        2.2801345247792972,
        2.2808002414296586,
        2.280955470003788,
        2.2813839251396217,
        2.280946445126104,
        2.2780821696276914,
        2.275832840051696,
        2.2753038530666116,
        2.275880902864357,
        2.2760562207461534,
        2.279695200694116
    ],
    "train_acc": [
        26.914814814814815,
        26.246296296296297,
        28.053703703703704,
        28.194444444444443,
        28.22037037037037,
        27.877777777777776,
        28.144444444444446,
        28.333333333333332,
        28.29259259259259,
        28.04259259259259,
        27.94074074074074,
        27.694444444444443,
        28.016666666666666,
        28.12962962962963,
        28.022222222222222,
        28.094444444444445,
        27.866666666666667,
        28.22037037037037,
        28.211111111111112,
        27.75925925925926,
        28.08703703703704,
        28.84259259259259,
        28.168518518518518,
        27.824074074074073,
        28.44074074074074
    ],
    "val_loss": [
        2.2885453396655144,
        2.284835937175345,
        2.2827113638532923,
        2.280378219929147,
        2.2801777657042157,
        2.2793799156838275,
        2.279809718436383,
        2.2793096075666712,
        2.2797879564001207,
        2.2791855030871453,
        2.279202212678625,
        2.279025006801524,
        2.2826287340610585,
        2.279336340883945,
        2.2789847343525986,
        2.28346589778332,
        2.2794974560433245,
        2.2796904888558895,
        2.2798403425419584,
        2.2752896877045328,
        2.275944324249917,
        2.2890671263349818,
        2.2763972688228526,
        2.2836996646637613,
        2.2783783040148147
    ],
    "val_acc": [
        27.266666666666666,
        26.1,
        26.433333333333334,
        26.766666666666666,
        28.05,
        25.783333333333335,
        28.15,
        29.216666666666665,
        28.083333333333332,
        28.35,
        27.733333333333334,
        28.35,
        27.766666666666666,
        26.25,
        28.333333333333332,
        27.683333333333334,
        28.15,
        30.216666666666665,
        29.166666666666668,
        27.9,
        27.783333333333335,
        23.216666666666665,
        27.65,
        30.0,
        28.0
    ],
    "test_loss": 2.278462506547759,
    "test_acc": 27.31,
    "metadata": {
        "timestamp": "2025-02-21T14:00:47.454906",
        "run_name": "0221140047_BaseMLP_SparseMax_muffled-elbow",
        "model_config": {
            "class_name": "BaseMLP",
            "input_dim": 784,
            "hidden_dims": [
                512,
                256,
                128,
                64
            ],
            "output_dim": 10,
            "activation_type": "SparseMax",
            "dropout_prob": 0.0,
            "store_activations": true,
            "num_parameters": 574080,
            "num_trainable_parameters": 574080
        },
        "training_config": {
            "batch_size": 128,
            "learning_rate": 0.001,
            "optimizer": {
                "class_name": "Adam",
                "parameters": null
            },
            "criterion": "CrossEntropyLoss",
            "device": "cpu"
        },
        "dataset_info": {
            "name": "MNIST",
            "train_size": 54000,
            "val_size": 6000,
            "test_size": 10000,
            "input_shape": [
                1,
                28,
                28
            ],
            "num_classes": 10
        },
        "system_info": {
            "python_version": "3.12.6 (main, Sep  6 2024, 19:03:47) [Clang 15.0.0 (clang-1500.3.9.4)]",
            "pytorch_version": "2.6.0",
            "cuda_available": false,
            "cuda_version": null,
            "platform": "macOS-15.1-arm64-arm-64bit",
            "cpu_count": "arm64",
            "processor": "arm"
        },
        "git_info": {
            "commit_hash": "15e48a32d31478ac54b6c3350a900b9f6e2bcba1",
            "branch": "main",
            "is_dirty": true
        },
        "tags": [
            "stochastic_layers_4",
            "activation_SparseMax"
        ],
        "final_metrics": {
            "best_val_loss": 2.2752896877045328,
            "best_val_acc": 30.216666666666665,
            "best_epoch": 19,
            "total_epochs": 25,
            "training_duration": 93.22114,
            "test_loss": 2.278462506547759,
            "test_acc": 27.31
        },
        "weight_analysis": {
            "network.linear_0.weight": {
                "mean": 0.0012755101779475808,
                "std": 0.0009304905543103814,
                "min": 0.0,
                "max": 0.020348243415355682,
                "norm": 1.0002988576889038,
                "sparsity": 0.2894735634326935
            },
            "network.linear_1.weight": {
                "mean": 0.001953125,
                "std": 0.007877939380705357,
                "min": 0.0,
                "max": 0.2157665342092514,
                "norm": 2.9384396076202393,
                "sparsity": 0.474761962890625
            },
            "network.linear_2.weight": {
                "mean": 0.00390625,
                "std": 0.011674351058900356,
                "min": 0.0,
                "max": 0.27672144770622253,
                "norm": 2.22841215133667,
                "sparsity": 0.435302734375
            },
            "network.linear_3.weight": {
                "mean": 0.0078125,
                "std": 0.017081905156373978,
                "min": 0.0,
                "max": 0.07729317992925644,
                "norm": 1.7000170946121216,
                "sparsity": 0.661376953125
            },
            "network.linear_4.weight": {
                "mean": 0.015625,
                "std": 0.0227829460054636,
                "min": 0.0,
                "max": 0.06666683405637741,
                "norm": 0.6985206007957458,
                "sparsity": 0.6546875238418579
            }
        },
        "activation_analysis": {
            "network.linear_0": {
                "avg_means": -0.2989887423971866,
                "std_means": 0.0062607839919863965,
                "avg_stds": 0.13238083174888124,
                "std_stds": 0.004403557078112951,
                "avg_sparsity": 0.0,
                "std_sparsity": 0.0
            },
            "network.linear_1": {
                "avg_means": 0.01340974399701078,
                "std_means": 0.00014854033670386172,
                "avg_stds": 0.034163230990475794,
                "std_stds": 0.0005776320557185307,
                "avg_sparsity": 0.08100339199634309,
                "std_sparsity": 0.01252143983455557
            },
            "network.linear_2": {
                "avg_means": 0.008701987386225386,
                "std_means": 0.0001325433747444522,
                "avg_stds": 0.018274645261625026,
                "std_stds": 0.00035140850894034277,
                "avg_sparsity": 0.5671802277260638,
                "std_sparsity": 0.011307683697766148
            },
            "network.linear_3": {
                "avg_means": 0.014791442675793425,
                "std_means": 0.0001242398442761028,
                "avg_stds": 0.018924443487157213,
                "std_stds": 0.0003168641040292839,
                "avg_sparsity": 0.40279937995241044,
                "std_sparsity": 0.02099845417330522
            },
            "network.linear_4": {
                "avg_means": 0.015466333783053338,