{
    "train_loss": [
        2.302585348698765,
        2.302556978582771,
        2.2811011669195094,
        2.2287538848217063,
        2.1997669986074007,
        2.1750850072969192,
        2.09531476542848,
        1.9852497733034793,
        1.9248845458595674,
        1.8728609305422452,
        1.8308224536796316,
        1.8030119738872583,
        1.7794316456216206,
        1.7541157510043321,
        1.7289278442260778,
        1.7042985349469841,
        1.684831210504776,
        1.6700830318351492,
        1.6504088363376275,
        1.609785226849018,
        1.5653405486124952,
        1.5462457048949472,
        1.5360546086636764,
        1.528370751871317,
        1.5205604222148517,
        1.5112484374317512,
        1.5022038046217643,
        1.4950646984068703,
        1.488542989249478,
        1.4825156720893642,
        1.4777595559002663,
        1.4745082617935976,
        1.4723687671937085,
        1.4707734149779188,
        1.4695378056069686,
        1.4685538755773933,
        1.4677376456170286,
        1.4670779891488677,
        1.4665313574940106,
        1.4660386203024625,
        1.465602000742727,
        1.4652269375267752,
        1.4649445826973395,
        1.4646176246670186,
        1.4643328373466058,
        1.4640983232954667,
        1.463889723987941,
        1.4637114716367134,
        1.4634991237337556,
        1.4633191151641556
    ],
    "train_acc": [
        18.316666666666666,
        10.087037037037037,
        9.91851851851852,
        9.96111111111111,
        10.472222222222221,
        16.474074074074075,
        24.56111111111111,
        27.32777777777778,
        32.474074074074075,
        36.06111111111111,
        39.55925925925926,
        41.762962962962966,
        44.681481481481484,
        45.912962962962965,
        48.568518518518516,
        51.72592592592593,
        52.82222222222222,
        53.73518518518519,
        54.46666666666667,
        59.07962962962963,
        63.07962962962963,
        61.56296296296296,
        61.025925925925925,
        61.05,
        61.53148148148148,
        62.25555555555555,
        62.76851851851852,
        63.30185185185185,
        64.01481481481481,
        64.78518518518518,
        65.31111111111112,
        65.68888888888888,
        65.91666666666667,
        66.05185185185185,
        66.16296296296296,
        66.25740740740741,
        66.39444444444445,
        66.42592592592592,
        66.5037037037037,
        66.50740740740741,
        66.55555555555556,
        66.5425925925926,
        66.56851851851852,
        66.57037037037037,
        66.63333333333334,
        66.63518518518518,
        66.62592592592593,
        66.62407407407407,
        66.63703703703703,
        66.65555555555555
    ],
    "val_loss": [
        2.302585201060518,
        2.302226000643791,
        2.2501810510107814,
        2.2101044147572617,
        2.188894013141064,
        2.150217183092807,
        2.0290188941549747,
        1.9550268447145502,
        1.9033054214842775,
        1.8522902879309147,
        1.8191232630547056,
        1.7950058718945117,
        1.771106613443253,
        1.7458560339947964,
        1.7211559833364283,
        1.6983084044557937,
        1.6821071340682658,
        1.6671499977720545,
        1.640485649413251,
        1.5871542692184448,
        1.557057317267073,
        1.543769950562335,
        1.535266011319262,
        1.527919165631558,
        1.5193657722878964,
        1.5094961156236364,
        1.5014154632040795,
        1.4947806774301733,
        1.4884021865560653,
        1.482779566277849,
        1.47862549538308,
        1.4759461626093437,
        1.4740592013014124,
        1.4726163275698398,
        1.4714507752276482,
        1.4704457775075386,
        1.4696514099202258,
        1.4689926847498467,
        1.4684147428958974,
        1.467872274682877,
        1.46745831662036,
        1.4670952761426885,
        1.4667241522606382,
        1.466424416988454,
        1.4661781356689778,
        1.46585658002407,
        1.4656586926034156,
        1.4654186811852963,
        1.4652287681052025,
        1.4650145058936261
    ],
    "val_acc": [
        11.583333333333334,
        9.45,
        9.45,
        9.55,
        11.216666666666667,
        19.866666666666667,
        25.516666666666666,
        28.65,
        33.516666666666666,
        37.13333333333333,
        40.31666666666667,
        42.416666666666664,
        45.4,
        46.95,
        50.11666666666667,
        51.96666666666667,
        52.61666666666667,
        53.61666666666667,
        54.45,
        62.833333333333336,
        61.766666666666666,
        60.983333333333334,
        60.86666666666667,
        60.93333333333333,
        61.516666666666666,
        62.18333333333333,
        62.65,
        63.38333333333333,
        64.51666666666667,
        65.05,
        65.38333333333334,
        65.83333333333333,
        66.0,
        66.15,
        66.35,
        66.36666666666666,
        66.35,
        66.45,
        66.51666666666667,
        66.6,
        66.71666666666667,
        66.71666666666667,
        66.66666666666667,
        66.68333333333334,
        66.75,
        66.81666666666666,
        66.85,
        66.86666666666666,
        66.91666666666667,
        66.91666666666667
    ],
    "test_loss": 1.4521628452252737,
    "test_acc": 66.35,
    "metadata": {
        "timestamp": "2025-02-21T15:06:53.466175",
        "run_name": "0221150653_BaseMLP_ReLU_bright-tube",
        "model_config": {
            "class_name": "BaseMLP",
            "input_dim": 784,
            "hidden_dims": [
                512,
                256
            ],
            "output_dim": 10,
            "activation_type": "ReLU",
            "dropout_prob": 0.0,
            "store_activations": true,
            "num_parameters": 535040,
            "num_trainable_parameters": 535040
        },
        "training_config": {
            "batch_size": 128,
            "learning_rate": 0.001,
            "optimizer": {
                "class_name": "Adam",
                "parameters": null
            },
            "criterion": "CrossEntropyLoss",
            "device": "cpu"
        },
        "dataset_info": {
            "name": "MNIST",
            "train_size": 54000,
            "val_size": 6000,
            "test_size": 10000,
            "input_shape": [
                1,
                28,
                28
            ],
            "num_classes": 10
        },
        "system_info": {
            "python_version": "3.12.6 (main, Sep  6 2024, 19:03:47) [Clang 15.0.0 (clang-1500.3.9.4)]",
            "pytorch_version": "2.6.0",
            "cuda_available": false,
            "cuda_version": null,
            "platform": "macOS-15.1-arm64-arm-64bit",
            "cpu_count": "arm64",
            "processor": "arm"
        },
        "git_info": {
            "commit_hash": "e002b61e0f49ed24cde6d4c5b63a2d8ef535d0f8",
            "branch": "main",
            "is_dirty": true
        },
        "tags": [
            "stochastic_layers_2",
            "activation_NoActivation_layer_temperature_1.0"
        ],
        "final_metrics": {
            "best_val_loss": 1.4650145058936261,
            "best_val_acc": 66.91666666666667,
            "best_epoch": 49,
            "total_epochs": 50,
            "training_duration": 129.34072,
            "test_loss": 1.4521628452252737,
            "test_acc": 66.35
        },
        "weight_analysis": {
            "network.linear_0.raw_weight": {
                "mean": -1.3961141109466553,
                "std": 2.29156231880188,
                "min": -10.525957107543945,
                "max": 9.60024642944336,
                "norm": 1700.07568359375,
                "sparsity": 0.0
            },
            "network.linear_1.raw_weight": {
                "mean": -1.954831838607788,
                "std": 2.6258795261383057,