{
    "train_loss": [
        0.38423497429320597,
        0.14653859772582614,
        0.11252676750537696,
        0.08912081508654483,
        0.0772985790489833,
        0.0710395031081186,
        0.059075303663173026,
        0.05517225511597196,
        0.049132410404868244,
        0.04504566683855473
    ],
    "train_acc": [
        88.36296296296297,
        95.84074074074074,
        96.78333333333333,
        97.41666666666667,
        97.81111111111112,
        97.97592592592592,
        98.2537037037037,
        98.36666666666666,
        98.63333333333334,
        98.64074074074074
    ],
    "val_loss": [
        0.1436857175319753,
        0.1018633437838326,
        0.08736414993379979,
        0.10025744794055502,
        0.07888874846530404,
        0.0709506164086943,
        0.08472377949572624,
        0.08014556524799542,
        0.07449438515555193,
        0.07539182350515052
    ],
    "val_acc": [
        95.78333333333333,
        97.08333333333333,
        97.45,
        97.11666666666666,
        97.68333333333334,
        98.01666666666667,
        97.76666666666667,
        97.75,
        97.98333333333333,
        98.13333333333334
    ],
    "test_loss": 0.07741894690712521,
    "test_acc": 98.32,
    "metadata": {
        "timestamp": "2025-02-20T16:31:03.677281",
        "run_name": "20250220_163103_trite-convergence",
        "model_config": {
            "class_name": "BaseMLP",
            "input_dim": 784,
            "hidden_dims": [
                512,
                256,
                128,
                64
            ],
            "output_dim": 10,
            "activation_type": "ReLU",
            "dropout_prob": 0.2,
            "store_activations": true,
            "num_parameters": 575050,
            "num_trainable_parameters": 575050
        },
        "training_config": {
            "batch_size": 128,
            "learning_rate": 0.001,
            "optimizer": {
                "class_name": "Adam",
                "parameters": null
            },
            "criterion": "CrossEntropyLoss",
            "device": "cpu"
        },
        "dataset_info": {
            "name": "MNIST",
            "train_size": 54000,
            "val_size": 6000,
            "test_size": 10000,
            "input_shape": [
                1,
                28,
                28
            ],
            "num_classes": 10
        },
        "system_info": {
            "python_version": "3.12.6 (main, Sep  6 2024, 19:03:47) [Clang 15.0.0 (clang-1500.3.9.4)]",
            "pytorch_version": "2.6.0",
            "cuda_available": false,
            "cuda_version": null,
            "platform": "macOS-15.1-arm64-arm-64bit",
            "cpu_count": "arm64",
            "processor": "arm"
        },
        "git_info": {
            "commit_hash": "fb7674b1d074a74b64c66ec4a4a2ff0ad1c48a87",
            "branch": "main",
            "is_dirty": true
        },
        "tags": [
            "vanilla",
            "layers_4",
            "dropout_0.2"
        ],
        "final_metrics": {
            "best_val_loss": 0.0709506164086943,
            "best_val_acc": 98.13333333333334,
            "best_epoch": 5,
            "total_epochs": 10,
            "training_duration": 26.841347,
            "test_loss": 0.07741894690712521,
            "test_acc": 98.32
        }
    }
}