{
    "train_loss": [
        1.5232125286242408,
        1.4713522342709004,
        1.4696248300832595,
        1.468683953816292,
        1.4683539864576258,
        1.4682918479092313,
        1.4679417005647415,
        1.4676709401099037,
        1.4680585231261232,
        1.4674931976467511,
        1.4672239281554922
    ],
    "train_acc": [
        64.2611111111111,
        65.41296296296296,
        65.63148148148149,
        65.60925925925926,
        65.62407407407407,
        65.58888888888889,
        65.72407407407407,
        65.62222222222222,
        65.78148148148148,
        65.68518518518519,
        65.71296296296296
    ],
    "val_loss": [
        1.4710014551243884,
        1.4660112122271924,
        1.4740830786684727,
        1.4668859750666516,
        1.4678413741132046,
        1.4648586410157225,
        1.4664389199398933,
        1.4678666236552786,
        1.4677625438000292,
        1.4650821888700445,
        1.4691655965561563
    ],
    "val_acc": [
        64.48333333333333,
        65.8,
        64.48333333333333,
        65.2,
        65.38333333333334,
        66.38333333333334,
        65.3,
        65.25,
        65.38333333333334,
        65.46666666666667,
        65.63333333333334
    ],
    "test_loss": 1.4582125687900978,
    "test_acc": 65.72,
    "metadata": {
        "timestamp": "2025-02-25T00:14:43.293094",
        "run_name": "0225001443_BaseMLP_ReLU_parallel-sriracha",
        "model_config": {
            "class_name": "BaseMLP",
            "input_dim": 784,
            "hidden_dims": [
                512
            ],
            "output_dim": 10,
            "activation_type": "ReLU",
            "dropout_prob": 0.0,
            "store_activations": true,
            "num_parameters": 406528,
            "num_trainable_parameters": 406528
        },
        "training_config": {
            "batch_size": 128,
            "learning_rate": 0.001,
            "optimizer": {
                "class_name": "Adam",
                "parameters": null
            },
            "criterion": "CrossEntropyLoss",
            "device": "cpu"
        },
        "dataset_info": {
            "name": "MNIST",
            "train_size": 54000,
            "val_size": 6000,
            "test_size": 10000,
            "input_shape": [
                1,
                28,
                28
            ],
            "num_classes": 10
        },
        "system_info": {
            "python_version": "3.12.6 (main, Sep  6 2024, 19:03:47) [Clang 15.0.0 (clang-1500.3.9.4)]",
            "pytorch_version": "2.6.0",
            "cuda_available": false,
            "cuda_version": null,
            "platform": "macOS-15.1-arm64-arm-64bit",
            "cpu_count": "arm64",
            "processor": "arm"
        },
        "git_info": {
            "commit_hash": "a3b0a5e3f94443cb345268bf1f25446ff58657b8",
            "branch": "main",
            "is_dirty": true
        },
        "tags": [
            "stochastic_layers_1",
            "activation_NoActivation_layer_temperature_0.01"
        ],
        "final_metrics": {
            "best_val_loss": 1.4648586410157225,
            "best_val_acc": 66.38333333333334,
            "best_epoch": 5,
            "total_epochs": 11,
            "training_duration": 31.531237,
            "test_loss": 1.4582125687900978,
            "test_acc": 65.72
        },
        "weight_analysis": {
            "network.linear_0.raw_weight": {
                "mean": -0.01559244655072689,
                "std": 0.04400787875056267,
                "min": -0.13379406929016113,
                "max": 0.22514967620372772,
                "norm": 29.580093383789062,
                "sparsity": 0.0,
                "has_negative": true,
                "percent_negative": 63.96085739135742,
                "shape": [
                    512,
                    784
                ],
                "num_params": 401408
            },
            "network.linear_1.raw_weight": {
                "mean": -0.055930741131305695,
                "std": 0.052311643958091736,
                "min": -0.11202570796012878,
                "max": 0.18575496971607208,
                "norm": 5.479490280151367,
                "sparsity": 0.0,
                "has_negative": true,
                "percent_negative": 84.90234375,
                "shape": [
                    10,
                    512
                ],
                "num_params": 5120
            }
        },
        "activation_analysis": {
            "pre_activation:network.linear_0": {
                "avg_means": 0.49582262368912394,
                "std_means": 0.02454939318469678,
                "avg_stds": 1.0000644072573235,
                "std_stds": 0.012780812278707301,
                "avg_sparsity": 0.0,
                "std_sparsity": 0.0,
                "avg_mins": -0.4242123974130509,
                "std_mins": 2.5820237300726124e-07,
                "avg_maxs": 2.821461687696741,
                "std_maxs": 2.775703834057073e-05,
                "avg_sum": 32408.99721575798
            },
            "post_activation:network.activation_0": {
                "avg_means": 0.6431027168923236,
                "std_means": 0.021112367495611045,
                "avg_stds": 0.8825689896624139,
                "std_stds": 0.01324661549505502,
                "avg_sparsity": 0.45818915582717734,
                "std_sparsity": 0.010759012264747866,
                "avg_mins": 0.0,
                "std_mins": 0.0,
                "avg_maxs": 2.821461687696741,
                "std_maxs": 2.775703834057073e-05,
                "avg_sum": 42035.43633643617
            },
            "pre_activation:network.linear_1": {
                "avg_means": 0.756002424879277,
                "std_means": 0.027645731996766804,
                "avg_stds": 0.7213340490422351,
                "std_stds": 0.015251493628124063,
                "avg_sparsity": 0.0,
                "std_sparsity": 0.0,
                "avg_mins": 1.434460741584286e-07,
                "std_mins": 6.17269407215085e-08,
                "avg_maxs": 2.8106390110989836,
                "std_maxs": 0.009009963907458519,
                "avg_sum": 965.1541319502161
            }
        }
    }
}