{
    "train_loss": [
        2.1929534673690796,
        2.181419569169176,
        2.181143594579109,
        2.1811119933828924,
        2.1810875967215586,
        2.181057394963305,
        2.181027338403096,
        2.180992955280141,
        2.1810045920277092,
        2.181007016326579,
        2.1810070931628984,
        2.180999986933306,
        2.1810011259187454,
        2.181005629882993,
        2.1810170530707915,
        2.18098188746032,
        2.18097874338593,
        2.180974848462507,
        2.1809816507366597,
        2.18097667502001,
        2.180984623059277,
        2.1809848145851025,
        2.18097946881118,
        2.180978990279103,
        2.1809768038338393,
        2.180977923045226,
        2.1809746501570064,
        2.180982754693777,
        2.1809797179642447,
        2.18097857219913
    ],
    "train_acc": [
        32.483333333333334,
        37.903703703703705,
        37.99629629629629,
        37.80740740740741,
        37.82222222222222,
        37.785185185185185,
        37.574074074074076,
        37.53333333333333,
        37.53333333333333,
        37.53888888888889,
        37.53333333333333,
        37.52962962962963,
        37.544444444444444,
        37.52777777777778,
        37.318518518518516,
        37.144444444444446,
        37.14259259259259,
        37.14074074074074,
        37.14074074074074,
        37.14259259259259,
        37.14074074074074,
        37.14074074074074,
        37.14074074074074,
        37.14074074074074,
        37.14074074074074,
        37.14074074074074,
        37.14259259259259,
        37.14259259259259,
        37.14074074074074,
        37.14259259259259
    ],
    "val_loss": [
        2.1840750258019628,
        2.183687057900936,
        2.183549941854274,
        2.1834712840141135,
        2.1834684280639,
        2.183450110415195,
        2.183396395216597,
        2.1833954161786018,
        2.1833953451603016,
        2.1833951828327587,
        2.1833948531049363,
        2.18339467048645,
        2.183394624831829,
        2.183390571715984,
        2.183317777958322,
        2.183317762740115,
        2.1833175902671003,
        2.1833175293942717,
        2.1833175344670073,
        2.1833174786669143,
        2.183317427939557,
        2.1833174127213497,
        2.183317433012293,
        2.1833174380850284,
        2.1833173670667283,
        2.1833174380850284,
        2.183317392430407,
        2.183317427939557,
        2.183317443157764,
        2.1833174177940857
    ],
    "val_acc": [
        36.28333333333333,
        38.2,
        38.13333333333333,
        38.016666666666666,
        38.016666666666666,
        37.93333333333333,
        37.86666666666667,
        37.88333333333333,
        37.88333333333333,
        37.88333333333333,
        37.86666666666667,
        37.86666666666667,
        37.86666666666667,
        37.833333333333336,
        37.583333333333336,
        37.56666666666667,
        37.56666666666667,
        37.56666666666667,
        37.56666666666667,
        37.56666666666667,
        37.56666666666667,
        37.56666666666667,
        37.56666666666667,
        37.56666666666667,
        37.56666666666667,
        37.56666666666667,
        37.56666666666667,
        37.56666666666667,
        37.56666666666667,
        37.56666666666667
    ],
    "test_loss": 2.180869926380206,
    "test_acc": 36.39,
    "metadata": {
        "timestamp": "2025-02-25T12:13:46.504933",
        "run_name": "0225121346_BaseMLP_SparseMax_searing-wattage",
        "model_config": {
            "class_name": "BaseMLP",
            "input_dim": 784,
            "hidden_dims": [
                512,
                256,
                128
            ],
            "output_dim": 10,
            "activation_type": "SparseMax",
            "dropout_prob": 0.0,
            "store_activations": true,
            "num_parameters": 566528,
            "num_trainable_parameters": 566528
        },
        "training_config": {
            "batch_size": 128,
            "learning_rate": 0.001,
            "optimizer": {
                "class_name": "Adam",
                "parameters": null
            },
            "criterion": "CrossEntropyLoss",
            "device": "cpu"
        },
        "dataset_info": {
            "name": "MNIST",
            "train_size": 54000,
            "val_size": 6000,
            "test_size": 10000,
            "input_shape": [
                1,
                28,
                28
            ],
            "num_classes": 10
        },
        "system_info": {
            "python_version": "3.12.6 (main, Sep  6 2024, 19:03:47) [Clang 15.0.0 (clang-1500.3.9.4)]",
            "pytorch_version": "2.6.0",
            "cuda_available": false,
            "cuda_version": null,
            "platform": "macOS-15.1-arm64-arm-64bit",
            "cpu_count": "arm64",
            "processor": "arm"
        },
        "git_info": {
            "commit_hash": "03d718137e77b2c5b3526bcb4ff8b5d40f4f3cf8",
            "branch": "main",
            "is_dirty": true
        },
        "tags": [
            "stochastic_layers_3",
            "activation_SparseMax_layer_temperature_0.01"
        ],
        "final_metrics": {
            "best_val_loss": 2.1833173670667283,
            "best_val_acc": 38.2,
            "best_epoch": 24,
            "total_epochs": 30,
            "training_duration": 141.987663,
            "test_loss": 2.180869926380206,
            "test_acc": 36.39
        },
        "weight_analysis": {
            "network.linear_0.raw_weight": {
                "mean": -0.021409057080745697,
                "std": 0.035653792321681976,
                "min": -0.09189403802156448,
                "max": 0.30064496397972107,
                "norm": 26.34850311279297,
                "sparsity": 0.0,
                "has_negative": true,
                "percent_negative": 78.03008270263672,
                "shape": [
                    512,
                    784
                ],
                "num_params": 401408
            },
            "network.linear_1.raw_weight": {
                "mean": -0.017289787530899048,
                "std": 0.045737262815237045,
                "min": -0.09205356240272522,
                "max": 0.3049693703651428,
                "norm": 17.702224731445312,
                "sparsity": 0.0,
                "has_negative": true,
                "percent_negative": 68.23348999023438,
                "shape": [
                    256,
                    512
                ],
                "num_params": 131072
            },
            "network.linear_2.raw_weight": {
                "mean": -0.009135216474533081,
                "std": 0.06812538951635361,
                "min": -0.12498146295547485,
                "max": 0.32866865396499634,
                "norm": 12.442200660705566,
                "sparsity": 0.0,
                "has_negative": true,
                "percent_negative": 57.6629638671875,
                "shape": [
                    128,
                    256
                ],
                "num_params": 32768
            },
            "network.linear_3.raw_weight": {
                "mean": -0.010607177391648293,
                "std": 0.12139295786619186,
                "min": -0.25348296761512756,
                "max": 0.2631025016307831,
                "norm": 4.357944488525391,
                "sparsity": 0.0,
                "has_negative": true,
                "percent_negative": 55.859375,
                "shape": [
                    10,
                    128
                ],
                "num_params": 1280
            }
        },
        "activation_analysis": {
            "pre_activation:network.linear_0_preact": {
                "avg_means": 0.0019531253021844524,
                "std_means": 1.5867772351679897e-10,
                "avg_stds": 0.008119334139801721,