{
    "train_loss": [
        2.1005265659065606,
        1.816865928365156,
        1.7146355038005594,
        1.715716483468693,
        1.711100301753853,
        1.6229454134877823,
        1.4842061129226505,
        1.418345140337379,
        1.363131774545281,
        1.3179760945351768,
        1.2798863587221263,
        1.2450307339288613,
        1.2146827897754326,
        1.1556348427777041,
        1.059759785354985,
        1.0323780306142654,
        0.969134053912773,
        0.956829030649357,
        0.952436954771738,
        0.9352975729234976,
        0.9194594791150206,
        0.9159126709705281,
        0.8907148617703767,
        0.8941113123961535,
        0.874748240997441,
        0.8650408877298166,
        0.8460005602282935,
        0.8352118675460183,
        0.8303073887576424,
        0.8229451149843315,
        0.815521519613492,
        0.8121826193908944,
        0.8079361118976539,
        0.8001820381501275,
        0.8007872226113957,
        0.7927051001532948,
        0.7898331602320287,
        0.7913241352515198,
        0.783839009101922,
        0.7880347217146254,
        0.7789415211474161,
        0.785169508996733,
        0.7793437178948479,
        0.7770245054039345,
        0.7779729935512724,
        0.7758715808109085,
        0.7722934754256389,
        0.7698615536588063,
        0.7658868482892547,
        0.7729396106790027,
        0.7700023241517668,
        0.7728662195646367
    ],
    "train_acc": [
        23.25925925925926,
        29.44814814814815,
        29.61111111111111,
        29.114814814814814,
        29.124074074074073,
        31.857407407407408,
        37.96111111111111,
        37.09444444444444,
        38.129629629629626,
        39.574074074074076,
        42.587037037037035,
        45.31481481481482,
        48.32037037037037,
        55.11666666666667,
        61.096296296296295,
        61.446296296296296,
        62.53333333333333,
        62.70740740740741,
        62.61296296296296,
        62.72222222222222,
        63.33148148148148,
        63.37222222222222,
        64.08703703703704,
        63.885185185185186,
        64.01851851851852,
        64.44259259259259,
        64.5925925925926,
        65.00185185185185,
        65.17777777777778,
        65.16851851851852,
        65.26851851851852,
        65.49444444444444,
        65.24814814814815,
        65.4574074074074,
        65.44444444444444,
        65.43518518518519,
        65.55555555555556,
        65.41111111111111,
        65.67962962962963,
        65.48148148148148,
        65.66851851851852,
        65.70925925925926,
        65.83888888888889,
        65.67037037037036,
        65.85740740740741,
        65.74259259259259,
        65.79074074074074,
        65.94444444444444,
        65.97407407407407,
        65.72037037037038,
        66.07592592592593,
        66.22222222222223
    ],
    "val_loss": [
        1.8918725505788276,
        1.7412449857021899,
        1.799862876851508,
        1.663254808872304,
        1.6798405266822654,
        1.555749976888616,
        1.422671300299624,
        1.3669051008021578,
        1.3311172647679106,
        1.2943199314969651,
        1.2789670152867094,
        1.236161155903593,
        1.2073607749127326,
        1.1041945219039917,
        1.0414710184361071,
        1.0116404421786045,
        0.9836003742319472,
        0.9711282595675043,
        0.9491435847383864,
        0.9190180897712708,
        0.9185450368739189,
        0.9232266253613411,
        0.90642279259702,
        0.904665358523105,
        0.8552328513023701,
        0.8574788646495088,
        0.8426971131182731,
        0.8347200611804394,
        0.8823717097018627,
        0.8550761151821056,
        0.8536366655471477,
        0.8195087377061235,
        0.8422344111381693,
        0.8255152829149937,
        0.8250701161141091,
        0.8099982205857622,
        0.8178122601610549,
        0.810314768172325,
        0.8245359557740232,
        0.8258271458301139,
        0.8011852122367696,
        0.8000784922153392,
        0.82092303544917,
        0.7984122912934486,
        0.7901766008519112,
        0.7846740091100652,
        0.783306636708848,
        0.7985906740452381,
        0.7988831109188973,
        0.7879326571809485,
        0.7866053593919632,
        0.8083327425287125
    ],
    "val_acc": [
        27.866666666666667,
        29.55,
        26.333333333333332,
        28.416666666666668,
        30.05,
        37.266666666666666,
        38.483333333333334,
        37.9,
        36.916666666666664,
        37.166666666666664,
        44.833333333333336,
        46.81666666666667,
        49.516666666666666,
        60.78333333333333,
        60.81666666666667,
        61.95,
        61.833333333333336,
        61.35,
        63.15,
        62.833333333333336,
        64.25,
        63.43333333333333,
        63.21666666666667,
        64.4,
        64.46666666666667,
        65.1,
        65.03333333333333,
        65.03333333333333,
        64.73333333333333,
        64.81666666666666,
        64.33333333333333,
        65.41666666666667,
        64.88333333333334,
        65.03333333333333,
        65.1,
        65.25,
        65.43333333333334,
        65.25,
        64.95,
        65.25,
        66.0,
        65.75,
        65.41666666666667,
        65.36666666666666,
        65.85,
        66.08333333333333,
        65.85,
        65.75,
        65.36666666666666,
        64.7,
        66.06666666666666,
        65.86666666666666
    ],
    "test_loss": 0.7777956784526004,
    "test_acc": 66.54,
    "metadata": {
        "timestamp": "2025-02-20T21:17:47.650329",
        "run_name": "0220211747_BaseMLP_LayerwiseSoftmax_gentle-shim",
        "model_config": {
            "class_name": "BaseMLP",
            "input_dim": 784,
            "hidden_dims": [
                512,
                256,
                128,
                64
            ],
            "output_dim": 10,
            "activation_type": "LayerwiseSoftmax",
            "dropout_prob": 0.0,
            "store_activations": true,
            "num_parameters": 575050,
            "num_trainable_parameters": 575050
        },
        "training_config": {
            "batch_size": 128,
            "learning_rate": 0.001,
            "optimizer": {
                "class_name": "Adam",
                "parameters": null
            },
            "criterion": "CrossEntropyLoss",
            "device": "cpu"
        },
        "dataset_info": {
            "name": "MNIST",
            "train_size": 54000,
            "val_size": 6000,
            "test_size": 10000,
            "input_shape": [
                1,
                28,
                28
            ],
            "num_classes": 10
        },
        "system_info": {
            "python_version": "3.12.6 (main, Sep  6 2024, 19:03:47) [Clang 15.0.0 (clang-1500.3.9.4)]",
            "pytorch_version": "2.6.0",
            "cuda_available": false,
            "cuda_version": null,
            "platform": "macOS-15.1-arm64-arm-64bit",
            "cpu_count": "arm64",
            "processor": "arm"
        },
        "git_info": {
            "commit_hash": "15e48a32d31478ac54b6c3350a900b9f6e2bcba1",
            "branch": "main",
            "is_dirty": true
        },
        "tags": [
            "layers_4",
            "dropout_0.0",
            "activation_LayerwiseSoftmax_temperature_0.1"
        ],
        "final_metrics": {
            "best_val_loss": 0.783306636708848,
            "best_val_acc": 66.08333333333333,
            "best_epoch": 46,
            "total_epochs": 52,
            "training_duration": 135.959842,
            "test_loss": 0.7777956784526004,
            "test_acc": 66.54
        },
        "weight_analysis": {
            "network.linear_0.weight": {
                "mean": -4.563058610074222e-05,
                "std": 0.02678113803267479,