{
    "train_loss": [
        1.8881890737049953,
        1.4875295317568484,
        1.469019046891922,
        1.4656126233638744,
        1.4642646490680098,
        1.4636095169031225,
        1.4631416571648765,
        1.4628976433763008,
        1.4627156735031526,
        1.4626891915267113,
        1.462512456410304,
        1.4624345836481212,
        1.4623136150328468,
        1.4622980746047756,
        1.4622219885695038,
        1.4622952672542553,
        1.4621812119303157,
        1.4621918393537332,
        1.462138707886375,
        1.4621365714412164,
        1.4621214589801446,
        1.4621194157555204,
        1.4620452116450993,
        1.4620652919131998,
        1.461991632436689,
        1.4621614923974349,
        1.4619647722108668,
        1.4619967219953853,
        1.4619887629391457
    ],
    "train_acc": [
        55.464814814814815,
        66.27592592592593,
        66.60555555555555,
        66.67037037037036,
        66.73148148148148,
        66.64259259259259,
        66.69074074074074,
        66.76851851851852,
        66.6962962962963,
        66.64259259259259,
        66.63148148148149,
        66.5962962962963,
        66.60925925925926,
        66.67222222222222,
        66.60925925925926,
        66.6,
        66.66666666666667,
        66.75,
        66.67962962962963,
        66.52407407407408,
        66.6462962962963,
        66.62962962962963,
        66.59074074074074,
        66.63333333333334,
        66.61481481481482,
        66.67962962962963,
        66.66666666666667,
        66.62037037037037,
        66.66296296296296
    ],
    "val_loss": [
        1.515808955151984,
        1.465701273147096,
        1.459214672129205,
        1.4578137321675078,
        1.457411603724703,
        1.4571973973132195,
        1.4570863272281402,
        1.4562331970701827,
        1.4564526613722457,
        1.4561147131818406,
        1.4559877324611583,
        1.4561475109546742,
        1.4559201128939365,
        1.455746201758689,
        1.4559357293108677,
        1.4563766743274444,
        1.4559618057088648,
        1.4555947146517165,
        1.4556357251836898,
        1.4557310342788696,
        1.4557453825118694,
        1.4555626270618844,
        1.4556334449889812,
        1.4554671708573685,
        1.4555732214704473,
        1.4556641984493175,
        1.4558385407671015,
        1.4556205703857097,
        1.456054411035903
    ],
    "val_acc": [
        66.58333333333333,
        66.63333333333334,
        67.03333333333333,
        67.06666666666666,
        66.73333333333333,
        66.66666666666667,
        67.13333333333334,
        67.06666666666666,
        67.1,
        66.96666666666667,
        66.91666666666667,
        67.0,
        67.11666666666666,
        66.93333333333334,
        67.03333333333333,
        66.88333333333334,
        67.11666666666666,
        67.01666666666667,
        66.95,
        66.91666666666667,
        66.91666666666667,
        67.31666666666666,
        67.0,
        67.11666666666666,
        66.91666666666667,
        67.0,
        67.01666666666667,
        67.2,
        66.96666666666667
    ],
    "test_loss": 1.4502965030790884,
    "test_acc": 66.14,
    "metadata": {
        "timestamp": "2025-02-21T14:54:40.589547",
        "run_name": "0221145440_BaseMLP_ReLU_plain-swamp",
        "model_config": {
            "class_name": "BaseMLP",
            "input_dim": 784,
            "hidden_dims": [
                512
            ],
            "output_dim": 10,
            "activation_type": "ReLU",
            "dropout_prob": 0.0,
            "store_activations": true,
            "num_parameters": 406528,
            "num_trainable_parameters": 406528
        },
        "training_config": {
            "batch_size": 128,
            "learning_rate": 0.001,
            "optimizer": {
                "class_name": "Adam",
                "parameters": null
            },
            "criterion": "CrossEntropyLoss",
            "device": "cpu"
        },
        "dataset_info": {
            "name": "MNIST",
            "train_size": 54000,
            "val_size": 6000,
            "test_size": 10000,
            "input_shape": [
                1,
                28,
                28
            ],
            "num_classes": 10
        },
        "system_info": {
            "python_version": "3.12.6 (main, Sep  6 2024, 19:03:47) [Clang 15.0.0 (clang-1500.3.9.4)]",
            "pytorch_version": "2.6.0",
            "cuda_available": false,
            "cuda_version": null,
            "platform": "macOS-15.1-arm64-arm-64bit",
            "cpu_count": "arm64",
            "processor": "arm"
        },
        "git_info": {
            "commit_hash": "e002b61e0f49ed24cde6d4c5b63a2d8ef535d0f8",
            "branch": "main",
            "is_dirty": true
        },
        "tags": [
            "stochastic_layers_1",
            "activation_NoActivation_layer_temperature_0.1"
        ],
        "final_metrics": {
            "best_val_loss": 1.4554671708573685,
            "best_val_acc": 67.31666666666666,
            "best_epoch": 23,
            "total_epochs": 29,
            "training_duration": 68.253768,
            "test_loss": 1.4502965030790884,
            "test_acc": 66.14
        },
        "weight_analysis": {
            "network.linear_0.raw_weight": {
                "mean": -0.17487359046936035,
                "std": 0.2512662410736084,
                "min": -1.4060568809509277,
                "max": 1.3035951852798462,
                "norm": 193.95187377929688,
                "sparsity": 0.0
            },
            "network.linear_1.raw_weight": {
                "mean": -0.35366421937942505,
                "std": 0.2297343611717224,
                "min": -0.8563401699066162,
                "max": 1.8450579643249512,
                "norm": 30.175678253173828,
                "sparsity": 0.0
            }
        },
        "activation_analysis": {
            "network.linear_0": {
                "avg_means": 0.39760822374769983,
                "std_means": 0.02419726718207938,
                "avg_stds": 0.7446322973738325,
                "std_stds": 0.014236326654172364,
                "avg_sparsity": 0.0,
                "std_sparsity": 0.0
            },
            "network.activation_0": {
                "avg_means": 0.4896033748667291,
                "std_means": 0.020995441386964173,
                "avg_stds": 0.6707876438790179,
                "std_stds": 0.01526874068249764,
                "avg_sparsity": 0.438982699779754,
                "std_sparsity": 0.012581050522668277
            },
            "network.linear_1": {
                "avg_means": 0.7611841178954916,
                "std_means": 0.03177189320341325,
                "avg_stds": 0.7143501233547291,
                "std_stds": 0.014546323014105024,
                "avg_sparsity": 0.0,
                "std_sparsity": 0.0
            }
        }
    }
}