{
    "train_loss": [
        1.9779844639990567,
        1.5061325783978141,
        1.4694747605594978,
        1.4650934787723124,
        1.4632819227132752,
        1.4624378907172035,
        1.4618436660246827,
        1.4614781000037893,
        1.461222701445575,
        1.4610588923449765,
        1.4608990066989338,
        1.460854018186506,
        1.4605699684382616,
        1.460599908331559,
        1.4605955371359514,
        1.4604892021671856,
        1.4605178703064037,
        1.4603972754207268,
        1.46041419297033,
        1.4603613117859826,
        1.4604063695075953
    ],
    "train_acc": [
        32.77037037037037,
        61.166666666666664,
        66.1574074074074,
        66.53518518518518,
        66.6037037037037,
        66.72222222222223,
        66.71111111111111,
        66.70925925925926,
        66.8,
        66.70925925925926,
        66.82777777777778,
        66.78888888888889,
        66.77222222222223,
        66.65185185185184,
        66.90555555555555,
        66.70185185185186,
        66.73148148148148,
        66.68333333333334,
        66.70185185185186,
        66.68888888888888,
        66.74814814814815
    ],
    "val_loss": [
        1.5729336966859533,
        1.484150285416461,
        1.4769942684376494,
        1.475343498777836,
        1.473613330658446,
        1.4727845775320174,
        1.4728086806358176,
        1.4724811898901107,
        1.4725314125101616,
        1.4719619750976562,
        1.4719962515729539,
        1.4719471221274518,
        1.4719440252222913,
        1.4722272867852069,
        1.471743051041948,
        1.4715448161388964,
        1.4715600419551769,
        1.471939409032781,
        1.47198844716904,
        1.4715961978790608,
        1.4717001230158704
    ],
    "val_acc": [
        55.53333333333333,
        65.38333333333334,
        65.95,
        65.78333333333333,
        66.0,
        65.85,
        66.15,
        66.35,
        66.31666666666666,
        66.38333333333334,
        66.3,
        66.2,
        66.01666666666667,
        66.33333333333333,
        66.28333333333333,
        66.11666666666666,
        66.16666666666667,
        66.21666666666667,
        66.21666666666667,
        66.15,
        66.11666666666666
    ],
    "test_loss": 1.449696347683291,
    "test_acc": 66.23,
    "metadata": {
        "timestamp": "2025-02-25T00:37:05.877904",
        "run_name": "0225003705_BaseMLP_ReLU_descent-layout",
        "model_config": {
            "class_name": "BaseMLP",
            "input_dim": 784,
            "hidden_dims": [
                512,
                256,
                128
            ],
            "output_dim": 10,
            "activation_type": "ReLU",
            "dropout_prob": 0.0,
            "store_activations": true,
            "num_parameters": 566528,
            "num_trainable_parameters": 566528
        },
        "training_config": {
            "batch_size": 128,
            "learning_rate": 0.001,
            "optimizer": {
                "class_name": "Adam",
                "parameters": null
            },
            "criterion": "CrossEntropyLoss",
            "device": "cpu"
        },
        "dataset_info": {
            "name": "MNIST",
            "train_size": 54000,
            "val_size": 6000,
            "test_size": 10000,
            "input_shape": [
                1,
                28,
                28
            ],
            "num_classes": 10
        },
        "system_info": {
            "python_version": "3.12.6 (main, Sep  6 2024, 19:03:47) [Clang 15.0.0 (clang-1500.3.9.4)]",
            "pytorch_version": "2.6.0",
            "cuda_available": false,
            "cuda_version": null,
            "platform": "macOS-15.1-arm64-arm-64bit",
            "cpu_count": "arm64",
            "processor": "arm"
        },
        "git_info": {
            "commit_hash": "a3b0a5e3f94443cb345268bf1f25446ff58657b8",
            "branch": "main",
            "is_dirty": true
        },
        "tags": [
            "stochastic_layers_3",
            "activation_NoActivation_layer_temperature_0.1"
        ],
        "final_metrics": {
            "best_val_loss": 1.4715448161388964,
            "best_val_acc": 66.38333333333334,
            "best_epoch": 15,
            "total_epochs": 21,
            "training_duration": 55.767911,
            "test_loss": 1.449696347683291,
            "test_acc": 66.23
        },
        "weight_analysis": {
            "network.linear_0.raw_weight": {
                "mean": -0.15362609922885895,
                "std": 0.250277578830719,
                "min": -1.3907651901245117,
                "max": 0.9609634876251221,
                "norm": 186.05508422851562,
                "sparsity": 0.0,
                "has_negative": true,
                "percent_negative": 71.51750946044922,
                "shape": [
                    512,
                    784
                ],
                "num_params": 401408
            },
            "network.linear_1.raw_weight": {
                "mean": -0.17281770706176758,
                "std": 0.255409300327301,
                "min": -1.020554780960083,
                "max": 1.592405915260315,
                "norm": 111.64593505859375,
                "sparsity": 0.0,
                "has_negative": true,
                "percent_negative": 76.85623168945312,
                "shape": [
                    256,
                    512
                ],
                "num_params": 131072
            },
            "network.linear_2.raw_weight": {
                "mean": -0.16056442260742188,
                "std": 0.2602664530277252,
                "min": -1.0973021984100342,
                "max": 1.6420683860778809,
                "norm": 55.35685729980469,
                "sparsity": 0.0,
                "has_negative": true,
                "percent_negative": 78.3721923828125,
                "shape": [
                    128,
                    256
                ],
                "num_params": 32768
            },
            "network.linear_3.raw_weight": {
                "mean": -0.34994378685951233,
                "std": 0.27806973457336426,
                "min": -0.8440153002738953,
                "max": 1.6007208824157715,
                "norm": 15.98891544342041,
                "sparsity": 0.0,
                "has_negative": true,
                "percent_negative": 91.71875,
                "shape": [
                    10,
                    128
                ],
                "num_params": 1280
            }
        },
        "activation_analysis": {
            "pre_activation:network.linear_0_StochasticLayer": {
                "avg_means": 0.2655972090173275,
                "std_means": 0.03133423280849805,
                "avg_stds": 0.7224113408555376,
                "std_stds": 0.0243902110578754,
                "avg_sparsity": 0.0,
                "std_sparsity": 0.0,
                "avg_mins": -0.42421237014709634,
                "std_mins": 3.6961307162218155e-07,
                "avg_maxs": 2.8145063684341753,
                "std_maxs": 0.008403830117188472,
                "avg_sum": 17357.978827293882
            },
            "post_activation:network.activation_0_ReLU": {
                "avg_means": 0.3905897711185699,
                "std_means": 0.027443387016019834,
                "avg_stds": 0.6386718902182071,
                "std_stds": 0.024927021087040393,
                "avg_sparsity": 0.5573315379467416,
                "std_sparsity": 0.01510646647891108,
                "avg_mins": 0.0,
                "std_mins": 0.0,
                "avg_maxs": 2.8145063684341753,
                "std_maxs": 0.008403830117188472,
                "avg_sum": 25528.457987034573
            },
            "pre_activation:network.linear_1_StochasticLayer": {
                "avg_means": 0.6751539516956249,