{
    "train_loss": [
        2.1937286963960005,
        1.8734158718190488,
        1.850002683169469,
        1.8470846013435256,
        1.845747555319167,
        1.8450145122564234,
        1.8445745028590703,
        1.8442287236028374,
        1.8439326789141832,
        1.8437389714457977,
        1.8436837532508994,
        1.84354372131881,
        1.843468876529079,
        1.8432962092178127,
        1.8432974123276806,
        1.8432779733038627,
        1.8431537939473916,
        1.8431687301369075,
        1.8431088099547472,
        1.8431180020644202,
        1.8430538239637257,
        1.842999483454284,
        1.8430296001841107,
        1.843014015970637,
        1.8429875342766822,
        1.8429869215635326,
        1.8429610599273754,
        1.8428912846398016,
        1.8428747122886622,
        1.8428862103353745,
        1.842875812855942,
        1.8429275527949582,
        1.842846677201619,
        1.8428230692425045,
        1.842876586586378
    ],
    "train_acc": [
        50.78333333333333,
        51.94074074074074,
        51.80740740740741,
        51.80185185185185,
        51.8,
        51.78888888888889,
        51.78148148148148,
        51.74074074074074,
        51.737037037037034,
        51.78888888888889,
        51.77962962962963,
        51.69814814814815,
        51.76111111111111,
        51.75370370370371,
        51.762962962962966,
        51.77037037037037,
        51.74444444444445,
        51.74629629629629,
        51.67777777777778,
        51.44259259259259,
        51.6037037037037,
        51.34444444444444,
        51.46111111111111,
        51.28148148148148,
        51.487037037037034,
        51.50185185185185,
        51.46111111111111,
        51.72592592592593,
        51.67777777777778,
        51.43888888888889,
        51.19444444444444,
        51.07592592592592,
        51.077777777777776,
        51.12592592592593,
        51.257407407407406
    ],
    "val_loss": [
        1.9681588005512318,
        1.8524543199133365,
        1.848587398833417,
        1.8460253299550806,
        1.8449588100960914,
        1.8441655483651669,
        1.844296430019622,
        1.84370368085009,
        1.8435652458921392,
        1.843687298450064,
        1.8435138489337677,
        1.8433119083972687,
        1.8429814501011625,
        1.8432668802586007,
        1.8435192716882585,
        1.8429595485646675,
        1.843134083646409,
        1.842999166630684,
        1.8434992293094068,
        1.8431491268442033,
        1.8427930994236723,
        1.8429516300241997,
        1.8429955954247332,
        1.8427360311467598,
        1.842906840304111,
        1.842861089300602,
        1.8428950918481706,
        1.8427248102553346,
        1.8429266696280622,
        1.8426831326586135,
        1.8431110280625365,
        1.8427225427424654,
        1.8433649134128651,
        1.842836930396709,
        1.8428070672014927
    ],
    "val_acc": [
        53.43333333333333,
        51.55,
        51.7,
        51.53333333333333,
        51.53333333333333,
        51.65,
        51.36666666666667,
        51.46666666666667,
        51.45,
        51.53333333333333,
        51.61666666666667,
        51.71666666666667,
        51.53333333333333,
        51.45,
        51.666666666666664,
        51.3,
        51.6,
        51.43333333333333,
        51.43333333333333,
        51.53333333333333,
        51.5,
        51.18333333333333,
        51.43333333333333,
        51.06666666666667,
        51.0,
        51.166666666666664,
        51.55,
        51.483333333333334,
        51.483333333333334,
        51.2,
        51.06666666666667,
        51.06666666666667,
        51.13333333333333,
        51.11666666666667,
        51.53333333333333
    ],
    "test_loss": 1.8431515210791478,
    "test_acc": 51.16,
    "metadata": {
        "timestamp": "2025-02-25T01:43:06.418427",
        "run_name": "0225014306_BaseMLP_SparseMax_respectful-setter",
        "model_config": {
            "class_name": "BaseMLP",
            "input_dim": 784,
            "hidden_dims": [
                512,
                256,
                128
            ],
            "output_dim": 10,
            "activation_type": "SparseMax",
            "dropout_prob": 0.0,
            "store_activations": true,
            "num_parameters": 566528,
            "num_trainable_parameters": 566528
        },
        "training_config": {
            "batch_size": 128,
            "learning_rate": 0.001,
            "optimizer": {
                "class_name": "Adam",
                "parameters": null
            },
            "criterion": "CrossEntropyLoss",
            "device": "cpu"
        },
        "dataset_info": {
            "name": "MNIST",
            "train_size": 54000,
            "val_size": 6000,
            "test_size": 10000,
            "input_shape": [
                1,
                28,
                28
            ],
            "num_classes": 10
        },
        "system_info": {
            "python_version": "3.12.6 (main, Sep  6 2024, 19:03:47) [Clang 15.0.0 (clang-1500.3.9.4)]",
            "pytorch_version": "2.6.0",
            "cuda_available": false,
            "cuda_version": null,
            "platform": "macOS-15.1-arm64-arm-64bit",
            "cpu_count": "arm64",
            "processor": "arm"
        },
        "git_info": {
            "commit_hash": "a3b0a5e3f94443cb345268bf1f25446ff58657b8",
            "branch": "main",
            "is_dirty": true
        },
        "tags": [
            "stochastic_layers_3",
            "activation_SparseMax_layer_temperature_0.1"
        ],
        "final_metrics": {
            "best_val_loss": 1.8426831326586135,
            "best_val_acc": 53.43333333333333,
            "best_epoch": 29,
            "total_epochs": 35,
            "training_duration": 145.598176,
            "test_loss": 1.8431515210791478,
            "test_acc": 51.16
        },
        "weight_analysis": {
            "network.linear_0.raw_weight": {
                "mean": 0.01536718662828207,
                "std": 0.15620145201683044,
                "min": -1.490156650543213,
                "max": 0.553575336933136,
                "norm": 99.44039916992188,
                "sparsity": 0.0,
                "has_negative": true,
                "percent_negative": 37.19108581542969,
                "shape": [
                    512,
                    784
                ],
                "num_params": 401408
            },
            "network.linear_1.raw_weight": {
                "mean": -0.03944357857108116,
                "std": 0.19181501865386963,
                "min": -1.014835238456726,
                "max": 1.747805118560791,
                "norm": 70.89706420898438,
                "sparsity": 0.0,
                "has_negative": true,
                "percent_negative": 54.11224365234375,
                "shape": [
                    256,
                    512
                ],
                "num_params": 131072
            },
            "network.linear_2.raw_weight": {
                "mean": -0.07532577961683273,
                "std": 0.2698954939842224,
                "min": -0.9292580485343933,
                "max": 1.7975200414657593,
                "norm": 50.722660064697266,
                "sparsity": 0.0,
                "has_negative": true,
                "percent_negative": 65.52734375,
                "shape": [
                    128,
                    256
                ],
                "num_params": 32768
            },
            "network.linear_3.raw_weight": {
                "mean": -0.555702805519104,
                "std": 0.259671688079834,
                "min": -0.8248472213745117,
                "max": 1.8384491205215454,
                "norm": 21.94341468811035,
                "sparsity": 0.0,
                "has_negative": true,
                "percent_negative": 98.28125,