{
    "train_loss": [
        0.8348017701111133,
        0.3740915838646663,
        0.3730098024293145,
        0.38588839769363403,
        0.3815708484906721,
        0.3852602711644783,
        0.3762149746172236,
        0.373530850555942,
        0.38715013173095425,
        0.38271848377175804
    ],
    "train_acc": [
        78.96111111111111,
        88.96851851851852,
        89.04814814814814,
        88.60555555555555,
        88.77592592592593,
        88.7462962962963,
        89.05925925925926,
        89.12777777777778,
        88.71296296296296,
        88.95370370370371
    ],
    "val_loss": [
        0.47578975368053356,
        0.4236222619706012,
        0.376286561818833,
        0.40205887657530764,
        0.36947297542653185,
        0.3862878870456777,
        0.39327266463573946,
        0.4176128176932639,
        0.45762080905285285,
        0.38961414263603533
    ],
    "val_acc": [
        85.61666666666666,
        87.71666666666667,
        89.43333333333334,
        88.33333333333333,
        89.35,
        88.93333333333334,
        89.0,
        88.36666666666666,
        86.5,
        89.55
    ],
    "test_loss": 0.35070529870123046,
    "test_acc": 90.35,
    "metadata": {
        "timestamp": "2025-02-25T12:33:13.088714",
        "run_name": "0225123313_BaseMLP_StochasticLayer_commutative-survey",
        "model_config": {
            "class_name": "BaseMLP",
            "input_dim": 784,
            "hidden_dims": [
                512,
                256,
                128
            ],
            "output_dim": 10,
            "activation_type": "StochasticLayer",
            "dropout_prob": 0.0,
            "store_activations": true,
            "num_parameters": 566528,
            "num_trainable_parameters": 566528
        },
        "training_config": {
            "batch_size": 128,
            "learning_rate": 0.001,
            "optimizer": {
                "class_name": "Adam",
                "parameters": null
            },
            "criterion": "CrossEntropyLoss",
            "device": "cpu",
            "preprocess_fn": "_normalize_to_simplex"
        },
        "dataset_info": {
            "name": "MNIST",
            "train_size": 54000,
            "val_size": 6000,
            "test_size": 10000,
            "input_shape": [
                1,
                28,
                28
            ],
            "num_classes": 10
        },
        "system_info": {
            "python_version": "3.12.6 (main, Sep  6 2024, 19:03:47) [Clang 15.0.0 (clang-1500.3.9.4)]",
            "pytorch_version": "2.6.0",
            "cuda_available": false,
            "cuda_version": null,
            "platform": "macOS-15.1-arm64-arm-64bit",
            "cpu_count": "arm64",
            "processor": "arm"
        },
        "git_info": {
            "commit_hash": "03d718137e77b2c5b3526bcb4ff8b5d40f4f3cf8",
            "branch": "main",
            "is_dirty": true
        },
        "tags": [
            "stochastic_layers_3",
            "activation_NoActivation_layer_temperature_0.01"
        ],
        "final_metrics": {
            "best_val_loss": 0.36947297542653185,
            "best_val_acc": 89.55,
            "best_epoch": 4,
            "total_epochs": 10,
            "training_duration": 30.502175,
            "test_loss": 0.35070529870123046,
            "test_acc": 90.35
        },
        "weight_analysis": {
            "network.linear_0.raw_weight": {
                "mean": -0.008141732774674892,
                "std": 0.04033621400594711,
                "min": -0.0972929373383522,
                "max": 0.24070371687412262,
                "norm": 26.070859909057617,
                "sparsity": 0.0,
                "has_negative": true,
                "percent_negative": 57.61743927001953,
                "shape": [
                    512,
                    784
                ],
                "num_params": 401408
            },
            "network.linear_1.raw_weight": {
                "mean": -0.0033368549775332212,
                "std": 0.05167757719755173,
                "min": -0.10845466703176498,
                "max": 0.18661636114120483,
                "norm": 18.748153686523438,
                "sparsity": 0.0,
                "has_negative": true,
                "percent_negative": 52.782440185546875,
                "shape": [
                    256,
                    512
                ],
                "num_params": 131072
            },
            "network.linear_2.raw_weight": {
                "mean": -0.0005019925883971155,
                "std": 0.07179679721593857,
                "min": -0.1253674030303955,
                "max": 0.15038514137268066,
                "norm": 12.99672794342041,
                "sparsity": 0.0,
                "has_negative": true,
                "percent_negative": 51.1962890625,
                "shape": [
                    128,
                    256
                ],
                "num_params": 32768
            },
            "network.linear_3.raw_weight": {
                "mean": -0.011186162941157818,
                "std": 0.11785649508237839,
                "min": -0.21397526562213898,
                "max": 0.22041790187358856,
                "norm": 4.233871936798096,
                "sparsity": 0.0,
                "has_negative": true,
                "percent_negative": 55.0,
                "shape": [
                    10,
                    128
                ],
                "num_params": 1280
            }
        },
        "activation_analysis": {
            "pre_activation:network.linear_0_preact": {
                "avg_means": 0.649236983441292,
                "std_means": 0.015423376082590564,
                "avg_stds": 1.4096832529027412,
                "std_stds": 0.020161439076580252,
                "avg_sparsity": 0.0,
                "std_sparsity": 0.0,
                "avg_mins": 0.00012764389836600923,
                "std_mins": 4.9519579360325656e-05,
                "avg_maxs": 18.071737654665682,
                "std_maxs": 2.7884294888966115,
                "avg_sum": 42431.487948803195
            },
            "pre_activation:network.linear_1_preact": {
                "avg_means": 1.2984736828093832,
                "std_means": 0.03084674544840214,
                "avg_stds": 1.4655678627338815,
                "std_stds": 0.024086489334760097,
                "avg_sparsity": 0.0,
                "std_sparsity": 0.0,
                "avg_mins": 0.005901989779692698,
                "std_mins": 0.0016466933035213592,
                "avg_maxs": 17.62476292062313,
                "std_maxs": 3.183552511521322,
                "avg_sum": 42431.47864029255
            },
            "pre_activation:network.linear_2_preact": {
                "avg_means": 2.596947208363959,
                "std_means": 0.06169346965372899,
                "avg_stds": 1.6314015160215662,
                "std_stds": 0.046774254965955296,
                "avg_sparsity": 0.0,
                "std_sparsity": 0.0,
                "avg_mins": 0.15683090456939758,
                "std_mins": 0.032520495145056845,
                "avg_maxs": 17.032957077026367,
                "std_maxs": 2.017312760774157,
                "avg_sum": 42431.47606382979
            },
            "pre_activation:network.linear_3_preact": {
                "avg_means": 33.24092195389119,
                "std_means": 0.7896766117543749,
                "avg_stds": 12.377473364485072,
                "std_stds": 0.6787391153028746,
                "avg_sparsity": 0.0,
                "std_sparsity": 0.0,
                "avg_mins": 7.134605387423901,
                "std_mins": 1.3351440768384963,
                "avg_maxs": 85.40388310209234,
                "std_maxs": 7.069373753187043,
                "avg_sum": 42431.47323803192
            }
        }
    }
}