{
    "train_loss": [
        1.9391324364743527,
        1.494279612579617,
        1.4689743408659623,
        1.4650280229853228,
        1.463609511818366,
        1.4626996178197635,
        1.462259194862221,
        1.4620372960917758,
        1.4619027037191166,
        1.4616507108177619,
        1.4615501320757571,
        1.4614043303575561,
        1.4614208908442636,
        1.4613149702831467,
        1.461206040676171,
        1.4611643987809313,
        1.4612274291391056,
        1.4611337119934118,
        1.4610646335999549,
        1.4610723124296179,
        1.4610596522335757,
        1.4610285304168955
    ],
    "train_acc": [
        42.946296296296296,
        64.97407407407407,
        66.28518518518518,
        66.50185185185185,
        66.61296296296297,
        66.61296296296297,
        66.60740740740741,
        66.66111111111111,
        66.64074074074074,
        66.60740740740741,
        66.72407407407407,
        66.61111111111111,
        66.62777777777778,
        66.63148148148149,
        66.66481481481482,
        66.52592592592593,
        66.73703703703704,
        66.65925925925926,
        66.6574074074074,
        66.64814814814815,
        66.65925925925926,
        66.62592592592593
    ],
    "val_loss": [
        1.5424108302339594,
        1.477356641850573,
        1.4698832669156663,
        1.4680334608605567,
        1.4670721850496657,
        1.4664093103814633,
        1.4664887697138684,
        1.466237555158899,
        1.465718114629705,
        1.465703139913843,
        1.465702495676406,
        1.4657851660505254,
        1.465606189788656,
        1.4657873397177839,
        1.465468335658946,
        1.4652404176427962,
        1.4649835393783894,
        1.4655401097967269,
        1.4654384597818901,
        1.4653009658164167,
        1.4651820608910093,
        1.4651503918018747
    ],
    "val_acc": [
        60.983333333333334,
        66.41666666666667,
        66.5,
        66.56666666666666,
        66.63333333333334,
        66.63333333333334,
        66.15,
        66.41666666666667,
        66.35,
        66.15,
        66.13333333333334,
        66.23333333333333,
        66.23333333333333,
        66.33333333333333,
        66.6,
        66.6,
        66.46666666666667,
        66.5,
        66.6,
        66.18333333333334,
        66.45,
        66.1
    ],
    "test_loss": 1.4497642396371575,
    "test_acc": 66.2,
    "metadata": {
        "timestamp": "2025-02-21T14:56:46.248813",
        "run_name": "0221145646_BaseMLP_ReLU_rosy-broadcast",
        "model_config": {
            "class_name": "BaseMLP",
            "input_dim": 784,
            "hidden_dims": [
                512,
                256
            ],
            "output_dim": 10,
            "activation_type": "ReLU",
            "dropout_prob": 0.0,
            "store_activations": true,
            "num_parameters": 535040,
            "num_trainable_parameters": 535040
        },
        "training_config": {
            "batch_size": 128,
            "learning_rate": 0.001,
            "optimizer": {
                "class_name": "Adam",
                "parameters": null
            },
            "criterion": "CrossEntropyLoss",
            "device": "cpu"
        },
        "dataset_info": {
            "name": "MNIST",
            "train_size": 54000,
            "val_size": 6000,
            "test_size": 10000,
            "input_shape": [
                1,
                28,
                28
            ],
            "num_classes": 10
        },
        "system_info": {
            "python_version": "3.12.6 (main, Sep  6 2024, 19:03:47) [Clang 15.0.0 (clang-1500.3.9.4)]",
            "pytorch_version": "2.6.0",
            "cuda_available": false,
            "cuda_version": null,
            "platform": "macOS-15.1-arm64-arm-64bit",
            "cpu_count": "arm64",
            "processor": "arm"
        },
        "git_info": {
            "commit_hash": "e002b61e0f49ed24cde6d4c5b63a2d8ef535d0f8",
            "branch": "main",
            "is_dirty": true
        },
        "tags": [
            "stochastic_layers_2",
            "activation_NoActivation_layer_temperature_0.1"
        ],
        "final_metrics": {
            "best_val_loss": 1.4649835393783894,
            "best_val_acc": 66.63333333333334,
            "best_epoch": 16,
            "total_epochs": 22,
            "training_duration": 57.316939,
            "test_loss": 1.4497642396371575,
            "test_acc": 66.2
        },
        "weight_analysis": {
            "network.linear_0.raw_weight": {
                "mean": -0.1638428270816803,
                "std": 0.2622125446796417,
                "min": -1.3524147272109985,
                "max": 1.1835559606552124,
                "norm": 195.89122009277344,
                "sparsity": 0.0
            },
            "network.linear_1.raw_weight": {
                "mean": -0.18323175609111786,
                "std": 0.24051514267921448,
                "min": -1.310188889503479,
                "max": 1.7072268724441528,
                "norm": 109.46575164794922,
                "sparsity": 0.0
            },
            "network.linear_2.raw_weight": {
                "mean": -0.31285375356674194,
                "std": 0.24786783754825592,
                "min": -0.7710702419281006,
                "max": 1.6429418325424194,
                "norm": 20.193748474121094,
                "sparsity": 0.0
            }
        },
        "activation_analysis": {
            "network.linear_0": {
                "avg_means": 0.2535526416403182,
                "std_means": 0.023145954333577475,
                "avg_stds": 0.7312572814048605,
                "std_stds": 0.018439386373348743,
                "avg_sparsity": 0.0,
                "std_sparsity": 0.0
            },
            "network.activation_0": {
                "avg_means": 0.3840204331469029,
                "std_means": 0.020203808218771362,
                "avg_stds": 0.6462117801321313,
                "std_stds": 0.018431779768267785,
                "avg_sparsity": 0.5702323571164557,
                "std_sparsity": 0.011442614686434347
            },
            "network.linear_1": {
                "avg_means": 0.7059600556150396,
                "std_means": 0.027267740468121016,
                "avg_stds": 0.729986254205095,
                "std_stds": 0.012979337704184213,
                "avg_sparsity": 0.0,
                "std_sparsity": 0.0
            },
            "network.activation_1": {
                "avg_means": 0.7059600556150396,
                "std_means": 0.027267740468121016,
                "avg_stds": 0.729986254205095,
                "std_stds": 0.012979337704184213,
                "avg_sparsity": 0.0,
                "std_sparsity": 0.0
            },
            "network.linear_2": {
                "avg_means": 0.7589019524290207,
                "std_means": 0.03127027107634389,
                "avg_stds": 0.7160449167515369,
                "std_stds": 0.013382828948891215,
                "avg_sparsity": 0.0,
                "std_sparsity": 0.0
            }
        }
    }
}