{
    "train_loss": [
        1.9770037040326267,
        1.4978871608232436,
        1.4721548110952873,
        1.4666529326077322,
        1.4641155450829964,
        1.4630094673396288,
        1.4623394800588418,
        1.4619170221107265,
        1.4616695286538364,
        1.4613426226010255,
        1.461297510642011,
        1.4611925895180182,
        1.4610676299339223,
        1.4608823925397971,
        1.4609161937406279,
        1.460920394314409,
        1.4607187752475106,
        1.460754739164741
    ],
    "train_acc": [
        32.522222222222226,
        63.614814814814814,
        66.31481481481481,
        66.56481481481481,
        66.75185185185185,
        66.8425925925926,
        66.71666666666667,
        66.66481481481482,
        66.81296296296296,
        66.75185185185185,
        66.69814814814815,
        66.84074074074074,
        66.81481481481481,
        66.79444444444445,
        66.72222222222223,
        66.84444444444445,
        66.79444444444445,
        66.75555555555556
    ],
    "val_loss": [
        1.5617917598562037,
        1.4860500148002138,
        1.4763147044689098,
        1.4739926140359108,
        1.4716041696832536,
        1.4709005939199569,
        1.4702641431321488,
        1.4701598831947813,
        1.470297780442745,
        1.4702717319447944,
        1.470002329095881,
        1.469343362970555,
        1.4691845406877233,
        1.4700757696273479,
        1.4697331824201219,
        1.4696281184541418,
        1.4692022622899805,
        1.4695791056815615
    ],
    "val_acc": [
        59.016666666666666,
        65.1,
        66.03333333333333,
        65.71666666666667,
        66.3,
        66.13333333333334,
        66.45,
        66.03333333333333,
        66.25,
        65.95,
        66.13333333333334,
        66.16666666666667,
        66.26666666666667,
        66.01666666666667,
        66.21666666666667,
        66.08333333333333,
        66.18333333333334,
        66.03333333333333
    ],
    "test_loss": 1.4498064578333987,
    "test_acc": 66.54,
    "metadata": {
        "timestamp": "2025-02-21T14:59:33.921313",
        "run_name": "0221145933_BaseMLP_ReLU_claret-octree",
        "model_config": {
            "class_name": "BaseMLP",
            "input_dim": 784,
            "hidden_dims": [
                512,
                256,
                128
            ],
            "output_dim": 10,
            "activation_type": "ReLU",
            "dropout_prob": 0.0,
            "store_activations": true,
            "num_parameters": 566528,
            "num_trainable_parameters": 566528
        },
        "training_config": {
            "batch_size": 128,
            "learning_rate": 0.001,
            "optimizer": {
                "class_name": "Adam",
                "parameters": null
            },
            "criterion": "CrossEntropyLoss",
            "device": "cpu"
        },
        "dataset_info": {
            "name": "MNIST",
            "train_size": 54000,
            "val_size": 6000,
            "test_size": 10000,
            "input_shape": [
                1,
                28,
                28
            ],
            "num_classes": 10
        },
        "system_info": {
            "python_version": "3.12.6 (main, Sep  6 2024, 19:03:47) [Clang 15.0.0 (clang-1500.3.9.4)]",
            "pytorch_version": "2.6.0",
            "cuda_available": false,
            "cuda_version": null,
            "platform": "macOS-15.1-arm64-arm-64bit",
            "cpu_count": "arm64",
            "processor": "arm"
        },
        "git_info": {
            "commit_hash": "e002b61e0f49ed24cde6d4c5b63a2d8ef535d0f8",
            "branch": "main",
            "is_dirty": true
        },
        "tags": [
            "stochastic_layers_3",
            "activation_NoActivation_layer_temperature_0.1"
        ],
        "final_metrics": {
            "best_val_loss": 1.4691845406877233,
            "best_val_acc": 66.45,
            "best_epoch": 12,
            "total_epochs": 18,
            "training_duration": 48.736885,
            "test_loss": 1.4498064578333987,
            "test_acc": 66.54
        },
        "weight_analysis": {
            "network.linear_0.raw_weight": {
                "mean": -0.1506730318069458,
                "std": 0.25512000918388367,
                "min": -1.30868399143219,
                "max": 1.19528329372406,
                "norm": 187.71768188476562,
                "sparsity": 0.0
            },
            "network.linear_1.raw_weight": {
                "mean": -0.1684437096118927,
                "std": 0.2600483298301697,
                "min": -1.267354130744934,
                "max": 1.5747796297073364,
                "norm": 112.17233276367188,
                "sparsity": 0.0
            },
            "network.linear_2.raw_weight": {
                "mean": -0.1572425663471222,
                "std": 0.25699034333229065,
                "min": -1.0611542463302612,
                "max": 1.570581316947937,
                "norm": 54.53679275512695,
                "sparsity": 0.0
            },
            "network.linear_3.raw_weight": {
                "mean": -0.3679083287715912,
                "std": 0.3142641484737396,
                "min": -1.0639948844909668,
                "max": 1.5842902660369873,
                "norm": 17.30817413330078,
                "sparsity": 0.0
            }
        },
        "activation_analysis": {
            "network.linear_0": {
                "avg_means": 0.23609470433377205,
                "std_means": 0.03219343351050013,
                "avg_stds": 0.7511503950078436,
                "std_stds": 0.028811610482183437,
                "avg_sparsity": 0.0,
                "std_sparsity": 0.0
            },
            "network.activation_0": {
                "avg_means": 0.37819794961746706,
                "std_means": 0.028623749306008625,
                "avg_stds": 0.6633089958353245,
                "std_stds": 0.028591844343165567,
                "avg_sparsity": 0.6118232709296206,
                "std_sparsity": 0.012616427473339312
            },
            "network.linear_1": {
                "avg_means": 0.7209104781455182,
                "std_means": 0.03182340656792928,
                "avg_stds": 0.795244555524055,
                "std_stds": 0.01644006174393429,
                "avg_sparsity": 0.0,
                "std_sparsity": 0.0
            },
            "network.activation_1": {
                "avg_means": 0.7209104781455182,
                "std_means": 0.03182340656792928,
                "avg_stds": 0.795244555524055,
                "std_stds": 0.01644006174393429,
                "avg_sparsity": 0.0,
                "std_sparsity": 0.0
            },
            "network.linear_2": {
                "avg_means": 0.7993282396742638,
                "std_means": 0.03273384562266137,
                "avg_stds": 0.7690705771141864,
                "std_stds": 0.014087452635900947,
                "avg_sparsity": 0.0,
                "std_sparsity": 0.0
            },
            "network.activation_2": {
                "avg_means": 0.7993282396742638,
                "std_means": 0.03273384562266137,
                "avg_stds": 0.7690705771141864,
                "std_stds": 0.014087452635900947,
                "avg_sparsity": 0.0,
                "std_sparsity": 0.0
            },
            "network.linear_3": {
                "avg_means": 0.7561651772641121,
                "std_means": 0.028917046070723287,
                "avg_stds": 0.7083053157684651,
                "std_stds": 0.012878552988865597,
                "avg_sparsity": 0.0,
                "std_sparsity": 0.0
            }
        }
    }
}