{
    "train_loss": [
        2.2951239076270875,
        2.295990931479287,
        2.2951870546521733,
        2.294276338052976,
        2.295405112736598,
        2.2948998986827256,
        2.293864466002767,
        2.2946945903425533,
        2.2943465099515508,
        2.2946879665998487,
        2.2920661650562737,
        2.292567562152989,
        2.2936162327138168,
        2.292868581428347,
        2.293639242931565
    ],
    "train_acc": [
        35.864814814814814,
        24.774074074074075,
        19.833333333333332,
        18.624074074074073,
        19.825925925925926,
        21.812962962962963,
        20.47962962962963,
        16.703703703703702,
        15.614814814814816,
        16.185185185185187,
        18.27962962962963,
        18.283333333333335,
        19.88888888888889,
        20.68888888888889,
        19.535185185185185
    ],
    "val_loss": [
        2.2941664888503706,
        2.2944204249280564,
        2.295021944857658,
        2.293589637634602,
        2.2960257530212402,
        2.2924471713126975,
        2.2956345639330276,
        2.299000273359583,
        2.2945878607161503,
        2.29181680780776,
        2.2921985920439374,
        2.294454828221747,
        2.291890418275874,
        2.295330494008166,
        2.2928662097200436
    ],
    "val_acc": [
        36.916666666666664,
        21.483333333333334,
        17.583333333333332,
        20.166666666666668,
        28.766666666666666,
        20.816666666666666,
        16.983333333333334,
        11.35,
        13.383333333333333,
        18.4,
        14.85,
        23.566666666666666,
        17.75,
        19.166666666666668,
        17.666666666666668
    ],
    "test_loss": 2.2926165212558796,
    "test_acc": 18.12,
    "metadata": {
        "timestamp": "2025-02-21T13:46:20.168063",
        "run_name": "0221134620_BaseMLP_PowerNormalization_independent-yaw",
        "model_config": {
            "class_name": "BaseMLP",
            "input_dim": 784,
            "hidden_dims": [
                256,
                128
            ],
            "output_dim": 10,
            "activation_type": "PowerNormalization",
            "dropout_prob": 0.0,
            "store_activations": true,
            "num_parameters": 234752,
            "num_trainable_parameters": 234752
        },
        "training_config": {
            "batch_size": 128,
            "learning_rate": 0.001,
            "optimizer": {
                "class_name": "Adam",
                "parameters": null
            },
            "criterion": "CrossEntropyLoss",
            "device": "cpu"
        },
        "dataset_info": {
            "name": "MNIST",
            "train_size": 54000,
            "val_size": 6000,
            "test_size": 10000,
            "input_shape": [
                1,
                28,
                28
            ],
            "num_classes": 10
        },
        "system_info": {
            "python_version": "3.12.6 (main, Sep  6 2024, 19:03:47) [Clang 15.0.0 (clang-1500.3.9.4)]",
            "pytorch_version": "2.6.0",
            "cuda_available": false,
            "cuda_version": null,
            "platform": "macOS-15.1-arm64-arm-64bit",
            "cpu_count": "arm64",
            "processor": "arm"
        },
        "git_info": {
            "commit_hash": "15e48a32d31478ac54b6c3350a900b9f6e2bcba1",
            "branch": "main",
            "is_dirty": true
        },
        "tags": [
            "stochastic_layers_2",
            "activation_PowerNormalization_alpha_0.5_eps_1e-06"
        ],
        "final_metrics": {
            "best_val_loss": 2.29181680780776,
            "best_val_acc": 36.916666666666664,
            "best_epoch": 9,
            "total_epochs": 15,
            "training_duration": 35.718184,
            "test_loss": 2.2926165212558796,
            "test_acc": 18.12
        },
        "weight_analysis": {
            "network.linear_0.weight": {
                "mean": 0.0012755101779475808,
                "std": 0.0010590996826067567,
                "min": 0.0,
                "max": 0.01399514265358448,
                "norm": 0.7427341938018799,
                "sparsity": 0.27170857787132263
            },
            "network.linear_1.weight": {
                "mean": 0.0039062497671693563,
                "std": 0.05266065523028374,
                "min": 0.0,
                "max": 1.0,
                "norm": 9.558642387390137,
                "sparsity": 0.992706298828125
            },
            "network.linear_2.weight": {
                "mean": 0.0078125,
                "std": 0.01951448991894722,
                "min": 0.0,
                "max": 0.1052216961979866,
                "norm": 0.7517897486686707,
                "sparsity": 0.5179687738418579
            }
        },
        "activation_analysis": {
            "network.linear_0": {
                "avg_means": -0.33626106254597926,
                "std_means": 0.003060641764794072,
                "avg_stds": 0.08126818832564861,
                "std_stds": 0.002753167001990341,
                "avg_sparsity": 0.0,
                "std_sparsity": 0.0
            },
            "network.linear_1": {
                "avg_means": 0.017775790329943312,
                "std_means": 0.000610351327108964,
                "avg_stds": 0.04978932479911662,
                "std_stds": 0.0018009657982316256,
                "avg_sparsity": 0.0,
                "std_sparsity": 0.0
            },
            "network.linear_2": {
                "avg_means": 0.019005314704585583,
                "std_means": 0.0007333001226010587,
                "avg_stds": 0.018372842447554813,
                "std_stds": 0.0005986643595901077,
                "avg_sparsity": 0.0,
                "std_sparsity": 0.0
            }
        }
    }
}