{
    "train_loss": [
        2.1923623864684623,
        2.181298951967068,
        2.1811711641284526,
        2.1810644768990612,
        2.181048293249302,
        2.1810561068250105,
        2.18105201020625,
        2.1810468373140455,
        2.1810545898726765,
        2.1810333734440013,
        2.181054291566966,
        2.181051565572549,
        2.181050996079829,
        2.1810466847713523,
        2.181051809075884,
        2.181052079697921,
        2.181032898301762,
        2.1810384751496157,
        2.1810357480252525,
        2.181042044648627
    ],
    "train_acc": [
        32.129629629629626,
        36.394444444444446,
        36.55740740740741,
        36.17777777777778,
        36.19259259259259,
        36.18888888888889,
        36.20185185185185,
        36.205555555555556,
        36.20740740740741,
        36.20740740740741,
        36.21296296296296,
        36.21111111111111,
        36.21111111111111,
        36.214814814814815,
        36.20185185185185,
        35.99814814814815,
        35.95740740740741,
        35.95740740740741,
        35.95740740740741,
        35.95740740740741
    ],
    "val_loss": [
        2.1822947035444544,
        2.1818636123170245,
        2.18180058864837,
        2.181769903669966,
        2.181766099118172,
        2.1817638011688882,
        2.1817625887850496,
        2.1817621829661915,
        2.1817612800192325,
        2.181760590127174,
        2.1817601538719016,
        2.181759879944172,
        2.181759646598329,
        2.181759682107479,
        2.181759519779936,
        2.181794359328899,
        2.18179429845607,
        2.1817943136742772,
        2.1817943491834275,
        2.181794232510506
    ],
    "val_acc": [
        36.016666666666666,
        37.36666666666667,
        36.766666666666666,
        36.916666666666664,
        36.93333333333333,
        36.93333333333333,
        36.93333333333333,
        36.93333333333333,
        36.93333333333333,
        36.93333333333333,
        36.93333333333333,
        36.93333333333333,
        36.93333333333333,
        36.93333333333333,
        36.93333333333333,
        36.6,
        36.6,
        36.6,
        36.6,
        36.6
    ],
    "test_loss": 2.1803376916088637,
    "test_acc": 35.2,
    "metadata": {
        "timestamp": "2025-02-25T12:12:36.468776",
        "run_name": "0225121236_BaseMLP_StochasticLayer_seasoned-node",
        "model_config": {
            "class_name": "BaseMLP",
            "input_dim": 784,
            "hidden_dims": [
                512,
                256,
                128
            ],
            "output_dim": 10,
            "activation_type": "StochasticLayer",
            "dropout_prob": 0.0,
            "store_activations": true,
            "num_parameters": 566528,
            "num_trainable_parameters": 566528
        },
        "training_config": {
            "batch_size": 128,
            "learning_rate": 0.001,
            "optimizer": {
                "class_name": "Adam",
                "parameters": null
            },
            "criterion": "CrossEntropyLoss",
            "device": "cpu"
        },
        "dataset_info": {
            "name": "MNIST",
            "train_size": 54000,
            "val_size": 6000,
            "test_size": 10000,
            "input_shape": [
                1,
                28,
                28
            ],
            "num_classes": 10
        },
        "system_info": {
            "python_version": "3.12.6 (main, Sep  6 2024, 19:03:47) [Clang 15.0.0 (clang-1500.3.9.4)]",
            "pytorch_version": "2.6.0",
            "cuda_available": false,
            "cuda_version": null,
            "platform": "macOS-15.1-arm64-arm-64bit",
            "cpu_count": "arm64",
            "processor": "arm"
        },
        "git_info": {
            "commit_hash": "03d718137e77b2c5b3526bcb4ff8b5d40f4f3cf8",
            "branch": "main",
            "is_dirty": true
        },
        "tags": [
            "stochastic_layers_3",
            "activation_NoActivation_layer_temperature_0.01"
        ],
        "final_metrics": {
            "best_val_loss": 2.181759519779936,
            "best_val_acc": 37.36666666666667,
            "best_epoch": 14,
            "total_epochs": 20,
            "training_duration": 68.479873,
            "test_loss": 2.1803376916088637,
            "test_acc": 35.2
        },
        "weight_analysis": {
            "network.linear_0.raw_weight": {
                "mean": -0.021401772275567055,
                "std": 0.03534698858857155,
                "min": -0.08635950088500977,
                "max": 0.26903316378593445,
                "norm": 26.179615020751953,
                "sparsity": 0.0,
                "has_negative": true,
                "percent_negative": 77.50991821289062,
                "shape": [
                    512,
                    784
                ],
                "num_params": 401408
            },
            "network.linear_1.raw_weight": {
                "mean": -0.016573568806052208,
                "std": 0.045908063650131226,
                "min": -0.08971057087182999,
                "max": 0.30122214555740356,
                "norm": 17.670345306396484,
                "sparsity": 0.0,
                "has_negative": true,
                "percent_negative": 67.3065185546875,
                "shape": [
                    256,
                    512
                ],
                "num_params": 131072
            },
            "network.linear_2.raw_weight": {
                "mean": -0.008891682140529156,
                "std": 0.06829995661973953,
                "min": -0.12498889863491058,
                "max": 0.28808343410491943,
                "norm": 12.467753410339355,
                "sparsity": 0.0,
                "has_negative": true,
                "percent_negative": 57.647705078125,
                "shape": [
                    128,
                    256
                ],
                "num_params": 32768
            },
            "network.linear_3.raw_weight": {
                "mean": -0.007987769320607185,
                "std": 0.11950124800205231,
                "min": -0.20841071009635925,
                "max": 0.2632562220096588,
                "norm": 4.283280372619629,
                "sparsity": 0.0,
                "has_negative": true,
                "percent_negative": 55.859375,
                "shape": [
                    10,
                    128
                ],
                "num_params": 1280
            }
        },
        "activation_analysis": {
            "pre_activation:network.linear_0_preact": {
                "avg_means": 0.0019531254656612873,
                "std_means": 0.0,
                "avg_stds": 0.009385956193696945,
                "std_stds": 0.00035568067293523573,
                "avg_sparsity": 0.0,
                "std_sparsity": 0.0,
                "avg_mins": 5.9164759527778e-11,
                "std_mins": 1.050756459515946e-11,
                "avg_maxs": 0.4193964892245354,
                "std_maxs": 0.04458530643210736,
                "avg_sum": 127.65960482333568
            },
            "pre_activation:network.linear_1_preact": {
                "avg_means": 0.003906251060122505,
                "std_means": 2.0829718997532222e-10,
                "avg_stds": 0.022746603777433965,
                "std_stds": 0.0007629683849654741,
                "avg_sparsity": 0.0,
                "std_sparsity": 0.0,
                "avg_mins": 8.615345213241204e-11,
                "std_mins": 1.0667348706486645e-11,
                "avg_maxs": 0.7465620573530806,
                "std_maxs": 0.05162530783523278,
                "avg_sum": 127.65960904385182
            },
            "pre_activation:network.linear_2_preact": {
                "avg_means": 0.007812502992121464,
                "std_means": 5.059715176042289e-10,