{
    "train_loss": [
        1.5317423880382737,
        1.4702681565736708,
        1.4693732643014448,
        1.469074268476658,
        1.4680388942713987,
        1.4683246143621291,
        1.4679805192902189,
        1.4678110813642564,
        1.4681193382254143,
        1.467839100349571,
        1.4675993083212613,
        1.4674190161352474,
        1.467747877841877,
        1.4676629787937725,
        1.4673871722831546,
        1.467212571352014,
        1.468020978414617
    ],
    "train_acc": [
        63.65,
        65.91296296296296,
        65.71296296296296,
        65.65925925925926,
        65.66481481481482,
        65.65,
        65.7074074074074,
        65.78333333333333,
        65.70555555555555,
        65.66666666666667,
        65.65925925925926,
        65.66851851851852,
        65.68518518518519,
        65.67592592592592,
        65.83888888888889,
        65.74814814814815,
        65.56666666666666
    ],
    "val_loss": [
        1.4670995981135266,
        1.4689308278104092,
        1.4647216822238678,
        1.4651063427012017,
        1.4652466976896246,
        1.4658516214248982,
        1.464186744487032,
        1.4637111349308745,
        1.4648189164222556,
        1.4638651228965598,
        1.4660100378888719,
        1.4615391568934664,
        1.4635804891586304,
        1.4638457932370774,
        1.4630337902840147,
        1.465618762564152,
        1.4621859636712582
    ],
    "val_acc": [
        65.33333333333333,
        64.58333333333333,
        66.4,
        65.75,
        65.73333333333333,
        65.06666666666666,
        65.8,
        64.83333333333333,
        65.45,
        65.53333333333333,
        65.6,
        66.13333333333334,
        65.15,
        64.95,
        65.65,
        65.41666666666667,
        65.76666666666667
    ],
    "test_loss": 1.4517941308926932,
    "test_acc": 66.22,
    "metadata": {
        "timestamp": "2025-02-25T00:17:26.481896",
        "run_name": "0225001726_BaseMLP_ReLU_fundamental-underwriter",
        "model_config": {
            "class_name": "BaseMLP",
            "input_dim": 784,
            "hidden_dims": [
                512,
                256,
                128
            ],
            "output_dim": 10,
            "activation_type": "ReLU",
            "dropout_prob": 0.0,
            "store_activations": true,
            "num_parameters": 566528,
            "num_trainable_parameters": 566528
        },
        "training_config": {
            "batch_size": 128,
            "learning_rate": 0.001,
            "optimizer": {
                "class_name": "Adam",
                "parameters": null
            },
            "criterion": "CrossEntropyLoss",
            "device": "cpu"
        },
        "dataset_info": {
            "name": "MNIST",
            "train_size": 54000,
            "val_size": 6000,
            "test_size": 10000,
            "input_shape": [
                1,
                28,
                28
            ],
            "num_classes": 10
        },
        "system_info": {
            "python_version": "3.12.6 (main, Sep  6 2024, 19:03:47) [Clang 15.0.0 (clang-1500.3.9.4)]",
            "pytorch_version": "2.6.0",
            "cuda_available": false,
            "cuda_version": null,
            "platform": "macOS-15.1-arm64-arm-64bit",
            "cpu_count": "arm64",
            "processor": "arm"
        },
        "git_info": {
            "commit_hash": "a3b0a5e3f94443cb345268bf1f25446ff58657b8",
            "branch": "main",
            "is_dirty": true
        },
        "tags": [
            "stochastic_layers_3",
            "activation_NoActivation_layer_temperature_0.01"
        ],
        "final_metrics": {
            "best_val_loss": 1.4615391568934664,
            "best_val_acc": 66.4,
            "best_epoch": 11,
            "total_epochs": 17,
            "training_duration": 53.528481,
            "test_loss": 1.4517941308926932,
            "test_acc": 66.22
        },
        "weight_analysis": {
            "network.linear_0.raw_weight": {
                "mean": -0.02044716104865074,
                "std": 0.04388585686683655,
                "min": -0.14255616068840027,
                "max": 0.25967279076576233,
                "norm": 30.674274444580078,
                "sparsity": 0.0,
                "has_negative": true,
                "percent_negative": 68.44581604003906,
                "shape": [
                    512,
                    784
                ],
                "num_params": 401408
            },
            "network.linear_1.raw_weight": {
                "mean": -0.013558696955442429,
                "std": 0.04981493949890137,
                "min": -0.12846024334430695,
                "max": 0.28775888681411743,
                "norm": 18.690948486328125,
                "sparsity": 0.0,
                "has_negative": true,
                "percent_negative": 62.404632568359375,
                "shape": [
                    256,
                    512
                ],
                "num_params": 131072
            },
            "network.linear_2.raw_weight": {
                "mean": -0.00962306372821331,
                "std": 0.06874693185091019,
                "min": -0.12510287761688232,
                "max": 0.30043575167655945,
                "norm": 12.565658569335938,
                "sparsity": 0.0,
                "has_negative": true,
                "percent_negative": 55.3863525390625,
                "shape": [
                    128,
                    256
                ],
                "num_params": 32768
            },
            "network.linear_3.raw_weight": {
                "mean": -0.03605479374527931,
                "std": 0.09468181431293488,
                "min": -0.20838798582553864,
                "max": 0.2815276086330414,
                "norm": 3.623495101928711,
                "sparsity": 0.0,
                "has_negative": true,
                "percent_negative": 68.28125,
                "shape": [
                    10,
                    128
                ],
                "num_params": 1280
            }
        },
        "activation_analysis": {
            "pre_activation:network.linear_0": {
                "avg_means": 0.5184843755782919,
                "std_means": 0.02858353516244989,
                "avg_stds": 0.9821203845612546,
                "std_stds": 0.013194473620784937,
                "avg_sparsity": 0.0,
                "std_sparsity": 0.0,
                "avg_mins": -0.424212968729912,
                "std_mins": 2.7449664691551397e-08,
                "avg_maxs": 2.8214742680813405,
                "std_maxs": 3.131683299471418e-05,
                "avg_sum": 33884.09911070479
            },
            "post_activation:network.activation_0": {
                "avg_means": 0.6541709341901414,
                "std_means": 0.024913491094857614,
                "avg_stds": 0.8707699357195103,
                "std_stds": 0.013625358590185425,
                "avg_sparsity": 0.4418001029085606,
                "std_sparsity": 0.011868485471456866,
                "avg_mins": 0.0,
                "std_mins": 0.0,
                "avg_maxs": 2.8214742680813405,
                "std_maxs": 3.131683299471418e-05,
                "avg_sum": 42754.02842420213
            },
            "pre_activation:network.linear_1": {
                "avg_means": 0.7996532181476025,
                "std_means": 0.03407881685747381,
                "avg_stds": 0.8333220304326808,
                "std_stds": 0.014096684018539727,
                "avg_sparsity": 0.0,
                "std_sparsity": 0.0,
                "avg_mins": 1.7080328995138747e-09,
                "std_mins": 6.587487077473518e-10,
                "avg_maxs": 2.8212684215383326,
                "std_maxs": 0.000481677169929636,
                "avg_sum": 26130.213804853724
            },