{
    "train_loss": [
        2.161175888014066,
        1.8230498376615805,
        1.8042642499598283,
        1.7941298400056305,
        1.7923601834694922,
        1.791444147932586,
        1.79089416655319,
        1.7903814180202393,
        1.7900898086516213,
        1.7898255857811154,
        1.789703702192171,
        1.7895296874204518,
        1.7893877975748613,
        1.7893743167556293,
        1.7892654275442186,
        1.7891848341548613,
        1.7891338354603374,
        1.7890666915342142,
        1.7890762025711096,
        1.788998677549769,
        1.7890423067373122,
        1.7888418854130388,
        1.78892332710926,
        1.7888960513458432,
        1.788828016174913,
        1.7888454715787516,
        1.7888036528469826,
        1.7887792991235922,
        1.7887605420221084
    ],
    "train_acc": [
        75.77037037037037,
        69.6462962962963,
        69.82037037037037,
        70.80740740740741,
        70.78518518518518,
        71.1462962962963,
        71.38703703703703,
        71.31111111111112,
        70.38703703703703,
        70.33888888888889,
        71.17777777777778,
        70.3037037037037,
        71.05555555555556,
        70.76666666666667,
        70.71481481481482,
        70.36111111111111,
        70.83703703703704,
        70.94814814814815,
        70.5925925925926,
        70.38333333333334,
        71.04444444444445,
        71.35740740740741,
        70.85740740740741,
        71.01481481481481,
        70.60925925925926,
        70.69259259259259,
        70.62592592592593,
        70.63703703703703,
        70.89074074074074
    ],
    "val_loss": [
        1.864185853207365,
        1.8144840027423614,
        1.7982098726516074,
        1.7957348214819076,
        1.7946810392623251,
        1.7941156930111823,
        1.7934136441413393,
        1.7932017179245645,
        1.7932329127129087,
        1.7929458770346134,
        1.7927053837066,
        1.7926290136702516,
        1.7925456052130841,
        1.7923541880668479,
        1.7924967801317255,
        1.7922105662366177,
        1.7924320875330175,
        1.7924064169538783,
        1.7921885530999366,
        1.7920312577105584,
        1.7921153991780383,
        1.7918898628113118,
        1.7921248826574772,
        1.7918535724599312,
        1.7921727591372552,
        1.7921572137386241,
        1.7921773601085582,
        1.7922823758835489,
        1.7919435780099098
    ],
    "val_acc": [
        70.81666666666666,
        69.9,
        70.58333333333333,
        70.63333333333334,
        70.65,
        70.68333333333334,
        70.7,
        70.33333333333333,
        70.3,
        70.18333333333334,
        70.28333333333333,
        70.43333333333334,
        70.5,
        70.26666666666667,
        70.25,
        70.3,
        70.61666666666666,
        70.51666666666667,
        70.06666666666666,
        70.18333333333334,
        70.5,
        70.68333333333334,
        70.03333333333333,
        70.3,
        70.46666666666667,
        70.05,
        70.81666666666666,
        70.03333333333333,
        70.76666666666667
    ],
    "test_loss": 1.7825887776628326,
    "test_acc": 71.49,
    "metadata": {
        "timestamp": "2025-02-25T00:22:15.002377",
        "run_name": "0225002214_BaseMLP_SparseMax_cheerful-hall",
        "model_config": {
            "class_name": "BaseMLP",
            "input_dim": 784,
            "hidden_dims": [
                512,
                256
            ],
            "output_dim": 10,
            "activation_type": "SparseMax",
            "dropout_prob": 0.0,
            "store_activations": true,
            "num_parameters": 535040,
            "num_trainable_parameters": 535040
        },
        "training_config": {
            "batch_size": 128,
            "learning_rate": 0.001,
            "optimizer": {
                "class_name": "Adam",
                "parameters": null
            },
            "criterion": "CrossEntropyLoss",
            "device": "cpu"
        },
        "dataset_info": {
            "name": "MNIST",
            "train_size": 54000,
            "val_size": 6000,
            "test_size": 10000,
            "input_shape": [
                1,
                28,
                28
            ],
            "num_classes": 10
        },
        "system_info": {
            "python_version": "3.12.6 (main, Sep  6 2024, 19:03:47) [Clang 15.0.0 (clang-1500.3.9.4)]",
            "pytorch_version": "2.6.0",
            "cuda_available": false,
            "cuda_version": null,
            "platform": "macOS-15.1-arm64-arm-64bit",
            "cpu_count": "arm64",
            "processor": "arm"
        },
        "git_info": {
            "commit_hash": "a3b0a5e3f94443cb345268bf1f25446ff58657b8",
            "branch": "main",
            "is_dirty": true
        },
        "tags": [
            "stochastic_layers_2",
            "activation_SparseMax_layer_temperature_0.1"
        ],
        "final_metrics": {
            "best_val_loss": 1.7918535724599312,
            "best_val_acc": 70.81666666666666,
            "best_epoch": 23,
            "total_epochs": 29,
            "training_duration": 118.479978,
            "test_loss": 1.7825887776628326,
            "test_acc": 71.49
        },
        "weight_analysis": {
            "network.linear_0.raw_weight": {
                "mean": -0.0003408871707506478,
                "std": 0.14555086195468903,
                "min": -1.3998719453811646,
                "max": 0.5391386151313782,
                "norm": 92.21428680419922,
                "sparsity": 0.0,
                "has_negative": true,
                "percent_negative": 41.06619644165039,
                "shape": [
                    512,
                    784
                ],
                "num_params": 401408
            },
            "network.linear_1.raw_weight": {
                "mean": -0.0872795581817627,
                "std": 0.21561652421951294,
                "min": -1.0078659057617188,
                "max": 1.6147737503051758,
                "norm": 84.21392822265625,
                "sparsity": 0.0,
                "has_negative": true,
                "percent_negative": 68.3013916015625,
                "shape": [
                    256,
                    512
                ],
                "num_params": 131072
            },
            "network.linear_2.raw_weight": {
                "mean": -0.5770784020423889,
                "std": 0.21031945943832397,
                "min": -0.8159483075141907,
                "max": 1.6826987266540527,
                "norm": 31.076126098632812,
                "sparsity": 0.0,
                "has_negative": true,
                "percent_negative": 98.59375,
                "shape": [
                    10,
                    256
                ],
                "num_params": 2560
            }
        },
        "activation_analysis": {
            "pre_activation:network.linear_0": {
                "avg_means": -0.05157528040890998,
                "std_means": 0.011419713607133328,
                "avg_stds": 0.16819643149984645,
                "std_stds": 0.004592580773403568,
                "avg_sparsity": 0.0,
                "std_sparsity": 0.0,
                "avg_mins": -0.4236616244975557,
                "std_mins": 0.0019676333118953627,
                "avg_maxs": 2.6701619067090623,
                "std_maxs": 0.10349122661310799,
                "avg_sum": -3372.344736951463
            },
            "pre_activation:network.linear_1": {
                "avg_means": 0.003915236529676204,
                "std_means": 7.870952135954024e-06,
                "avg_stds": 0.050412582273178914,
                "std_stds": 0.0007241171846321613,
                "avg_sparsity": 0.0,
                "std_sparsity": 0.0,
                "avg_mins": 1.0489027510027404e-10,