{
    "train_loss": [
        2.2980701115459063,
        2.2977055904424586,
        2.297704608519495,
        2.2977047203841368,
        2.297704918689637,
        2.2977046424178718,
        2.297704673491383,
        2.297704574621119,
        2.2977044554118295,
        2.297704575751065,
        2.2977044571067484,
        2.2977048209493196,
        2.297704787050943,
        2.297704752022621,
        2.2977044113439407,
        2.297704258801248,
        2.297704401739401,
        2.2977042870498945,
        2.297704496089881,
        2.297704647502628,
        2.297704709649651,
        2.297704476880801,
        2.2977045960900906
    ],
    "train_acc": [
        39.37222222222222,
        38.403703703703705,
        38.07592592592592,
        38.0462962962963,
        37.916666666666664,
        37.94814814814815,
        37.96296296296296,
        37.757407407407406,
        37.724074074074075,
        37.71666666666667,
        37.522222222222226,
        37.577777777777776,
        37.675925925925924,
        37.47222222222222,
        37.266666666666666,
        36.86666666666667,
        36.33888888888889,
        36.51851851851852,
        35.66481481481482,
        35.57037037037037,
        35.894444444444446,
        35.181481481481484,
        34.833333333333336
    ],
    "val_loss": [
        2.297615685361497,
        2.2976141026679504,
        2.2976137729401285,
        2.297613595394378,
        2.297613504085135,
        2.297613427994099,
        2.2976134026304202,
        2.297613433066835,
        2.2976133975576847,
        2.297613356975799,
        2.2976133671212704,
        2.297613372194006,
        2.297613362048535,
        2.2976133417575917,
        2.297613356975799,
        2.2976133519030633,
        2.297613336684856,
        2.2976133265393845,
        2.2976133519030633,
        2.2976133417575917,
        2.2976133265393845,
        2.297613356975799,
        2.2976133519030633
    ],
    "val_acc": [
        39.81666666666667,
        39.3,
        38.96666666666667,
        38.86666666666667,
        38.81666666666667,
        38.78333333333333,
        38.75,
        38.583333333333336,
        38.55,
        38.483333333333334,
        38.6,
        38.233333333333334,
        38.35,
        38.166666666666664,
        37.516666666666666,
        37.35,
        36.46666666666667,
        36.1,
        35.96666666666667,
        37.483333333333334,
        35.333333333333336,
        35.0,
        35.166666666666664
    ],
    "test_loss": 2.2976719638969323,
    "test_acc": 34.32,
    "metadata": {
        "timestamp": "2025-02-25T01:59:15.672191",
        "run_name": "0225015915_BaseMLP_StochasticLayer_gold-vase",
        "model_config": {
            "class_name": "BaseMLP",
            "input_dim": 784,
            "hidden_dims": [
                512,
                256,
                128
            ],
            "output_dim": 10,
            "activation_type": "StochasticLayer",
            "dropout_prob": 0.0,
            "store_activations": true,
            "num_parameters": 566528,
            "num_trainable_parameters": 566528
        },
        "training_config": {
            "batch_size": 128,
            "learning_rate": 0.001,
            "optimizer": {
                "class_name": "Adam",
                "parameters": null
            },
            "criterion": "CrossEntropyLoss",
            "device": "cpu"
        },
        "dataset_info": {
            "name": "MNIST",
            "train_size": 54000,
            "val_size": 6000,
            "test_size": 10000,
            "input_shape": [
                1,
                28,
                28
            ],
            "num_classes": 10
        },
        "system_info": {
            "python_version": "3.12.6 (main, Sep  6 2024, 19:03:47) [Clang 15.0.0 (clang-1500.3.9.4)]",
            "pytorch_version": "2.6.0",
            "cuda_available": false,
            "cuda_version": null,
            "platform": "macOS-15.1-arm64-arm-64bit",
            "cpu_count": "arm64",
            "processor": "arm"
        },
        "git_info": {
            "commit_hash": "a3b0a5e3f94443cb345268bf1f25446ff58657b8",
            "branch": "main",
            "is_dirty": true
        },
        "tags": [
            "stochastic_layers_3",
            "activation_NoActivation_layer_temperature_0.01"
        ],
        "final_metrics": {
            "best_val_loss": 2.2976133265393845,
            "best_val_acc": 39.81666666666667,
            "best_epoch": 17,
            "total_epochs": 23,
            "training_duration": 62.070651,
            "test_loss": 2.2976719638969323,
            "test_acc": 34.32
        },
        "weight_analysis": {
            "network.linear_0.raw_weight": {
                "mean": -0.010267346166074276,
                "std": 0.03307978808879852,
                "min": -0.07284611463546753,
                "max": 0.2229185700416565,
                "norm": 21.944412231445312,
                "sparsity": 0.0,
                "has_negative": true,
                "percent_negative": 61.513221740722656,
                "shape": [
                    512,
                    784
                ],
                "num_params": 401408
            },
            "network.linear_1.raw_weight": {
                "mean": -0.006237989757210016,
                "std": 0.04724941775202751,
                "min": -0.08852066844701767,
                "max": 0.2517560124397278,
                "norm": 17.25446128845215,
                "sparsity": 0.0,
                "has_negative": true,
                "percent_negative": 54.131317138671875,
                "shape": [
                    256,
                    512
                ],
                "num_params": 131072
            },
            "network.linear_2.raw_weight": {
                "mean": -0.004510355181992054,
                "std": 0.06900767982006073,
                "min": -0.1249876618385315,
                "max": 0.25824135541915894,
                "norm": 12.518183708190918,
                "sparsity": 0.0,
                "has_negative": true,
                "percent_negative": 52.0843505859375,
                "shape": [
                    128,
                    256
                ],
                "num_params": 32768
            },
            "network.linear_3.raw_weight": {
                "mean": -0.023998769000172615,
                "std": 0.10214153677225113,
                "min": -0.2084144651889801,
                "max": 0.30117812752723694,
                "norm": 3.7524490356445312,
                "sparsity": 0.0,
                "has_negative": true,
                "percent_negative": 51.484375,
                "shape": [
                    10,
                    128
                ],
                "num_params": 1280
            }
        },
        "activation_analysis": {
            "pre_activation:network.linear_0_preact": {
                "avg_means": 0.6734031603691426,
                "std_means": 0.0298339979148729,
                "avg_stds": 1.0863451450429065,
                "std_stds": 0.010601572637749522,
                "avg_sparsity": 0.0,
                "std_sparsity": 0.0,
                "avg_mins": -0.42421302135954514,
                "std_mins": 4.300620950996412e-09,
                "avg_maxs": 2.821486843393204,
                "std_maxs": 1.2833119088714193e-07,
                "avg_sum": 44014.17337101064
            },
            "pre_activation:network.linear_1_preact": {
                "avg_means": 0.7235127598681348,
                "std_means": 0.03938916777181147,
                "avg_stds": 1.1847848841484556,
                "std_stds": 0.012869745926788155,
                "avg_sparsity": 0.0,
                "std_sparsity": 0.0,
                "avg_mins": -0.4242130530641434,
                "std_mins": 6.015524572834776e-09,