{
    "train_loss": [
        1.8480916785967858,
        1.8020855095149217,
        1.8004625425519536,
        1.799936524499649,
        1.7997007584684832,
        1.7995281179934317,
        1.7991350205588679,
        1.7991848048440653,
        1.7991405883671547,
        1.7988947115803218,
        1.798557113414692,
        1.7989271384844847,
        1.7985817826754673,
        1.7989820874697788
    ],
    "train_acc": [
        73.24444444444444,
        75.39259259259259,
        75.72222222222223,
        75.77592592592593,
        75.68703703703704,
        75.79629629629629,
        75.77407407407408,
        75.92592592592592,
        75.9074074074074,
        75.92592592592592,
        75.82777777777778,
        75.9037037037037,
        75.77777777777777,
        75.82222222222222
    ],
    "val_loss": [
        1.810768485069275,
        1.8107895800407896,
        1.80662942186315,
        1.805624819816427,
        1.8072637928293107,
        1.8058738759223452,
        1.8049786496669689,
        1.8059119696312762,
        1.804305725909294,
        1.808547375049997,
        1.809147411204399,
        1.8057707877869302,
        1.8056348790513708,
        1.8072108004955536
    ],
    "val_acc": [
        75.0,
        73.78333333333333,
        74.96666666666667,
        74.31666666666666,
        75.38333333333334,
        75.36666666666666,
        74.88333333333334,
        74.88333333333334,
        75.06666666666666,
        74.45,
        73.91666666666667,
        75.25,
        76.01666666666667,
        74.93333333333334
    ],
    "test_loss": 1.7976549893994875,
    "test_acc": 76.35,
    "metadata": {
        "timestamp": "2025-02-25T00:15:16.087082",
        "run_name": "0225001516_BaseMLP_SparseMax_sticky-complement",
        "model_config": {
            "class_name": "BaseMLP",
            "input_dim": 784,
            "hidden_dims": [
                512
            ],
            "output_dim": 10,
            "activation_type": "SparseMax",
            "dropout_prob": 0.0,
            "store_activations": true,
            "num_parameters": 406528,
            "num_trainable_parameters": 406528
        },
        "training_config": {
            "batch_size": 128,
            "learning_rate": 0.001,
            "optimizer": {
                "class_name": "Adam",
                "parameters": null
            },
            "criterion": "CrossEntropyLoss",
            "device": "cpu"
        },
        "dataset_info": {
            "name": "MNIST",
            "train_size": 54000,
            "val_size": 6000,
            "test_size": 10000,
            "input_shape": [
                1,
                28,
                28
            ],
            "num_classes": 10
        },
        "system_info": {
            "python_version": "3.12.6 (main, Sep  6 2024, 19:03:47) [Clang 15.0.0 (clang-1500.3.9.4)]",
            "pytorch_version": "2.6.0",
            "cuda_available": false,
            "cuda_version": null,
            "platform": "macOS-15.1-arm64-arm-64bit",
            "cpu_count": "arm64",
            "processor": "arm"
        },
        "git_info": {
            "commit_hash": "a3b0a5e3f94443cb345268bf1f25446ff58657b8",
            "branch": "main",
            "is_dirty": true
        },
        "tags": [
            "stochastic_layers_1",
            "activation_SparseMax_layer_temperature_0.01"
        ],
        "final_metrics": {
            "best_val_loss": 1.804305725909294,
            "best_val_acc": 76.01666666666667,
            "best_epoch": 8,
            "total_epochs": 14,
            "training_duration": 49.774743,
            "test_loss": 1.7976549893994875,
            "test_acc": 76.35
        },
        "weight_analysis": {
            "network.linear_0.raw_weight": {
                "mean": 0.00904580857604742,
                "std": 0.05118748918175697,
                "min": -0.1403004229068756,
                "max": 0.2475195676088333,
                "norm": 32.93297576904297,
                "sparsity": 0.0,
                "has_negative": true,
                "percent_negative": 47.16871643066406,
                "shape": [
                    512,
                    784
                ],
                "num_params": 401408
            },
            "network.linear_1.raw_weight": {
                "mean": -0.04651845991611481,
                "std": 0.04247765615582466,
                "min": -0.10869263857603073,
                "max": 0.22028295695781708,
                "norm": 4.507326602935791,
                "sparsity": 0.0,
                "has_negative": true,
                "percent_negative": 81.19140625,
                "shape": [
                    10,
                    512
                ],
                "num_params": 5120
            }
        },
        "activation_analysis": {
            "pre_activation:network.linear_0": {
                "avg_means": -0.24898035538957475,
                "std_means": 0.005765424031229417,
                "avg_stds": 0.1744873472984801,
                "std_stds": 0.003660349946186597,
                "avg_sparsity": 0.0,
                "std_sparsity": 0.0,
                "avg_mins": -0.42421257495880127,
                "std_mins": 7.300048299977713e-08,
                "avg_maxs": 2.688747969079525,
                "std_maxs": 0.08153203342557529,
                "avg_sum": -16270.872236535904
            },
            "pre_activation:network.linear_1": {
                "avg_means": 0.09999932079239095,
                "std_means": 2.233210498306625e-06,
                "avg_stds": 0.2289958878400478,
                "std_stds": 0.00427957170657696,
                "avg_sparsity": 0.0,
                "std_sparsity": 0.0,
                "avg_mins": 9.576073386943079e-15,
                "std_mins": 0.0,
                "avg_maxs": 0.9999978795964667,
                "std_maxs": 1.474151315762174e-07,
                "avg_sum": 127.65870374314328
            }
        }
    }
}