{
    "train_loss": [
        1.858610424667738,
        1.8028638718817471,
        1.8015139399546582,
        1.8010175132073498,
        1.8003780166684733,
        1.8002919704428215,
        1.799989402294159,
        1.7999552267987582,
        1.7998476517143973,
        1.7998682540174908,
        1.799875619569661
    ],
    "train_acc": [
        73.29074074074074,
        75.47962962962963,
        75.48148148148148,
        75.56111111111112,
        75.53148148148148,
        75.58148148148148,
        75.60740740740741,
        75.97592592592592,
        75.67592592592592,
        75.75925925925925,
        75.75555555555556
    ],
    "val_loss": [
        1.8033627753562116,
        1.799035500972829,
        1.8007823660018596,
        1.8003689507220655,
        1.79958010480759,
        1.797904483815457,
        1.7987824171147448,
        1.7988875876081751,
        1.7991021389656878,
        1.802452691057895,
        1.8003715302081817
    ],
    "val_acc": [
        75.28333333333333,
        76.56666666666666,
        75.4,
        75.25,
        76.26666666666667,
        75.91666666666667,
        76.51666666666667,
        76.61666666666666,
        76.38333333333334,
        75.78333333333333,
        75.46666666666667
    ],
    "test_loss": 1.7960124981554249,
    "test_acc": 75.84,
    "metadata": {
        "timestamp": "2025-02-25T00:16:41.979596",
        "run_name": "0225001641_BaseMLP_SparseMax_metal-deposition",
        "model_config": {
            "class_name": "BaseMLP",
            "input_dim": 784,
            "hidden_dims": [
                512,
                256
            ],
            "output_dim": 10,
            "activation_type": "SparseMax",
            "dropout_prob": 0.0,
            "store_activations": true,
            "num_parameters": 535040,
            "num_trainable_parameters": 535040
        },
        "training_config": {
            "batch_size": 128,
            "learning_rate": 0.001,
            "optimizer": {
                "class_name": "Adam",
                "parameters": null
            },
            "criterion": "CrossEntropyLoss",
            "device": "cpu"
        },
        "dataset_info": {
            "name": "MNIST",
            "train_size": 54000,
            "val_size": 6000,
            "test_size": 10000,
            "input_shape": [
                1,
                28,
                28
            ],
            "num_classes": 10
        },
        "system_info": {
            "python_version": "3.12.6 (main, Sep  6 2024, 19:03:47) [Clang 15.0.0 (clang-1500.3.9.4)]",
            "pytorch_version": "2.6.0",
            "cuda_available": false,
            "cuda_version": null,
            "platform": "macOS-15.1-arm64-arm-64bit",
            "cpu_count": "arm64",
            "processor": "arm"
        },
        "git_info": {
            "commit_hash": "a3b0a5e3f94443cb345268bf1f25446ff58657b8",
            "branch": "main",
            "is_dirty": true
        },
        "tags": [
            "stochastic_layers_2",
            "activation_SparseMax_layer_temperature_0.01"
        ],
        "final_metrics": {
            "best_val_loss": 1.797904483815457,
            "best_val_acc": 76.61666666666666,
            "best_epoch": 5,
            "total_epochs": 11,
            "training_duration": 43.215084,
            "test_loss": 1.7960124981554249,
            "test_acc": 75.84
        },
        "weight_analysis": {
            "network.linear_0.raw_weight": {
                "mean": 0.009233621880412102,
                "std": 0.05140704661607742,
                "min": -0.14001870155334473,
                "max": 0.24499724805355072,
                "norm": 33.090850830078125,
                "sparsity": 0.0,
                "has_negative": true,
                "percent_negative": 47.25242233276367,
                "shape": [
                    512,
                    784
                ],
                "num_params": 401408
            },
            "network.linear_1.raw_weight": {
                "mean": 0.0017149907071143389,
                "std": 0.058947205543518066,
                "min": -0.10704559832811356,
                "max": 0.2335878163576126,
                "norm": 21.350088119506836,
                "sparsity": 0.0,
                "has_negative": true,
                "percent_negative": 52.379608154296875,
                "shape": [
                    256,
                    512
                ],
                "num_params": 131072
            },
            "network.linear_2.raw_weight": {
                "mean": -0.029983211308717728,
                "std": 0.06444783508777618,
                "min": -0.1500888615846634,
                "max": 0.27334147691726685,
                "norm": 3.595871925354004,
                "sparsity": 0.0,
                "has_negative": true,
                "percent_negative": 69.9609375,
                "shape": [
                    10,
                    256
                ],
                "num_params": 2560
            }
        },
        "activation_analysis": {
            "pre_activation:network.linear_0": {
                "avg_means": -0.22432390869931973,
                "std_means": 0.006578617984569949,
                "avg_stds": 0.1773634543444248,
                "std_stds": 0.004248813939839185,
                "avg_sparsity": 0.0,
                "std_sparsity": 0.0,
                "avg_mins": -0.42421158070259907,
                "std_mins": 7.305075197600278e-07,
                "avg_maxs": 2.6887211951803653,
                "std_maxs": 0.08076050142168559,
                "avg_sum": -14663.597926363032
            },
            "pre_activation:network.linear_1": {
                "avg_means": 0.0038885964189675896,
                "std_means": 1.2229736091999802e-05,
                "avg_stds": 0.04939624603758467,
                "std_stds": 0.0008344470300767136,
                "avg_sparsity": 0.0,
                "std_sparsity": 0.0,
                "avg_mins": 2.1717456989149646e-14,
                "std_mins": 5.082531389394805e-15,
                "avg_maxs": 0.999998927116394,
                "std_maxs": 0.0,
                "avg_sum": 127.08158647253158
            },
            "pre_activation:network.linear_2": {
                "avg_means": 0.09936923660496448,
                "std_means": 0.0004517097114408607,
                "avg_stds": 0.2301458830529071,
                "std_stds": 0.004534097016820862,
                "avg_sparsity": 0.0,
                "std_sparsity": 0.0,
                "avg_mins": 4.1334711517642325e-18,
                "std_mins": 0.0,
                "avg_maxs": 0.9999959570296267,
                "std_maxs": 7.051786897241751e-07,
                "avg_sum": 126.85270414961145
            }
        }
    }
}