{
    "train_loss": [
        2.2717490648206375,
        2.26830324290488,
        2.2681241758626784,
        2.268086889908777,
        2.268024827066756,
        2.2679744755487308,
        2.2679770218817543,
        2.2679745021024584,
        2.267977341091463,
        2.2679783303590746,
        2.2679739653781694,
        2.267975677811139,
        2.2679687619774263,
        2.267969179492426,
        2.267965840502373,
        2.2679653721398085,
        2.267963216768057,
        2.267961354052286,
        2.2679619111156013,
        2.2679392766048556,
        2.2677349151593247,
        2.2676277657820716,
        2.2676059448323542,
        2.2675829781175225,
        2.267507688129118,
        2.2674467151198905,
        2.26736311946435,
        2.267359228495738,
        2.267355817189149,
        2.2673016634032623,
        2.267304815952247,
        2.2672269660714677,
        2.26721937961488,
        2.2672198259434992,
        2.2672177858262264,
        2.267218562099041,
        2.267219863796686,
        2.2671749868664133,
        2.267148186245236,
        2.267113722331151,
        2.267066939182191,
        2.267067596810689,
        2.2670645956744515,
        2.26696552992997,
        2.2669430123686225,
        2.266940958691999,
        2.266940260950423,
        2.2669408959800035,
        2.266899168208877,
        2.2668114070078773
    ],
    "train_acc": [
        29.385185185185186,
        32.76111111111111,
        33.07592592592592,
        33.11666666666667,
        33.068518518518516,
        33.2,
        33.19444444444444,
        33.19814814814815,
        33.2,
        33.205555555555556,
        33.20185185185185,
        33.21851851851852,
        33.22037037037037,
        33.22962962962963,
        33.227777777777774,
        33.4,
        33.42407407407408,
        33.42777777777778,
        33.43888888888889,
        33.42777777777778,
        33.42407407407408,
        33.342592592592595,
        33.351851851851855,
        33.535185185185185,
        33.638888888888886,
        33.638888888888886,
        33.56296296296296,
        33.56111111111111,
        33.56666666666667,
        33.57962962962963,
        33.57962962962963,
        34.1037037037037,
        34.157407407407405,
        34.157407407407405,
        34.157407407407405,
        34.15555555555556,
        34.15925925925926,
        35.12407407407407,
        35.672222222222224,
        36.257407407407406,
        37.13703703703704,
        37.138888888888886,
        37.15185185185185,
        39.1,
        39.337037037037035,
        39.33888888888889,
        39.33518518518518,
        39.34444444444444,
        39.77962962962963,
        40.52962962962963
    ],
    "val_loss": [
        2.268265221981292,
        2.2678712225974875,
        2.267798236075868,
        2.2677455455698867,
        2.2676758411082814,
        2.2676751512162228,
        2.267672817757789,
        2.2676725286118526,
        2.2676720010473375,
        2.267672158302145,
        2.2676720669929016,
        2.2676584872793644,
        2.267654987091714,
        2.2676561030935733,
        2.2676574828776905,
        2.2676353302407772,
        2.2676348990582404,
        2.2676352642952127,
        2.267635355604456,
        2.267662093994465,
        2.267370452272131,
        2.2673576892690455,
        2.2673580545060177,
        2.267245794864411,
        2.2672455107912106,
        2.267160512031393,
        2.2671136957533817,
        2.26711368560791,
        2.2670638510521424,
        2.2670638358339352,
        2.267063815542992,
        2.266984594629166,
        2.2669845489745444,
        2.2669845794109587,
        2.2669845489745444,
        2.2669845236108657,
        2.266983762700507,
        2.2669104109419154,
        2.266910390650972,
        2.266837160638038,
        2.2668371555653026,
        2.266837140347095,
        2.2667664314838167,
        2.2667019367218018,
        2.266701911358123,
        2.266701931649066,
        2.26670192657633,
        2.266701916430859,
        2.2665912547010056,
        2.266591244555534
    ],
    "val_acc": [
        32.36666666666667,
        32.75,
        32.833333333333336,
        32.8,
        32.983333333333334,
        33.0,
        33.016666666666666,
        33.016666666666666,
        33.0,
        33.016666666666666,
        33.0,
        33.05,
        33.1,
        33.083333333333336,
        33.083333333333336,
        33.333333333333336,
        33.35,
        33.35,
        33.333333333333336,
        33.333333333333336,
        33.21666666666667,
        33.25,
        33.21666666666667,
        33.68333333333333,
        33.7,
        33.68333333333333,
        33.583333333333336,
        33.583333333333336,
        33.53333333333333,
        33.53333333333333,
        33.53333333333333,
        34.06666666666667,
        34.06666666666667,
        34.06666666666667,
        34.06666666666667,
        34.06666666666667,
        34.06666666666667,
        35.56666666666667,
        35.56666666666667,
        36.95,
        36.95,
        36.95,
        38.1,
        38.766666666666666,
        38.766666666666666,
        38.78333333333333,
        38.78333333333333,
        38.766666666666666,
        40.2,
        40.2
    ],
    "test_loss": 2.2669882925250864,
    "test_acc": 40.2,
    "metadata": {
        "timestamp": "2025-02-25T12:35:45.302957",
        "run_name": "0225123545_BaseMLP_StochasticLayer_diachronic-commit",
        "model_config": {
            "class_name": "BaseMLP",
            "input_dim": 784,
            "hidden_dims": [
                512,
                256,
                128
            ],
            "output_dim": 10,
            "activation_type": "StochasticLayer",
            "dropout_prob": 0.0,
            "store_activations": true,
            "num_parameters": 566528,
            "num_trainable_parameters": 566528
        },
        "training_config": {
            "batch_size": 128,
            "learning_rate": 0.001,
            "optimizer": {
                "class_name": "Adam",
                "parameters": null
            },
            "criterion": "CrossEntropyLoss",
            "device": "cpu",
            "preprocess_fn": "_normalize_to_simplex"
        },
        "dataset_info": {
            "name": "MNIST",
            "train_size": 54000,
            "val_size": 6000,
            "test_size": 10000,
            "input_shape": [
                1,
                28,
                28
            ],
            "num_classes": 10
        },
        "system_info": {
            "python_version": "3.12.6 (main, Sep  6 2024, 19:03:47) [Clang 15.0.0 (clang-1500.3.9.4)]",
            "pytorch_version": "2.6.0",
            "cuda_available": false,
            "cuda_version": null,
            "platform": "macOS-15.1-arm64-arm-64bit",
            "cpu_count": "arm64",
            "processor": "arm"
        },
        "git_info": {
            "commit_hash": "03d718137e77b2c5b3526bcb4ff8b5d40f4f3cf8",
            "branch": "main",
            "is_dirty": true
        },
        "tags": [
            "stochastic_layers_3",
            "activation_NoActivation_layer_temperature_0.01"
        ],
        "final_metrics": {
            "best_val_loss": 2.266591244555534,
            "best_val_acc": 40.2,
            "best_epoch": 49,
            "total_epochs": 50,
            "training_duration": 138.614896,
            "test_loss": 2.2669882925250864,
            "test_acc": 40.2
        },
        "weight_analysis": {
            "network.linear_0.raw_weight": {
                "mean": -0.01907540112733841,
                "std": 0.03389172628521919,
                "min": -0.07848920673131943,
                "max": 0.29607251286506653,
                "norm": 24.639957427978516,
                "sparsity": 0.0,
                "has_negative": true,
                "percent_negative": 76.87689208984375,