{
    "train_loss": [
        2.0730503729734377,
        2.040694604835239,
        2.0481306331417573,
        2.048987140587721,
        2.041525991607051,
        2.0341410453285653,
        2.010718273325554,
        2.022298867951072,
        2.0310078093790893,
        2.0221485456019215,
        2.0195880145258247,
        2.0236105642047537
    ],
    "train_acc": [
        23.28148148148148,
        25.664814814814815,
        25.764814814814816,
        25.737037037037037,
        25.764814814814816,
        25.55,
        32.31666666666667,
        34.12592592592593,
        34.03333333333333,
        30.97222222222222,
        30.868518518518517,
        30.68888888888889
    ],
    "val_loss": [
        2.038030954117471,
        2.0378379999323095,
        2.0497742054310253,
        2.0393581162107752,
        2.0419551920383534,
        2.0183053802936635,
        2.0101433992385864,
        2.0246459144227047,
        2.017030568833047,
        2.012830531343501,
        2.0193612271166863,
        2.02088596212103
    ],
    "val_acc": [
        24.233333333333334,
        25.216666666666665,
        25.75,
        26.816666666666666,
        25.866666666666667,
        30.5,
        35.833333333333336,
        35.15,
        34.31666666666667,
        29.55,
        31.833333333333332,
        30.883333333333333
    ],
    "test_loss": 2.0219503022447416,
    "test_acc": 30.88,
    "metadata": {
        "timestamp": "2025-02-21T13:43:34.761866",
        "run_name": "0221134334_BaseMLP_ReLU_nondeterministic-module",
        "model_config": {
            "class_name": "BaseMLP",
            "input_dim": 784,
            "hidden_dims": [
                256,
                128
            ],
            "output_dim": 10,
            "activation_type": "ReLU",
            "dropout_prob": 0.0,
            "store_activations": true,
            "num_parameters": 234752,
            "num_trainable_parameters": 234752
        },
        "training_config": {
            "batch_size": 128,
            "learning_rate": 0.001,
            "optimizer": {
                "class_name": "Adam",
                "parameters": null
            },
            "criterion": "CrossEntropyLoss",
            "device": "cpu"
        },
        "dataset_info": {
            "name": "MNIST",
            "train_size": 54000,
            "val_size": 6000,
            "test_size": 10000,
            "input_shape": [
                1,
                28,
                28
            ],
            "num_classes": 10
        },
        "system_info": {
            "python_version": "3.12.6 (main, Sep  6 2024, 19:03:47) [Clang 15.0.0 (clang-1500.3.9.4)]",
            "pytorch_version": "2.6.0",
            "cuda_available": false,
            "cuda_version": null,
            "platform": "macOS-15.1-arm64-arm-64bit",
            "cpu_count": "arm64",
            "processor": "arm"
        },
        "git_info": {
            "commit_hash": "15e48a32d31478ac54b6c3350a900b9f6e2bcba1",
            "branch": "main",
            "is_dirty": true
        },
        "tags": [
            "stochastic_layers_2",
            "activation_NoActivation"
        ],
        "final_metrics": {
            "best_val_loss": 2.0101433992385864,
            "best_val_acc": 35.833333333333336,
            "best_epoch": 6,
            "total_epochs": 12,
            "training_duration": 26.85451,
            "test_loss": 2.0219503022447416,
            "test_acc": 30.88
        },
        "weight_analysis": {
            "network.linear_0.weight": {
                "mean": 0.0012755101779475808,
                "std": 0.0022386526688933372,
                "min": 0.0,
                "max": 0.01518162526190281,
                "norm": 1.1542794704437256,
                "sparsity": 0.6516063213348389
            },
            "network.linear_1.weight": {
                "mean": 0.00390625,
                "std": 0.006875950843095779,
                "min": 0.0,
                "max": 0.08372433483600616,
                "norm": 1.4314970970153809,
                "sparsity": 0.51202392578125
            },
            "network.linear_2.weight": {
                "mean": 0.0078125,
                "std": 0.022806115448474884,
                "min": 0.0,
                "max": 0.5040261745452881,
                "norm": 0.8621814250946045,
                "sparsity": 0.6000000238418579
            }
        },
        "activation_analysis": {
            "network.linear_0": {
                "avg_means": 0.36819446467338723,
                "std_means": 0.028445855901232376,
                "avg_stds": 0.42944286858781855,
                "std_stds": 0.014119457633552027,
                "avg_sparsity": 0.0,
                "std_sparsity": 0.0
            },
            "network.activation_0": {
                "avg_means": 0.4050925329644629,
                "std_means": 0.026405374515091656,
                "avg_stds": 0.38059865604055687,
                "std_stds": 0.015251027147658452,
                "avg_sparsity": 0.1907002640531418,
                "std_sparsity": 0.021873272621311113
            },
            "network.linear_1": {
                "avg_means": 0.45252012635799166,
                "std_means": 0.026163436776988642,
                "avg_stds": 0.3672910155133998,
                "std_stds": 0.012746181760008702,
                "avg_sparsity": 0.0578928661156208,
                "std_sparsity": 0.01112565900628038
            },
            "network.activation_1": {
                "avg_means": 0.45252012635799166,
                "std_means": 0.026163436776988642,
                "avg_stds": 0.3672910155133998,
                "std_stds": 0.012746181760008702,
                "avg_sparsity": 0.0578928661156208,
                "std_sparsity": 0.01112565900628038
            },
            "network.linear_2": {
                "avg_means": 0.47030975653770124,
                "std_means": 0.024971457123749163,
                "avg_stds": 0.36806026544976744,
                "std_stds": 0.011304966632312556,
                "avg_sparsity": 0.07311930095261716,
                "std_sparsity": 0.012380891906156028
            }
        }
    }
}