{
    "train_loss": [
        2.186547696307937,
        1.9226027885319497,
        1.86874935807775,
        1.8465972545587621,
        1.8248830090201862,
        1.8145955332082595,
        1.8130648122014592,
        1.8128405108836025,
        1.8032595272312797,
        1.8024633786689614,
        1.7468490993242127,
        1.6447090546101755,
        1.6222732496487586,
        1.6050055405539925,
        1.5910365756654061,
        1.5804959919780353,
        1.573844681136416,
        1.5660409500813597,
        1.5612919127206666,
        1.5546960528427956,
        1.5523771282055931,
        1.549107226997755,
        1.5494648144708425,
        1.5426185523729188,
        1.5197922683440113,
        1.4599909836082097,
        1.4295885808659956,
        1.4185397452652737,
        1.414513709703328,
        1.408276671199437,
        1.4025386571884155,
        1.399468170805565,
        1.393978387823602,
        1.391411201366316,
        1.3802593853236376,
        1.3633348066094928,
        1.3407663686015594,
        1.320426641199826,
        1.3150191939837559,
        1.3064011287350226,
        1.3007695697495159,
        1.2960548124042168,
        1.2940049360713688,
        1.2905227010848963,
        1.2868593284304108,
        1.288414435505302,
        1.2848125292226602,
        1.2836737112976364,
        1.2826245098034919,
        1.278186130015206,
        1.2762989517636774,
        1.270085937603955,
        1.2731085637169426,
        1.2723367733977982,
        1.273731564740999,
        1.2655310034751892,
        1.262177123701403,
        1.2555210268327974,
        1.2315746400311094,
        1.169300534855133,
        1.122129862624887,
        1.1049519535772043,
        1.0939891180155967,
        1.0893157539774456,
        1.078959319970054,
        1.0783233173650588,
        1.0725815481201733,
        1.0717179635407235,
        1.0711352688158857,
        1.0667233845633919,
        1.0611924812974523,
        1.0575572913291895,
        1.0585916192045708,
        1.0548278380061777,
        1.0506939426135113,
        1.0517434884586605
    ],
    "train_acc": [
        16.29074074074074,
        20.633333333333333,
        21.07777777777778,
        20.857407407407408,
        21.14814814814815,
        21.155555555555555,
        21.04259259259259,
        21.1,
        21.237037037037037,
        21.168518518518518,
        26.146296296296295,
        30.003703703703703,
        29.833333333333332,
        30.00925925925926,
        30.194444444444443,
        30.285185185185185,
        30.16111111111111,
        30.372222222222224,
        30.461111111111112,
        30.637037037037036,
        30.798148148148147,
        30.85185185185185,
        31.053703703703704,
        32.237037037037034,
        36.824074074074076,
        38.544444444444444,
        39.11296296296296,
        39.46666666666667,
        39.39259259259259,
        39.54814814814815,
        39.72592592592593,
        39.77037037037037,
        40.275925925925925,
        40.88703703703704,
        42.62592592592593,
        44.635185185185186,
        46.237037037037034,
        46.98888888888889,
        47.275925925925925,
        47.53703703703704,
        47.772222222222226,
        47.94444444444444,
        48.03148148148148,
        48.00185185185185,
        48.17407407407408,
        48.096296296296295,
        48.087037037037035,
        48.11666666666667,
        48.120370370370374,
        48.2962962962963,
        48.266666666666666,
        48.40925925925926,
        48.257407407407406,
        48.431481481481484,
        48.31666666666667,
        48.40185185185185,
        48.757407407407406,
        49.31666666666667,
        50.68888888888889,
        54.096296296296295,
        55.879629629629626,
        56.11296296296296,
        56.38148148148148,
        56.675925925925924,
        56.91851851851852,
        56.91481481481482,
        56.84814814814815,
        56.992592592592594,
        56.97037037037037,
        57.19814814814815,
        57.22592592592593,
        57.342592592592595,
        57.22592592592593,
        57.21666666666667,
        57.242592592592594,
        57.237037037037034
    ],
    "val_loss": [
        1.966847891503192,
        1.8921533848376983,
        1.8523165621656053,
        1.830120878016695,
        1.8465884898571259,
        1.809732013560356,
        1.851263794493168,
        1.8196807034472202,
        1.8174798260343836,
        1.807266889734471,
        1.679214652548445,
        1.6437909806028326,
        1.633646625153562,
        1.6032011534305328,
        1.5984146138455004,
        1.580897534147222,
        1.5731550023910847,
        1.5710509381395705,
        1.566800021110697,
        1.5554704057409408,
        1.5575190249909745,
        1.5482380187257807,
        1.5544988424219983,
        1.5424895311923736,
        1.49914654011422,
        1.466802089772326,
        1.4337476086109242,
        1.429712544096277,
        1.4169034475975848,
        1.4258564888162817,
        1.4172797963974324,
        1.4229812216251454,
        1.4071660726628406,
        1.4048003034388765,
        1.3954093177267846,
        1.3806743342825707,
        1.3538725553674902,
        1.3438944207861068,
        1.3333131632906325,
        1.3333839736086257,
        1.3286890045125435,
        1.3198530293525534,
        1.3240986479089616,
        1.317770410091319,
        1.3204468539420595,
        1.324513965464653,
        1.3177570307508428,
        1.3170245378575427,
        1.3119735261227221,
        1.3061510983933793,
        1.305870086588758,
        1.3043182885393183,
        1.3041532749825335,
        1.3048142854203568,
        1.3152102079797299,
        1.3025864692444498,
        1.2979096098149077,
        1.2885435870353212,
        1.2371016246207216,
        1.1657185681322788,
        1.1391401341620913,
        1.1236588067196784,
        1.12004565558535,
        1.1024963183605925,
        1.1157009474774624,
        1.1105568180692957,
        1.0997955507420478,
        1.1122885118139552,
        1.0917941522090993,
        1.088978593653821,
        1.086995542049408,
        1.0905537985740823,
        1.1037232736323743,
        1.0894549831430962,
        1.1071796353827132,
        1.0878892857977684
    ],