{
    "train_loss": [
        1.9120775856677954,
        1.487901904006705,
        1.469105872215253,
        1.4656176552953313,
        1.4642578047033734,
        1.463563827541767,
        1.4629275875068954,
        1.462675233305348,
        1.4624503088223426,
        1.462425831934852,
        1.4621805723809518,
        1.4621694746175649,
        1.4621177468254667,
        1.4620506003569653,
        1.4618900186642652,
        1.4618866138548647,
        1.4618702417866314,
        1.461819125012764,
        1.4618099783834122,
        1.4617913328640835,
        1.461807861994793,
        1.4617394960322085,
        1.4617878325742568,
        1.4618258301115714,
        1.46173029799032,
        1.461699695948741,
        1.4617179903373898,
        1.4617338604271695,
        1.4617285293425428
    ],
    "train_acc": [
        43.68333333333333,
        64.99814814814815,
        66.36851851851851,
        66.50925925925925,
        66.54444444444445,
        66.56851851851852,
        66.68148148148148,
        66.56666666666666,
        66.58703703703704,
        66.64814814814815,
        66.5962962962963,
        66.57777777777778,
        66.50555555555556,
        66.68333333333334,
        66.51851851851852,
        66.6,
        66.55740740740741,
        66.61296296296297,
        66.51851851851852,
        66.49259259259259,
        66.53888888888889,
        66.53703703703704,
        66.48148148148148,
        66.56851851851852,
        66.50555555555556,
        66.60185185185185,
        66.58148148148148,
        66.57962962962964,
        66.47592592592592
    ],
    "val_loss": [
        1.514514613658824,
        1.4692462784178713,
        1.4638248656658417,
        1.462479865297358,
        1.4617455538283004,
        1.4604577967461119,
        1.4611074214285993,
        1.4602522165217298,
        1.4598621814808947,
        1.4596235168741105,
        1.459279587928285,
        1.459736187407311,
        1.459344744682312,
        1.4595544338226318,
        1.4592816880408754,
        1.4592360435648168,
        1.4590475128052083,
        1.459568257027484,
        1.4594555535215012,
        1.4591402652415824,
        1.4589240829995338,
        1.4588584722356592,
        1.4589079821363409,
        1.4586425842122828,
        1.4593076858114689,
        1.4588407125878842,
        1.4587001014263072,
        1.4586742735923606,
        1.458913765055068
    ],
    "val_acc": [
        63.766666666666666,
        66.2,
        66.55,
        66.4,
        66.51666666666667,
        66.63333333333334,
        66.61666666666666,
        66.51666666666667,
        66.76666666666667,
        66.58333333333333,
        66.7,
        66.41666666666667,
        66.75,
        66.48333333333333,
        66.48333333333333,
        66.61666666666666,
        66.53333333333333,
        66.53333333333333,
        66.61666666666666,
        66.61666666666666,
        66.78333333333333,
        66.76666666666667,
        66.81666666666666,
        66.98333333333333,
        66.46666666666667,
        66.45,
        66.81666666666666,
        66.76666666666667,
        66.65
    ],
    "test_loss": 1.450044633466986,
    "test_acc": 66.38,
    "metadata": {
        "timestamp": "2025-02-25T00:20:47.289860",
        "run_name": "0225002047_BaseMLP_ReLU_old-taking",
        "model_config": {
            "class_name": "BaseMLP",
            "input_dim": 784,
            "hidden_dims": [
                512,
                256
            ],
            "output_dim": 10,
            "activation_type": "ReLU",
            "dropout_prob": 0.0,
            "store_activations": true,
            "num_parameters": 535040,
            "num_trainable_parameters": 535040
        },
        "training_config": {
            "batch_size": 128,
            "learning_rate": 0.001,
            "optimizer": {
                "class_name": "Adam",
                "parameters": null
            },
            "criterion": "CrossEntropyLoss",
            "device": "cpu"
        },
        "dataset_info": {
            "name": "MNIST",
            "train_size": 54000,
            "val_size": 6000,
            "test_size": 10000,
            "input_shape": [
                1,
                28,
                28
            ],
            "num_classes": 10
        },
        "system_info": {
            "python_version": "3.12.6 (main, Sep  6 2024, 19:03:47) [Clang 15.0.0 (clang-1500.3.9.4)]",
            "pytorch_version": "2.6.0",
            "cuda_available": false,
            "cuda_version": null,
            "platform": "macOS-15.1-arm64-arm-64bit",
            "cpu_count": "arm64",
            "processor": "arm"
        },
        "git_info": {
            "commit_hash": "a3b0a5e3f94443cb345268bf1f25446ff58657b8",
            "branch": "main",
            "is_dirty": true
        },
        "tags": [
            "stochastic_layers_2",
            "activation_NoActivation_layer_temperature_0.1"
        ],
        "final_metrics": {
            "best_val_loss": 1.4586425842122828,
            "best_val_acc": 66.98333333333333,
            "best_epoch": 23,
            "total_epochs": 29,
            "training_duration": 86.278448,
            "test_loss": 1.450044633466986,
            "test_acc": 66.38
        },
        "weight_analysis": {
            "network.linear_0.raw_weight": {
                "mean": -0.1707485020160675,
                "std": 0.26669853925704956,
                "min": -1.4370174407958984,
                "max": 1.0428698062896729,
                "norm": 200.63262939453125,
                "sparsity": 0.0,
                "has_negative": true,
                "percent_negative": 70.69041442871094,
                "shape": [
                    512,
                    784
                ],
                "num_params": 401408
            },
            "network.linear_1.raw_weight": {
                "mean": -0.18828557431697845,
                "std": 0.24180735647678375,
                "min": -1.1651188135147095,
                "max": 1.7523201704025269,
                "norm": 110.95271301269531,
                "sparsity": 0.0,
                "has_negative": true,
                "percent_negative": 81.91757202148438,
                "shape": [
                    256,
                    512
                ],
                "num_params": 131072
            },
            "network.linear_2.raw_weight": {
                "mean": -0.33813053369522095,
                "std": 0.25905078649520874,
                "min": -0.7884821891784668,
                "max": 1.8016273975372314,
                "norm": 21.55036163330078,
                "sparsity": 0.0,
                "has_negative": true,
                "percent_negative": 92.6953125,
                "shape": [
                    10,
                    256
                ],
                "num_params": 2560
            }
        },
        "activation_analysis": {
            "pre_activation:network.linear_0": {
                "avg_means": 0.2716112989694514,
                "std_means": 0.02508252717266718,
                "avg_stds": 0.7285116111978571,
                "std_stds": 0.01696051829543604,
                "avg_sparsity": 0.0,
                "std_sparsity": 0.0,
                "avg_mins": -0.42421268846126314,
                "std_mins": 3.6182156567084286e-08,
                "avg_maxs": 2.8135823239671423,
                "std_maxs": 0.008314816412405135,
                "avg_sum": 17747.44936419548
            },
            "post_activation:network.activation_0": {
                "avg_means": 0.39539322574087915,
                "std_means": 0.021413578399753486,
                "avg_stds": 0.6453854226051493,
                "std_stds": 0.017540009090722234,
                "avg_sparsity": 0.551747608692088,
                "std_sparsity": 0.013523058316104583,
                "avg_mins": 0.0,