{
    "train_loss": [
        1.8590829185964937,
        1.8017436991935658,
        1.8006372045001713,
        1.7998158519301934,
        1.7994536579502702,
        1.7990870153734468,
        1.7994706099632227,
        1.7993102003047816,
        1.799046985345994,
        1.7988187368447182
    ],
    "train_acc": [
        72.85740740740741,
        75.47407407407407,
        75.77962962962962,
        75.63518518518518,
        75.5962962962963,
        75.86111111111111,
        75.82592592592593,
        75.8462962962963,
        75.81296296296296,
        75.76851851851852
    ],
    "val_loss": [
        1.8087113689869008,
        1.8064777496013236,
        1.8049204121244715,
        1.80381381765325,
        1.8036177107628355,
        1.8038018510696736,
        1.8039046246954735,
        1.8081720407972945,
        1.8041320734835686,
        1.8048688604476604
    ],
    "val_acc": [
        74.18333333333334,
        75.18333333333334,
        74.78333333333333,
        74.73333333333333,
        75.31666666666666,
        74.86666666666666,
        74.68333333333334,
        74.31666666666666,
        75.53333333333333,
        75.16666666666667
    ],
    "test_loss": 1.7952141927767404,
    "test_acc": 76.16,
    "metadata": {
        "timestamp": "2025-02-25T01:53:52.789627",
        "run_name": "0225015352_BaseMLP_SparseMax_complex-byte",
        "model_config": {
            "class_name": "BaseMLP",
            "input_dim": 784,
            "hidden_dims": [
                512,
                256,
                128
            ],
            "output_dim": 10,
            "activation_type": "SparseMax",
            "dropout_prob": 0.0,
            "store_activations": true,
            "num_parameters": 566528,
            "num_trainable_parameters": 566528
        },
        "training_config": {
            "batch_size": 128,
            "learning_rate": 0.001,
            "optimizer": {
                "class_name": "Adam",
                "parameters": null
            },
            "criterion": "CrossEntropyLoss",
            "device": "cpu"
        },
        "dataset_info": {
            "name": "MNIST",
            "train_size": 54000,
            "val_size": 6000,
            "test_size": 10000,
            "input_shape": [
                1,
                28,
                28
            ],
            "num_classes": 10
        },
        "system_info": {
            "python_version": "3.12.6 (main, Sep  6 2024, 19:03:47) [Clang 15.0.0 (clang-1500.3.9.4)]",
            "pytorch_version": "2.6.0",
            "cuda_available": false,
            "cuda_version": null,
            "platform": "macOS-15.1-arm64-arm-64bit",
            "cpu_count": "arm64",
            "processor": "arm"
        },
        "git_info": {
            "commit_hash": "a3b0a5e3f94443cb345268bf1f25446ff58657b8",
            "branch": "main",
            "is_dirty": true
        },
        "tags": [
            "stochastic_layers_3",
            "activation_SparseMax_layer_temperature_0.01"
        ],
        "final_metrics": {
            "best_val_loss": 1.8036177107628355,
            "best_val_acc": 75.53333333333333,
            "best_epoch": 4,
            "total_epochs": 10,
            "training_duration": 40.653348,
            "test_loss": 1.7952141927767404,
            "test_acc": 76.16
        },
        "weight_analysis": {
            "network.linear_0.raw_weight": {
                "mean": 0.009740558452904224,
                "std": 0.05194271355867386,
                "min": -0.1394554078578949,
                "max": 0.23028601706027985,
                "norm": 33.48265838623047,
                "sparsity": 0.0,
                "has_negative": true,
                "percent_negative": 47.244449615478516,
                "shape": [
                    512,
                    784
                ],
                "num_params": 401408
            },
            "network.linear_1.raw_weight": {
                "mean": 0.001812425092794001,
                "std": 0.05764587223529816,
                "min": -0.10683371126651764,
                "max": 0.22512969374656677,
                "norm": 20.8802547454834,
                "sparsity": 0.0,
                "has_negative": true,
                "percent_negative": 51.653289794921875,
                "shape": [
                    256,
                    512
                ],
                "num_params": 131072
            },
            "network.linear_2.raw_weight": {
                "mean": -0.0020562228746712208,
                "std": 0.07519430667161942,
                "min": -0.12499754130840302,
                "max": 0.27653267979621887,
                "norm": 13.616499900817871,
                "sparsity": 0.0,
                "has_negative": true,
                "percent_negative": 53.2318115234375,
                "shape": [
                    128,
                    256
                ],
                "num_params": 32768
            },
            "network.linear_3.raw_weight": {
                "mean": -0.028725797310471535,
                "std": 0.09667019546031952,
                "min": -0.2083054631948471,
                "max": 0.3128982484340668,
                "norm": 3.606748104095459,
                "sparsity": 0.0,
                "has_negative": true,
                "percent_negative": 51.5625,
                "shape": [
                    10,
                    128
                ],
                "num_params": 1280
            }
        },
        "activation_analysis": {
            "pre_activation:network.linear_0_preact": {
                "avg_means": -0.22184170275292497,
                "std_means": 0.00683128253531562,
                "avg_stds": 0.1745480644576093,
                "std_stds": 0.004612460550469319,
                "avg_sparsity": 0.0,
                "std_sparsity": 0.0,
                "avg_mins": -0.4241921495884023,
                "std_mins": 7.061536699708269e-06,
                "avg_maxs": 2.676437555475438,
                "std_maxs": 0.08237390020414054,
                "avg_sum": -14499.73753324468
            },
            "post_activation:network.activation_0_postact": {
                "avg_means": 0.0019531249950461565,
                "std_means": 2.3498142862635845e-11,
                "avg_stds": 0.03491606983415624,
                "std_stds": 0.0006017046298832934,
                "avg_sparsity": 0.9944930609236372,
                "std_sparsity": 0.00023113745202977295,
                "avg_mins": 0.0,
                "std_mins": 0.0,
                "avg_maxs": 1.0,
                "std_maxs": 0.0,
                "avg_sum": 127.65957414343002
            },
            "pre_activation:network.linear_1_preact": {
                "avg_means": 0.00390418267194578,
                "std_means": 3.0498846067548945e-06,
                "avg_stds": 0.04928950370943293,
                "std_stds": 0.0008501551636473402,
                "avg_sparsity": 0.0,
                "std_sparsity": 0.0,
                "avg_mins": 5.2929214011547426e-14,
                "std_mins": 1.709535255191197e-14,
                "avg_maxs": 0.9999990006710621,
                "std_maxs": 3.9541316072798945e-07,
                "avg_sum": 127.59182187344166
            },
            "post_activation:network.activation_1_postact": {
                "avg_means": 0.0039062499653230954,
                "std_means": 1.2688030107210072e-10,
                "avg_stds": 0.049289447592293964,
                "std_stds": 0.0008501530637666564,
                "avg_sparsity": 0.9426696224415556,
                "std_sparsity": 0.006437990974431275,
                "avg_mins": 0.0,
                "std_mins": 0.0,
                "avg_maxs": 0.9999967496445838,
                "std_maxs": 4.2144177281476424e-07,
                "avg_sum": 127.6595733317923
            },