{
    "train_loss": [
        2.3025610949755846,
        2.3019468151562585,
        2.2975840721085175,
        2.2829884878267044,
        2.264071466233493,
        2.241109806214464,
        2.215780240099577,
        2.1892048510329984,
        2.164782104898968,
        2.1446630457566247,
        2.124685030977873,
        2.107745950820887,
        2.0971201872938616,
        2.089937582965146,
        2.0845804429167254,
        2.0802455372154993,
        2.076703838827486,
        2.073644209812038,
        2.071116046882919,
        2.068975247478033,
        2.067123601221925,
        2.065410620228374,
        2.063855588718613,
        2.0625083774186987,
        2.0613972739585766,
        2.06032130221055,
        2.0593729171707733,
        2.058476236194231,
        2.0576778181356277,
        2.0569707556358447,
        2.05629981637566,
        2.0557131620379985,
        2.055161022461986,
        2.0546516411677356,
        2.0541533423826026,
        2.053707002463499,
        2.0532720379919804,
        2.0529232013847025,
        2.0525985967491476,
        2.052283977445268,
        2.0519569394712764,
        2.0516451619812663,
        2.0514137066936042,
        2.051119931783721,
        2.050887205589439,
        2.0506805438565983,
        2.0504507171034247,
        2.0502209940227853,
        2.050050373608467,
        2.0498622458128004
    ],
    "train_acc": [
        30.54259259259259,
        26.946296296296296,
        27.30925925925926,
        27.15740740740741,
        30.62962962962963,
        39.45925925925926,
        38.42037037037037,
        36.964814814814815,
        40.84074074074074,
        40.27777777777778,
        42.09814814814815,
        43.425925925925924,
        44.772222222222226,
        45.50555555555555,
        45.63333333333333,
        45.80925925925926,
        45.95740740740741,
        46.09814814814815,
        46.605555555555554,
        46.30925925925926,
        46.157407407407405,
        46.21851851851852,
        46.0,
        45.57222222222222,
        46.431481481481484,
        45.72222222222222,
        45.82962962962963,
        46.342592592592595,
        46.08518518518518,
        45.407407407407405,
        45.55925925925926,
        45.56481481481482,
        45.55185185185185,
        45.635185185185186,
        45.72222222222222,
        45.56111111111111,
        45.657407407407405,
        45.75,
        45.772222222222226,
        45.9,
        45.72592592592593,
        45.762962962962966,
        45.675925925925924,
        46.14259259259259,
        46.22037037037037,
        46.233333333333334,
        46.21666666666667,
        49.41111111111111,
        52.512962962962966,
        52.75370370370371
    ],
    "val_loss": [
        2.3024858464585973,
        2.301011526838262,
        2.2926468950636845,
        2.274354579600882,
        2.2553329569228153,
        2.231105926189017,
        2.205801344932394,
        2.178906425516656,
        2.1572879273840724,
        2.1371115167090236,
        2.1168304808596345,
        2.1026882567304246,
        2.094248056411743,
        2.088030566560461,
        2.083176962872769,
        2.0789272227185838,
        2.075661299076486,
        2.072743704978456,
        2.070332927906767,
        2.0682571898115443,
        2.066344200296605,
        2.064585934294031,
        2.0632522461262157,
        2.0619499886289554,
        2.060741536160733,
        2.0596773878056953,
        2.0588098485419093,
        2.057936277795345,
        2.0571077935239104,
        2.056515683519079,
        2.0558630354860994,
        2.0552123911837312,
        2.0546833809385907,
        2.054226261504153,
        2.053756708794452,
        2.0533962300483215,
        2.053021451260181,
        2.052645485451881,
        2.0523030554994626,
        2.0519851928061628,
        2.051771209595051,
        2.051456218070172,
        2.0512163385431816,
        2.0511264040115034,
        2.0509182595192117,
        2.0506338515180222,
        2.0503617246100245,
        2.050298695868634,
        2.0501188572416913,
        2.049905203758402
    ],
    "val_acc": [
        30.616666666666667,
        26.816666666666666,
        26.566666666666666,
        27.166666666666668,
        37.61666666666667,
        38.083333333333336,
        37.0,
        37.78333333333333,
        38.766666666666666,
        39.733333333333334,
        41.93333333333333,
        42.766666666666666,
        52.333333333333336,
        44.4,
        44.483333333333334,
        53.31666666666667,
        45.016666666666666,
        45.15,
        45.016666666666666,
        45.18333333333333,
        45.266666666666666,
        45.4,
        45.93333333333333,
        45.916666666666664,
        45.3,
        45.916666666666664,
        45.61666666666667,
        45.61666666666667,
        45.18333333333333,
        45.43333333333333,
        45.166666666666664,
        45.28333333333333,
        45.31666666666667,
        45.61666666666667,
        45.3,
        45.266666666666666,
        45.666666666666664,
        45.333333333333336,
        45.45,
        45.516666666666666,
        45.56666666666667,
        45.583333333333336,
        46.1,
        46.06666666666667,
        46.11666666666667,
        46.05,
        46.016666666666666,
        45.6,
        53.45,
        53.45
    ],
    "test_loss": 2.0528662868692904,
    "test_acc": 53.51,
    "metadata": {
        "timestamp": "2025-02-21T16:49:41.215340",
        "run_name": "0221164941_BaseMLP_PowerNormalization_forward-agent",
        "model_config": {
            "class_name": "BaseMLP",
            "input_dim": 784,
            "hidden_dims": [
                512
            ],
            "output_dim": 10,
            "activation_type": "PowerNormalization",
            "dropout_prob": 0.0,
            "store_activations": true,
            "num_parameters": 406528,
            "num_trainable_parameters": 406528
        },
        "training_config": {
            "batch_size": 128,
            "learning_rate": 0.001,
            "optimizer": {
                "class_name": "Adam",
                "parameters": null
            },
            "criterion": "CrossEntropyLoss",
            "device": "cpu"
        },
        "dataset_info": {
            "name": "MNIST",
            "train_size": 54000,
            "val_size": 6000,
            "test_size": 10000,
            "input_shape": [
                1,
                28,
                28
            ],
            "num_classes": 10
        },
        "system_info": {
            "python_version": "3.12.6 (main, Sep  6 2024, 19:03:47) [Clang 15.0.0 (clang-1500.3.9.4)]",
            "pytorch_version": "2.6.0",
            "cuda_available": false,
            "cuda_version": null,
            "platform": "macOS-15.1-arm64-arm-64bit",
            "cpu_count": "arm64",
            "processor": "arm"
        },
        "git_info": {
            "commit_hash": "a3b0a5e3f94443cb345268bf1f25446ff58657b8",
            "branch": "main",
            "is_dirty": true
        },
        "tags": [
            "stochastic_layers_1",
            "activation_PowerNormalization_layer_temperature_1.0"
        ],
        "final_metrics": {
            "best_val_loss": 2.049905203758402,
            "best_val_acc": 53.45,
            "best_epoch": 49,
            "total_epochs": 50,
            "training_duration": 122.084365,
            "test_loss": 2.0528662868692904,
            "test_acc": 53.51
        },
        "weight_analysis": {
            "network.linear_0.raw_weight": {
                "mean": 0.15767398476600647,
                "std": 0.9174791574478149,
                "min": -9.994552612304688,
                "max": 6.115837097167969,
                "norm": 589.80419921875,
                "sparsity": 0.0
            },
            "network.linear_1.raw_weight": {
                "mean": -5.857274055480957,