{
    "hyperparameters": {
        "harmonic": false,
        "n": null,
        "temperature": 0.01,
        "hidden_dim": 100,
        "epochs": 1000,
        "patience": 10,
        "min_delta": 0.0001,
        "batch_size": 64,
        "learning_rate": 0.001,
        "subfolder": "softmax_ReLU",
        "run_name": null
    },
    "training_history": {
        "epoch_losses": [
            1.7875766515223457,
            1.1312171210612316,
            0.9081000898565564,
            0.8051975731974217,
            0.7818086972114628,
            0.7540550657363334,
            0.7435597451066157,
            0.7418929440126236,
            0.731232025380582,
            0.7278709291522183,
            0.7200558936036726,
            0.7211151869693545,
            0.7138154238843715,
            0.7136188012514033,
            0.7147345347508692,
            0.6964928282857704,
            0.7034999212222313,
            0.7125898699071616,
            0.7096993078999936,
            0.6924749608995564,
            0.6980021276644298,
            0.6908419155426371,
            0.6941733721540426,
            0.7049301620930243,
            0.6918204748300093,
            0.6945600733319833,
            0.677574898864923,
            0.6752428457236239,
            0.6739308376873988,
            0.6793818247280141,
            0.680993377685801,
            0.6784935592016431,
            0.6764975360461644,
            0.6863772156777412,
            0.6783575865187879,
            0.6694619938699421,
            0.6733064261644379,
            0.6552416200894536,
            0.6638869256225984,
            0.6690197226081067,
            0.6764610795451126,
            0.6742531594627702,
            0.6671190403227104,
            0.6679314733314108,
            0.6633733461406439,
            0.6628437924232564,
            0.6560429313035407,
            0.6548420209556755,
            0.6501757570230631,
            0.6629279372788696,
            0.6704415904878299,
            0.6696005362246845,
            0.6489273998846632,
            0.6487210346882277,
            0.6610918580723215,
            0.6666728780467881,
            0.6475758035299874,
            0.6467240678984473,
            0.6574554577755776,
            0.6554157918513711,
            0.651818892944342,
            0.6494784474944764,
            0.6408515155696666,
            0.6493760184057231,
            0.6478475244886586,
            0.6649732042286696,
            0.644104330556225,
            0.6501541276857543,
            0.6502393692223503,
            0.6453919675050259,
            0.6531718371392313,
            0.6457085680923482,
            0.6459733252205065
        ],
        "early_stop_epoch": 72,
        "best_epoch": 62,
        "best_loss": 0.6408515155696666,
        "final_test_loss": 0.6710880041122437,
        "final_test_accuracy": 73.58
    },
    "timestamps": {
        "start_time": "2025-02-18 12:20:17",
        "end_time": "2025-02-18 12:21:48",
        "training_duration": "0:01:31"
    }
}