{
    "hyperparameters": {
        "harmonic": false,
        "n": null,
        "temperature": 0.02,
        "hidden_dim": 100,
        "epochs": 1000,
        "patience": 10,
        "min_delta": 0.0001,
        "batch_size": 64,
        "learning_rate": 0.001,
        "subfolder": "softmax_ReLU",
        "run_name": null
    },
    "training_history": {
        "epoch_losses": [
            1.719618455433388,
            0.9934395111318844,
            0.7256062122613891,
            0.6312582060408745,
            0.5982735848375983,
            0.5692549306573644,
            0.5576789642829122,
            0.5542620932306054,
            0.5402123390166744,
            0.5372861394686486,
            0.5379203823742582,
            0.5175455600213903,
            0.5240978766034152,
            0.49568938003229435,
            0.4558569450876606,
            0.4341949432341656,
            0.42352814430684677,
            0.4120886048862039,
            0.4105160336838221,
            0.40594517057543117,
            0.4031321922583239,
            0.392850857911143,
            0.3872752816501711,
            0.3820191067037806,
            0.37099433305071616,
            0.3736441624460063,
            0.370855199272381,
            0.3715979899249987,
            0.362105677662882,
            0.36548618783256903,
            0.3588526982393092,
            0.36688940367226536,
            0.3641553686054022,
            0.3612953103951681,
            0.3700602351507144,
            0.3527269463565177,
            0.3497286625246186,
            0.3524518377983621,
            0.35081925584690404,
            0.35409154902214307,
            0.34937760329195683,
            0.34019934930908147,
            0.3482902018841841,
            0.35450780892105244,
            0.343896236572502,
            0.34590695547396694,
            0.3326590331728016,
            0.3385703739112438,
            0.3308932921652601,
            0.3287928740678629,
            0.33883866091876397,
            0.33179535667525173,
            0.33018512439642,
            0.32864348672187405,
            0.33559680658616997,
            0.3217089759356686,
            0.32760340470606203,
            0.3242634434157661,
            0.33211796437261076,
            0.323445085634682,
            0.3170448498113323,
            0.33018548918891943,
            0.3197617001895076,
            0.32695529238978177,
            0.32051098490876556,
            0.3217606748352999,
            0.31366714274784774,
            0.31739451847414474,
            0.31828073092075043,
            0.3095633792621431,
            0.3167336335910091,
            0.311105296905361,
            0.3168066998185125,
            0.30865558321033715,
            0.3091268070510773,
            0.3032339332240032,
            0.3101104802525501,
            0.32196365054974807,
            0.3087207550750867,
            0.31336128549662223,
            0.30748285589489477,
            0.31505084959174523,
            0.3081238805127741,
            0.3141603428783066,
            0.3104476685335895,
            0.30955225307502343
        ],
        "early_stop_epoch": 85,
        "best_epoch": 75,
        "best_loss": 0.3032339332240032,
        "final_test_loss": 0.3324438199400902,
        "final_test_accuracy": 93.42
    },
    "timestamps": {
        "start_time": "2025-02-18 12:21:56",
        "end_time": "2025-02-18 12:23:43",
        "training_duration": "0:01:47"
    }
}