{
    "hyperparameters": {
        "harmonic": false,
        "n": null,
        "temperature": 0.03,
        "hidden_dim": 100,
        "epochs": 1000,
        "patience": 10,
        "min_delta": 0.0001,
        "batch_size": 64,
        "learning_rate": 0.001,
        "subfolder": "softmax_ReLU",
        "run_name": null
    },
    "training_history": {
        "epoch_losses": [
            1.690625321636322,
            0.9556414467185291,
            0.6962762351102157,
            0.6087314175453775,
            0.5733255364461494,
            0.5455492950801147,
            0.5339586576387318,
            0.5293397231301519,
            0.5234434185728335,
            0.519099588905062,
            0.5191923122702122,
            0.5161077492812803,
            0.5102159495451557,
            0.5023725792479667,
            0.5059483107060258,
            0.49964670149057405,
            0.5052150303779889,
            0.4902776253661876,
            0.49542337914964535,
            0.4938348898056474,
            0.4923750038848503,
            0.480571714069035,
            0.48066467402586294,
            0.4797161237549172,
            0.48235089779853313,
            0.4716716235253348,
            0.44589895212542274,
            0.3964730143340539,
            0.38556766672842285,
            0.3668093714537397,
            0.3702239147476804,
            0.36685432188673567,
            0.35339161756037396,
            0.3559370809065889,
            0.35594809693949564,
            0.3540717091546384,
            0.34546091162097226,
            0.3411596676529343,
            0.33707855305850887,
            0.33544152699458574,
            0.3393975728030589,
            0.33335611972012624,
            0.33368548522911856,
            0.3281355671354258,
            0.3297691574371827,
            0.33378122823197703,
            0.33440712109001586,
            0.32633176519037055,
            0.3290293272743538,
            0.32364523088309305,
            0.31807065917167077,
            0.32013927684076177,
            0.31325477326332507,
            0.3280729449062205,
            0.32120511494179776,
            0.3147632941476572,
            0.31605443771459907,
            0.32336568540490385,
            0.313804637537455,
            0.3162911085129928,
            0.3167306855916659,
            0.3092913756182771,
            0.3069242893545422,
            0.31369408610850763,
            0.3107662629931847,
            0.3104345501303228,
            0.31166433623588796,
            0.30427260288218066,
            0.3059058602589534,
            0.3085423351676543,
            0.3094199066048365,
            0.3074115813731639,
            0.30763220169079075,
            0.3065532598334716,
            0.3023578711092345,
            0.30300738343965017,
            0.2986039774401038,
            0.3023609737200396,
            0.2981387544780779,
            0.30572124737809336,
            0.2981223333785847,
            0.29876601932717284,
            0.2920293753573508,
            0.29731935039083207,
            0.2997224517524052,
            0.29484573578132367,
            0.29529472386468447,
            0.28786184005677573,
            0.2873510833440432,
            0.28991309247180214,
            0.2877207836672378,
            0.2911685286983371,
            0.29212405259754737,
            0.28976212346207486,
            0.2825351822763872,
            0.284768801504202,
            0.2803900197132437,
            0.29235827601524683,
            0.28061508795202794,
            0.2812226182981722,
            0.28966895788351993,
            0.2812162514712447,
            0.27718980143319316,
            0.2898101951164414,
            0.2803749237249274,
            0.28074924744316127,
            0.27974922206800884,
            0.28411869183262145,
            0.2716134656697258,
            0.2742801711860814,
            0.28548519363773783,
            0.28128809763043167,
            0.2728660651989011,
            0.2696538838123017,
            0.2724515682876682,
            0.276788898217462,
            0.2737866979775462,
            0.2806656552649447,
            0.27275436389039576,
            0.27487592272031536,
            0.2721225248891979,
            0.2646489548665692,
            0.27911890016149865,
            0.2711144455436514,
            0.27188275488359587,
            0.2779397209728959,
            0.2716207919535098,
            0.26373552104462183,
            0.271779009357476,
            0.26834375290140544,
            0.2679610672607414,
            0.2648148466306709,
            0.26402234739220853,
            0.27012839673488126,
            0.25894658375920643,
            0.2655256151843236,
            0.2669001891692755,
            0.2700492151574031,
            0.2656108545087802,
            0.2636554026598933,
            0.26940625734420726,
            0.2700695208212269,
            0.26212326314117607,
            0.2679469146604922,
            0.2701093995177161
        ],
        "early_stop_epoch": 144,
        "best_epoch": 134,
        "best_loss": 0.25894658375920643,
        "final_test_loss": 0.3196311444044113,
        "final_test_accuracy": 94.01
    },
    "timestamps": {
        "start_time": "2025-02-18 12:23:51",
        "end_time": "2025-02-18 12:26:49",
        "training_duration": "0:02:58"
    }
}