{
    "hyperparameters": {
        "harmonic": false,
        "n": null,
        "temperature": 0.02,
        "hidden_dim": 100,
        "epochs": 1000,
        "patience": 10,
        "min_delta": 0.0001,
        "batch_size": 64,
        "learning_rate": 0.001,
        "subfolder": "softmax_ReLU",
        "run_name": null,
        "ReLU": false,
        "softmax": true
    },
    "training_history": {
        "epoch_losses": [
            1.7396505195448901,
            1.0259170129990527,
            0.7660437197700493,
            0.6654260502314009,
            0.6260887733908859,
            0.6013910221869249,
            0.5952988646781521,
            0.5805204766772704,
            0.5731819487139106,
            0.5698907414097776,
            0.5669979717749268,
            0.5481228913261946,
            0.5565806578026652,
            0.545361027629899,
            0.5450871510546345,
            0.5474795758374719,
            0.5397462609575502,
            0.5289871120599033,
            0.5338513251624382,
            0.5304046569030676,
            0.5350197093414345,
            0.5287693449651508,
            0.5373562582647369,
            0.5302623473663828,
            0.5255609684820368,
            0.5179848419164798,
            0.5202563441257233,
            0.52272861326999,
            0.517166447331275,
            0.5227308410571329,
            0.5188496499173423,
            0.5097612825347416,
            0.5137826527582049,
            0.5127352897578211,
            0.5060008774275211,
            0.5110844823756198,
            0.505220806103017,
            0.5079593888160262,
            0.49649937211005674,
            0.508275679926247,
            0.5126429327102359,
            0.5058979480060687,
            0.4951394075936854,
            0.500445284235325,
            0.4964511947178129,
            0.5001887907701006,
            0.48537562174329374,
            0.4933909176985846,
            0.5035532259070543,
            0.48963776110077717,
            0.4857409624720433,
            0.4863187393812991,
            0.494169429786551,
            0.4941671444122979,
            0.49628454421374846,
            0.48657926592999684,
            0.48377191168921335,
            0.4782153290472051,
            0.4842574327771089,
            0.4858054735862624,
            0.4819075177822794,
            0.472482613472542,
            0.47105550427617293,
            0.48150518268092607,
            0.4757221964185934,
            0.4819451842480885,
            0.481635267355803,
            0.4799025878786787,
            0.4859314573757938,
            0.4845298669898688,
            0.4712719673604599,
            0.4797847378037886,
            0.4676157787505752,
            0.47234862993584514,
            0.47113419996141626,
            0.4724463843333442,
            0.47333843786833385,
            0.4668555921360628,
            0.47091317256249343,
            0.4701950175802845,
            0.4784256536632713,
            0.47233832813402227,
            0.4673719609787723,
            0.4655840828347562,
            0.4632417205204842,
            0.4640784069164984,
            0.46555825961487635,
            0.46797280909537253,
            0.46545828693012187,
            0.46184106093289246,
            0.45721700166397766,
            0.46198270188719986,
            0.4693687344506097,
            0.47226521901802215,
            0.46602058601277724,
            0.4662848270333398,
            0.46784556918402215,
            0.4622437279266335,
            0.461515563002019,
            0.45629132189539706,
            0.4644657013449333,
            0.4551948208226832,
            0.4521648418356869,
            0.4490874715165289,
            0.46381442367967,
            0.4584526930218821,
            0.47166678998897327,
            0.45815348893658187,
            0.45450545829941214,
            0.46048322536035385,
            0.45028950167553766,
            0.4653862301093429,
            0.4549036753266605,
            0.4567270328018711
        ],
        "early_stop_epoch": 113,
        "best_epoch": 103,
        "best_loss": 0.4490874715165289,
        "final_test_loss": 0.5289558380842209,
        "final_test_accuracy": 82.93
    },
    "timestamps": {
        "start_time": "2025-02-19 11:27:33",
        "end_time": "2025-02-19 11:30:07",
        "training_duration": "0:02:34"
    }
}