{
    "hyperparameters": {
        "harmonic": false,
        "n": null,
        "temperature": 0.05,
        "hidden_dim": 100,
        "epochs": 1000,
        "patience": 10,
        "min_delta": 0.0001,
        "batch_size": 64,
        "learning_rate": 0.001,
        "subfolder": "softmax_ReLU",
        "run_name": null
    },
    "training_history": {
        "epoch_losses": [
            1.7033885249705203,
            0.951597867362789,
            0.6725669708460379,
            0.5760158865627195,
            0.5313878809369957,
            0.5070733122670574,
            0.4971891913427981,
            0.48517020397793764,
            0.4754560873198357,
            0.46692430113615,
            0.46296378420487144,
            0.4607043260895113,
            0.45564837817317133,
            0.45721144326078866,
            0.4460329216108648,
            0.4460833167025784,
            0.4439650420456934,
            0.44115067195536484,
            0.4374304124509602,
            0.43437641733554383,
            0.42936799662517333,
            0.42808776965209927,
            0.4258366580933396,
            0.42467421827031604,
            0.4257330790892847,
            0.41675456158165486,
            0.39109004104633066,
            0.331320760982123,
            0.3131828346232107,
            0.30594868510008366,
            0.2986825565015202,
            0.2915217528647896,
            0.29024366238144544,
            0.28616634177278355,
            0.291978601604573,
            0.2865509902125101,
            0.2868989543604063,
            0.274211332491879,
            0.27045933747374173,
            0.2825773176290333,
            0.2764649128179942,
            0.27370141603465653,
            0.27363356649240195,
            0.27341235214189047,
            0.26719196584782623,
            0.2707136359645614,
            0.2619161386646505,
            0.2695277060614402,
            0.26714986427299886,
            0.264006844918325,
            0.2605547837055187,
            0.2589116310442625,
            0.2573958123956662,
            0.2585042252509134,
            0.2548204669391296,
            0.2548697831542062,
            0.2546016427793546,
            0.2499995818103491,
            0.25410535071752094,
            0.24944907999130836,
            0.24855637751710313,
            0.24404844738987844,
            0.2466209806136485,
            0.24295660358136778,
            0.24624634523397443,
            0.2442716151229672,
            0.25218932681691164,
            0.24699938673772284,
            0.24218531551439243,
            0.24550016474590372,
            0.24511207359781398,
            0.2430675950790964,
            0.2402453920535886,
            0.24015671967157423,
            0.24034888657536715,
            0.23849675311113216,
            0.23935855075176846,
            0.2388757082667432,
            0.24501888074679798,
            0.24103244695105533,
            0.23685275598057806,
            0.23738247508814594,
            0.23722439107578447,
            0.23769616810227634,
            0.23628961413638042,
            0.23736304296518185,
            0.23470349184898678,
            0.23577317579992926,
            0.23921416759459194,
            0.23425037208110538,
            0.2412998169493764,
            0.23327638734298856,
            0.23132408923034603,
            0.23204162409469517,
            0.23205163977595408,
            0.23681559333446692,
            0.23266179320702293,
            0.23073495412146106,
            0.2277409286657249,
            0.23731325692665983,
            0.22776387292724937,
            0.22710103959417038,
            0.22737667205602502,
            0.22543960286657821,
            0.228861795833656,
            0.22613897449823459,
            0.23083773796269888,
            0.2281047417514169,
            0.21922455532655025,
            0.22616511305321507,
            0.22615173570851463,
            0.23136902128312506,
            0.2247739365098001,
            0.2300040671772667,
            0.23061917827073444,
            0.22238146551827123,
            0.2217295393625747,
            0.21419333124449894,
            0.2215790331764802,
            0.22479940320986674,
            0.2301840339856806,
            0.2218407494967172,
            0.22128497069276598,
            0.22422598741614996,
            0.21868435140333767,
            0.22300987929772975,
            0.22252169625162443,
            0.22012214896394244
        ],
        "early_stop_epoch": 127,
        "best_epoch": 117,
        "best_loss": 0.21419333124449894,
        "final_test_loss": 0.30242298245429994,
        "final_test_accuracy": 94.1
    },
    "timestamps": {
        "start_time": "2025-02-18 12:17:22",
        "end_time": "2025-02-18 12:20:08",
        "training_duration": "0:02:46"
    }
}