{
    "hyperparameters": {
        "harmonic": false,
        "n": null,
        "temperature": 1.0,
        "hidden_dim": 100,
        "epochs": 1000,
        "patience": 10,
        "min_delta": 0.0001,
        "batch_size": 64,
        "learning_rate": 0.001,
        "subfolder": "softmax_ReLU",
        "run_name": null
    },
    "training_history": {
        "epoch_losses": [
            1.6221840657405,
            0.910461155717561,
            0.6668645484424603,
            0.5641076217200964,
            0.5009925858870244,
            0.44482752423423694,
            0.3911653765197248,
            0.3368650827485361,
            0.2972799883817813,
            0.27217310911683895,
            0.2525864963306547,
            0.23705792596249947,
            0.22224152111994433,
            0.21067850480773556,
            0.20010003252927935,
            0.18979416481022643,
            0.18072299835985023,
            0.17117047648646558,
            0.16334026528081533,
            0.155647156589321,
            0.14844593835641134,
            0.1423298447633158,
            0.13718645322496004,
            0.13312658998193835,
            0.1284316130546428,
            0.12459244055431216,
            0.12147641716513044,
            0.11795022958683084,
            0.11543268131028646,
            0.11232778384709663,
            0.11006004874632239,
            0.1084904444616423,
            0.10554088819136562,
            0.10402569153419594,
            0.10148521547795518,
            0.09960192212783324,
            0.0980186525321226,
            0.09654873372293882,
            0.09445643840508579,
            0.09383815397937367,
            0.09192388967724084,
            0.0906982277668933,
            0.08913079873402553,
            0.08719456533212334,
            0.08658490374164064,
            0.08565095541373229,
            0.08403056118883558,
            0.08256773040222842,
            0.0815534413115048,
            0.08014670785850109,
            0.0789159588795751,
            0.0784674812796345,
            0.07698471961257014,
            0.07562978913250969,
            0.0738861180806179,
            0.07367904758307217,
            0.07263243370163225,
            0.07109082245609478,
            0.07086867871565192,
            0.07006207396085662,
            0.06885545631584677,
            0.06840777778024994,
            0.06797177601071484,
            0.06650676117983581,
            0.06664290539731682,
            0.06528282863373902,
            0.06423893079572697,
            0.064277976488214,
            0.06369430326801072,
            0.06279538720369593,
            0.06195542627403429,
            0.06113052257532274,
            0.0604954259015862,
            0.059793591508760985,
            0.059029973436718876,
            0.05887677607489929,
            0.058452932031523346,
            0.057177037143631024,
            0.05691316529318118,
            0.05591266122269335,
            0.05577699704540532,
            0.05449479324906977,
            0.053604517960603205,
            0.05377367666678261,
            0.05368335284332413,
            0.05276003806218346,
            0.05197208755607925,
            0.05157384409882954,
            0.050676130362029774,
            0.050850780656201834,
            0.04929790173201506,
            0.04876153761677857,
            0.04917102094306779,
            0.04865260891217206,
            0.04774389153635348,
            0.0472369452653977,
            0.04684031875416843,
            0.04691693010250492,
            0.0456486073352877,
            0.04551497607036178,
            0.04533006341210497,
            0.044782613944967214,
            0.043905969468880694,
            0.04385758548362383,
            0.04369070509851757,
            0.04266304935642413,
            0.042677570647472685,
            0.04255281213069283,
            0.041382641050227875,
            0.041719291218941704,
            0.041141294748651414,
            0.04066923296506971,
            0.04046517667491664,
            0.040882322415491064,
            0.04014380851751571,
            0.03920780276251174,
            0.039669536035269626,
            0.039104771093656024,
            0.0388023678175132,
            0.038605339248041146,
            0.03762787564182039,
            0.038555693872737634,
            0.03734631244508204,
            0.03733288675401685,
            0.037209127989929244,
            0.036903123500625856,
            0.036874232644181465,
            0.036420574226081054,
            0.03626403456051419,
            0.035987589516486326,
            0.03538704379625531,
            0.0361072223418569,
            0.035108104969726314,
            0.03476396143741246,
            0.034871981692697,
            0.03475546109939872,
            0.03538289198590848,
            0.03468692908286929,
            0.033912699344306824,
            0.033912317404376544,
            0.03428975820391457,
            0.033808098565330354,
            0.033141939014669004,
            0.0337457594071785,
            0.03288144955182198,
            0.03275388971677046,
            0.0326401975992789,
            0.03251686013131928,
            0.03203676652206954,
            0.03165143138137279,
            0.03137184304223934,
            0.03171251168914401,
            0.031133073990467563,
            0.0313643091474908,
            0.03126067330669572,
            0.0302562927472284,
            0.030267788619642008,
            0.030375847186613233,
            0.030640369618255923,
            0.030060427959388826,
            0.029791118376188353,
            0.030075567681143788,
            0.029808692711426308,
            0.029581818337947416,
            0.028861051576752176,
            0.029771229447444467,
            0.02920182653814991,
            0.029462405482678415,
            0.028908329331494773,
            0.028926997697219126,
            0.028198859767183098,
            0.02857392492181838,
            0.028716933278829605,
            0.028291669479488874,
            0.02774005488039298,
            0.027761805952508756,
            0.027843270474039058,
            0.02775877522667552,
            0.027701358135510633,
            0.02747300699284213,
            0.02684294388007456,
            0.02674028744014091,
            0.026840346248652627,
            0.026839424424724322,
            0.02686520345915637,
            0.02612202936996406,
            0.026405336668661267,
            0.026020038448500513,
            0.02560670609520907,
            0.026404809191955057,
            0.02594836130698543,
            0.02544337274657606,
            0.025549472667954997,
            0.02521256590597153,
            0.024964030277900406,
            0.025339390366161462,
            0.02586914949354404,
            0.024745498392567126,
            0.025220423519089104,
            0.02474388134266649,
            0.02420853237635883,
            0.024355399428180723,
            0.024620132034158967,
            0.02441112386774637,
            0.02349750697165966,
            0.024667246667827086,
            0.024279050683892613,
            0.02360381222608537,
            0.024226808254899923,
            0.02403525890100366,
            0.02371156673981691,
            0.023722028472711012,
            0.023121480888097304,
            0.023680689727772337,
            0.023124248833397528,
            0.02261384532686128,
            0.024309176294359445,
            0.023074485297038802,
            0.022694049404312504,
            0.022764491192104896,
            0.023451082978714337,
            0.023221490479983897,
            0.022371687089229056,
            0.022835335439703525,
            0.022865020370146615,
            0.02275312190199259,
            0.02200246421753792,
            0.022639926296345064,
            0.022946200660069478,
