{
    "hyperparameters": {
        "harmonic": false,
        "n": null,
        "temperature": 0.04,
        "hidden_dim": 100,
        "epochs": 1000,
        "patience": 10,
        "min_delta": 0.0001,
        "batch_size": 64,
        "learning_rate": 0.001,
        "subfolder": "softmax_ReLU",
        "run_name": null
    },
    "training_history": {
        "epoch_losses": [
            1.664353248025817,
            0.9243539123774083,
            0.6655415079550449,
            0.5728006878895546,
            0.5281797661773686,
            0.5086201092105176,
            0.48558905708001876,
            0.4701754015995495,
            0.46170013301026847,
            0.44621948817613794,
            0.42383985091914245,
            0.4195458545391239,
            0.41173552179228523,
            0.3971499455556559,
            0.3893837300556174,
            0.38448068810932673,
            0.3779033681572373,
            0.3722427661643862,
            0.36133524843020987,
            0.35917962153456107,
            0.3531697726627784,
            0.3490446535493138,
            0.350491548405845,
            0.3404731206508524,
            0.34116464544699265,
            0.33745367174892665,
            0.33181756237613114,
            0.3336126829968142,
            0.32920204626439986,
            0.3290609054998167,
            0.3238686289924231,
            0.3186995724895234,
            0.3203733251181874,
            0.3159842408145033,
            0.31126976556885344,
            0.30952657757600993,
            0.31562288296121016,
            0.3096859467102648,
            0.3012061583827426,
            0.3084455224623812,
            0.30697222942434776,
            0.3072620704372936,
            0.30987373002763113,
            0.30035390212003993,
            0.3030337632051917,
            0.30035620695873616,
            0.3035399784077841,
            0.29551102040704885,
            0.287846522477231,
            0.28635268017792626,
            0.2826036809762912,
            0.28748739627537445,
            0.28776152991949877,
            0.2866825841581707,
            0.2800930200625203,
            0.2835414998535154,
            0.27450273696706495,
            0.27859316773410797,
            0.2724099870699682,
            0.2751538477925413,
            0.2726798260024489,
            0.27164529608701593,
            0.2667068378694022,
            0.2709525632086212,
            0.2748323831040023,
            0.2649631275217543,
            0.2683155631015042,
            0.26609284353694684,
            0.26253641484531637,
            0.27021634817393475,
            0.2674617927386435,
            0.26991613938022396,
            0.26649623504404957,
            0.26318574425524105,
            0.26684640994919007,
            0.26323062201727554,
            0.2627482292160932,
            0.26221481641567845,
            0.2639989156458678,
            0.2609674878863256,
            0.2569539676954561,
            0.2578883065558128,
            0.26112703747872607,
            0.25927729329972,
            0.25936013102722066,
            0.26239605282923817,
            0.26249496467204997,
            0.2553044475043125,
            0.2545130978753445,
            0.25562204280768885,
            0.25574575222806256,
            0.2587938931927498,
            0.25769778063048177,
            0.25226543504577964,
            0.2549020053703648,
            0.25475228108418013,
            0.256468319097784,
            0.2562566815194354,
            0.25503308762079363,
            0.2514389321160342,
            0.2543411644330538,
            0.2579250534746184,
            0.2555938012905911,
            0.25501872396974296,
            0.25243730254090035,
            0.24900867677589597,
            0.2531143679603267,
            0.25225108657786843,
            0.26085410889055427,
            0.2515410559097015,
            0.2599239061231107,
            0.24899631665586663,
            0.25096135974915296,
            0.24915239240314915,
            0.251819408703238,
            0.2534811352488837
        ],
        "early_stop_epoch": 115,
        "best_epoch": 105,
        "best_loss": 0.24900867677589597,
        "final_test_loss": 0.297668893635273,
        "final_test_accuracy": 94.41
    },
    "timestamps": {
        "start_time": "2025-02-18 12:26:59",
        "end_time": "2025-02-18 12:29:22",
        "training_duration": "0:02:23"
    }
}