{
    "hyperparameters": {
        "harmonic": false,
        "n": null,
        "temperature": 0.2,
        "hidden_dim": 100,
        "epochs": 1000,
        "patience": 10,
        "min_delta": 0.0001,
        "batch_size": 64,
        "learning_rate": 0.001,
        "subfolder": "softmax_ReLU",
        "run_name": null
    },
    "training_history": {
        "epoch_losses": [
            1.6117958395974215,
            0.7791944943638499,
            0.4708658386109226,
            0.35591028069954184,
            0.30492092496645984,
            0.2796502334397358,
            0.2623669652105458,
            0.24913344654177172,
            0.2364182712109104,
            0.2275248945259781,
            0.21604650962883348,
            0.21214701478153086,
            0.20376912037184688,
            0.19885691229516128,
            0.19249410089701097,
            0.1880329378576739,
            0.18356838464927572,
            0.17756303248684735,
            0.17419816286507636,
            0.17334751843381474,
            0.16761583125969368,
            0.163175550474128,
            0.16390904047286142,
            0.1608148840968924,
            0.15498243820772115,
            0.15174982130829331,
            0.15097591563114035,
            0.15067356670183985,
            0.14651438939784253,
            0.1434112661647231,
            0.14177517935053816,
            0.14055143887582205,
            0.14044577803220482,
            0.13771704223745668,
            0.13577496994441665,
            0.13260785851782478,
            0.13299183461314706,
            0.12974235934040534,
            0.12840103468736574,
            0.1290701623461934,
            0.12363563249034605,
            0.12556351651387937,
            0.12295545488675393,
            0.120559780424568,
            0.12058139413392652,
            0.1180615975870999,
            0.11739635778102539,
            0.11729561261880372,
            0.11508853715866296,
            0.11431226275388652,
            0.11013452904120183,
            0.11410444411240629,
            0.11278686691909584,
            0.11135534981071059,
            0.10813310059970979,
            0.10697320771060073,
            0.10821148282838369,
            0.10589714941066275,
            0.10573027896057409,
            0.1043716322904679,
            0.10250114367357385,
            0.10251625752680178,
            0.10240969290512043,
            0.10193775402012664,
            0.09938348685778471,
            0.09838020508942097,
            0.09785194236582626,
            0.09875248274060963,
            0.09534109791200648,
            0.09437266409571872,
            0.09414549450626347,
            0.09568162756100265,
            0.09016145210661518,
            0.09239794176890016,
            0.09408340221052484,
            0.09158783705571472,
            0.09045895096808196,
            0.08746200897641528,
            0.08854908902229848,
            0.08674907529535991,
            0.08713145468578633,
            0.08453929403534671,
            0.08552566385849802,
            0.08213032273921186,
            0.08320523750410279,
            0.08392489894823447,
            0.08520918545315165,
            0.08042805961597321,
            0.08064522407849682,
            0.08227451700967417,
            0.07985932286928045,
            0.08053614931560354,
            0.08095249699613354,
            0.08010174966911708,
            0.08035430741131004,
            0.07780018341151684,
            0.07571734878659518,
            0.0794991778849221,
            0.0766052106317919,
            0.07553055368439317,
            0.07574829505011836,
            0.07517633173735871,
            0.07913594605820154,
            0.0739523715499455,
            0.0737374387348869,
            0.07444558137489646,
            0.072460433059652,
            0.07326305163319288,
            0.07286085047747201,
            0.07345673052776756,
            0.07291163544533953,
            0.07398678918283727,
            0.07524491159040839,
            0.06811635190797752,
            0.07111633043817636,
            0.06944708393138053,
            0.07450155207841619,
            0.07024166129205797,
            0.07189617187940459,
            0.07121766372464661,
            0.06701183148018365,
            0.06931937205642938,
            0.0707618160206062,
            0.06766967848687967,
            0.07015611365514952,
            0.06980584699487778,
            0.07250559177529663,
            0.06972445222461766,
            0.06947770770212242,
            0.06709819058351504,
            0.06745473325435224
        ],
        "early_stop_epoch": 130,
        "best_epoch": 120,
        "best_loss": 0.06701183148018365,
        "final_test_loss": 0.22573057189583778,
        "final_test_accuracy": 95.37
    },
    "timestamps": {
        "start_time": "2025-02-18 12:09:18",
        "end_time": "2025-02-18 12:12:05",
        "training_duration": "0:02:47"
    }
}