{
    "hyperparameters": {
        "harmonic": false,
        "n": null,
        "temperature": 0.03,
        "hidden_dim": 100,
        "epochs": 1000,
        "patience": 10,
        "min_delta": 0.0001,
        "batch_size": 64,
        "learning_rate": 0.001,
        "subfolder": "softmax_ReLU",
        "run_name": null,
        "ReLU": false,
        "softmax": true
    },
    "training_history": {
        "epoch_losses": [
            1.7196200042645307,
            1.0673674678624565,
            0.8508996383340628,
            0.7731061633716005,
            0.7285381249908699,
            0.7080865668526082,
            0.6915507299114646,
            0.6808362817014458,
            0.6691570438619362,
            0.661234072244752,
            0.6513898158187805,
            0.6425767564443129,
            0.6296391138898284,
            0.6147006530560919,
            0.6096420114609733,
            0.6080181736554673,
            0.6093636618367136,
            0.5989051977200295,
            0.5966026895145363,
            0.5918129941484312,
            0.5988916709288351,
            0.5966056007057873,
            0.5892199036091376,
            0.5873439353920503,
            0.5821501800119241,
            0.5800809988589175,
            0.5865100739734259,
            0.5786245250498562,
            0.5695048473727728,
            0.5482626684280093,
            0.5084535043154444,
            0.496588041993982,
            0.48479372118391206,
            0.47362836664800706,
            0.4676845994934853,
            0.46273503713071473,
            0.4578719298277837,
            0.45218828612807466,
            0.4496290662458965,
            0.4505254035946657,
            0.4435822760054806,
            0.4413413980177471,
            0.4419203092262689,
            0.44164485124541497,
            0.4394581808940942,
            0.4396631138951285,
            0.4322896703664682,
            0.42625677930330164,
            0.43336749219818155,
            0.4312481270002912,
            0.4252253558431099,
            0.42243193306012955,
            0.42477405637597987,
            0.41242919967118613,
            0.4037949056195806,
            0.4097361627862906,
            0.3994232455947633,
            0.38634375229414336,
            0.3641380770628386,
            0.3525297100753037,
            0.36024741701352825,
            0.3412905361201527,
            0.3361861988989466,
            0.3386979337050907,
            0.3267722707281489,
            0.32464514888409995,
            0.32351085947536584,
            0.32364993123039765,
            0.3230321131972298,
            0.32146557173463325,
            0.320570244273143,
            0.3181651711567188,
            0.3165980593553548,
            0.314015451882249,
            0.31758663290218,
            0.3127366501027778,
            0.31640552622931345,
            0.31177140134912945,
            0.31098382827887405,
            0.31902127432178207,
            0.31570413815123693,
            0.30859215339935664,
            0.31242226892665254,
            0.3130129720570881,
            0.30726164957480645,
            0.3045989309292612,
            0.3078573550592099,
            0.3058936093717432,
            0.3147103163137682,
            0.30760545841952375,
            0.3096635809331052,
            0.3118673831796341,
            0.3040718524845869,
            0.30558910068354883,
            0.3044002383534334,
            0.30819107490434827,
            0.3003895081349337,
            0.3122116904189465,
            0.3046122939109421,
            0.3053835699163965,
            0.31095659460769154,
            0.30640559604983214,
            0.3083267578684381,
            0.3013707653744452,
            0.3024129016257362,
            0.3059446183619087,
            0.2949754269178043,
            0.30867141962194367,
            0.3015707260978692,
            0.296341943397705,
            0.3014048704190422,
            0.3019328966006033,
            0.29659486745498076,
            0.3021484502096738,
            0.29199719827360054,
            0.289464172369032,
            0.29162244256069536,
            0.29720577888730876,
            0.30084006658304474,
            0.29777460525840965,
            0.2920316950018917,
            0.28758141145840893,
            0.3001485195106217,
            0.29728383453352364,
            0.2959120140901443,
            0.2913217679865515,
            0.29281044141379503,
            0.2978577660138546,
            0.29325377173038686,
            0.2940535433391836,
            0.2897906714180576,
            0.2901523473348889
        ],
        "early_stop_epoch": 131,
        "best_epoch": 121,
        "best_loss": 0.28758141145840893,
        "final_test_loss": 0.33692138493061063,
        "final_test_accuracy": 93.62
    },
    "timestamps": {
        "start_time": "2025-02-18 17:06:51",
        "end_time": "2025-02-18 17:10:25",
        "training_duration": "0:03:34"
    }
}