{
    "train_loss": [
        2.301722880223351,
        2.297590925795207,
        2.2851306815847967,
        2.253158972726614,
        2.186304866420149,
        2.092571815043264,
        1.9900103587109896,
        1.9153019596615108,
        1.8742843171431556,
        1.8460647593742299,
        1.8310773208807996,
        1.8222307088250798,
        1.8162085967606278,
        1.811785124206995,
        1.808405269096248,
        1.805744674250978,
        1.803601683598559,
        1.801827630725517,
        1.800374238976935,
        1.7991405123782949,
        1.7981059246153628,
        1.79719936028476,
        1.7964309770349078,
        1.7957536775918934,
        1.7951917964700275,
        1.7946744815433195,
        1.794224930318046,
        1.793824983716576,
        1.7934879315972894,
        1.7931640221609324,
        1.7928714226772435,
        1.7926297168031122,
        1.7923941069869633,
        1.7921855280184633,
        1.7919894391891515,
        1.7918348659836285,
        1.791671300103879,
        1.7915425577434883,
        1.7914101981438733,
        1.791284367089023,
        1.7911784024600168,
        1.7910749595877118,
        1.7909690429814054,
        1.790884815686122,
        1.7907851185843844,
        1.7907103898965917,
        1.7906534827151004,
        1.7905766610850655,
        1.7904826510009042,
        1.79046831453016
    ],
    "train_acc": [
        81.47222222222223,
        85.97407407407407,
        84.85,
        81.03148148148148,
        75.17592592592592,
        71.11851851851851,
        69.2388888888889,
        68.60185185185185,
        69.67592592592592,
        70.74259259259259,
        71.14814814814815,
        71.32037037037037,
        71.4462962962963,
        71.57037037037037,
        71.60740740740741,
        71.57037037037037,
        71.68888888888888,
        71.7074074074074,
        71.74814814814815,
        71.7074074074074,
        71.81481481481481,
        71.83148148148148,
        71.86296296296297,
        71.87777777777778,
        71.89814814814815,
        71.89814814814815,
        71.92592592592592,
        71.93148148148148,
        71.92222222222222,
        71.92037037037036,
        71.95555555555555,
        71.91296296296296,
        71.93703703703704,
        71.93518518518519,
        71.91111111111111,
        71.90185185185184,
        71.87962962962963,
        71.88888888888889,
        71.88518518518518,
        71.86666666666666,
        71.83148148148148,
        71.84074074074074,
        71.85740740740741,
        71.83518518518518,
        71.83703703703704,
        71.7925925925926,
        71.77407407407408,
        71.78888888888889,
        71.72592592592592,
        71.75925925925925
    ],
    "val_loss": [
        2.3004163833374673,
        2.2933351892106075,
        2.2735350689989455,
        2.2242555364649346,
        2.1405147136525904,
        2.0406760205613805,
        1.9371525176027988,
        1.8870344669260877,
        1.8523368911540254,
        1.8321051064957963,
        1.8211812846204067,
        1.8140841874670475,
        1.8090395115791482,
        1.805175542831421,
        1.8021965077582827,
        1.799833594484532,
        1.7978745977929298,
        1.7962909531086049,
        1.7949671288754077,
        1.7938471068727209,
        1.792897642926967,
        1.7920836818979142,
        1.7913850013245927,
        1.7907853557708415,
        1.790243742313791,
        1.7897508778470628,
        1.7893154468942196,
        1.7889533195089786,
        1.7886499597671184,
        1.788357820916683,
        1.7881347980905087,
        1.7879050031621406,
        1.7877129646057779,
        1.7875200002751452,
        1.7873318804071305,
        1.7872180304628738,
        1.7870495471548526,
        1.7869343351810536,
        1.7868044503191685,
        1.7867144346237183,
        1.7866055940059906,
        1.7864986937096778,
        1.7863883718531182,
        1.7863134551555553,
        1.78627606655689,
        1.7862005893220292,
        1.7861681796134787,
        1.7860694007670626,
        1.7860111581518294,
        1.7859658002853394
    ],
    "val_acc": [
        86.96666666666667,
        86.23333333333333,
        85.01666666666667,
        78.98333333333333,
        74.35,
        71.23333333333333,
        69.1,
        69.68333333333334,
        71.01666666666667,
        71.66666666666667,
        71.96666666666667,
        71.95,
        72.0,
        72.06666666666666,
        72.16666666666667,
        72.33333333333333,
        72.31666666666666,
        72.45,
        72.31666666666666,
        72.36666666666666,
        72.33333333333333,
        72.25,
        72.23333333333333,
        72.2,
        72.36666666666666,
        72.25,
        72.26666666666667,
        72.18333333333334,
        72.21666666666667,
        72.2,
        72.2,
        72.23333333333333,
        72.16666666666667,
        72.25,
        72.33333333333333,
        72.21666666666667,
        72.21666666666667,
        72.23333333333333,
        72.23333333333333,
        72.16666666666667,
        72.25,
        72.2,
        72.11666666666666,
        72.06666666666666,
        72.1,
        72.03333333333333,
        72.1,
        72.0,
        72.06666666666666,
        72.05
    ],
    "test_loss": 1.783259824861454,
    "test_acc": 72.09,
    "metadata": {
        "timestamp": "2025-02-21T15:04:16.160750",
        "run_name": "0221150416_BaseMLP_SparseMax_crispy-varnish",
        "model_config": {
            "class_name": "BaseMLP",
            "input_dim": 784,
            "hidden_dims": [
                512
            ],
            "output_dim": 10,
            "activation_type": "SparseMax",
            "dropout_prob": 0.0,
            "store_activations": true,
            "num_parameters": 406528,
            "num_trainable_parameters": 406528
        },
        "training_config": {
            "batch_size": 128,
            "learning_rate": 0.001,
            "optimizer": {
                "class_name": "Adam",
                "parameters": null
            },
            "criterion": "CrossEntropyLoss",
            "device": "cpu"
        },
        "dataset_info": {
            "name": "MNIST",
            "train_size": 54000,
            "val_size": 6000,
            "test_size": 10000,
            "input_shape": [
                1,
                28,
                28
            ],
            "num_classes": 10
        },
        "system_info": {
            "python_version": "3.12.6 (main, Sep  6 2024, 19:03:47) [Clang 15.0.0 (clang-1500.3.9.4)]",
            "pytorch_version": "2.6.0",
            "cuda_available": false,
            "cuda_version": null,
            "platform": "macOS-15.1-arm64-arm-64bit",
            "cpu_count": "arm64",
            "processor": "arm"
        },
        "git_info": {
            "commit_hash": "e002b61e0f49ed24cde6d4c5b63a2d8ef535d0f8",
            "branch": "main",
            "is_dirty": true
        },
        "tags": [
            "stochastic_layers_1",
            "activation_SparseMax_layer_temperature_1.0"
        ],
        "final_metrics": {
            "best_val_loss": 1.7859658002853394,
            "best_val_acc": 86.96666666666667,
            "best_epoch": 49,
            "total_epochs": 50,
            "training_duration": 156.5881,
            "test_loss": 1.783259824861454,
            "test_acc": 72.09
        },
        "weight_analysis": {
            "network.linear_0.raw_weight": {
                "mean": -0.12318652868270874,
                "std": 0.9776219129562378,
                "min": -10.723808288574219,
                "max": 4.779979228973389,
                "norm": 624.2535400390625,
                "sparsity": 0.0
            },
            "network.linear_1.raw_weight": {
                "mean": -6.835209846496582,
                "std": 1.1264384984970093,