{
    "train_loss": [
        2.1674036711313147,
        1.8325173128837657,
        1.803691410905377,
        1.7995877522992862,
        1.7977267193003288,
        1.7967499265738573,
        1.7959800537728585,
        1.7953631804452688,
        1.7950640490269774,
        1.7947164934958326,
        1.7945152826218809,
        1.7942795951219532,
        1.7941666573144814,
        1.7941214690841205,
        1.793949980023913,
        1.7938661956674116,
        1.793812074367469,
        1.7937461005002966,
        1.7937151405483625,
        1.7936983820386407,
        1.793701477242872,
        1.7936466096136807,
        1.7935802478925877,
        1.7935658227210927,
        1.7935421430104153,
        1.7934941979946117,
        1.7935419523320493,
        1.793471514896194
    ],
    "train_acc": [
        79.71111111111111,
        76.46851851851852,
        77.02037037037037,
        76.88888888888889,
        76.9962962962963,
        76.91296296296296,
        76.92407407407407,
        76.94259259259259,
        76.90925925925926,
        76.91666666666667,
        76.97592592592592,
        76.99074074074075,
        77.06296296296296,
        77.08148148148148,
        76.98703703703704,
        77.07222222222222,
        76.90555555555555,
        76.89444444444445,
        76.95555555555555,
        76.91481481481482,
        76.92962962962963,
        76.91666666666667,
        76.8962962962963,
        76.91481481481482,
        77.01481481481481,
        76.93888888888888,
        76.94814814814815,
        76.95925925925926
    ],
    "val_loss": [
        1.9169632120335356,
        1.8085216917890183,
        1.8011931510681802,
        1.7987477601842676,
        1.7978373867400148,
        1.796527844794253,
        1.7959925291386056,
        1.7957588586401432,
        1.795259011552689,
        1.7955206099976884,
        1.7952293284395908,
        1.7952259449248618,
        1.7949242693312624,
        1.7946564517122634,
        1.79465111519428,
        1.7947735279164416,
        1.7946674138941663,
        1.7949897989313652,
        1.7946095212976982,
        1.7944425090830376,
        1.7947402812064963,
        1.7944535321377693,
        1.7943208851712815,
        1.7946588536526293,
        1.7946866598535092,
        1.794392760763777,
        1.7946426386528826,
        1.794859064386246
    ],
    "val_acc": [
        75.06666666666666,
        76.9,
        76.66666666666667,
        76.76666666666667,
        76.66666666666667,
        76.78333333333333,
        76.85,
        76.81666666666666,
        76.83333333333333,
        76.95,
        77.13333333333334,
        76.86666666666666,
        76.78333333333333,
        76.85,
        77.15,
        76.8,
        77.06666666666666,
        76.8,
        76.86666666666666,
        76.93333333333334,
        76.63333333333334,
        76.88333333333334,
        76.71666666666667,
        76.65,
        76.86666666666666,
        76.73333333333333,
        76.96666666666667,
        76.91666666666667
    ],
    "test_loss": 1.7883687396592731,
    "test_acc": 77.71,
    "metadata": {
        "timestamp": "2025-02-21T14:57:44.309881",
        "run_name": "0221145744_BaseMLP_SparseMax_fried-allegory",
        "model_config": {
            "class_name": "BaseMLP",
            "input_dim": 784,
            "hidden_dims": [
                512,
                256
            ],
            "output_dim": 10,
            "activation_type": "SparseMax",
            "dropout_prob": 0.0,
            "store_activations": true,
            "num_parameters": 535040,
            "num_trainable_parameters": 535040
        },
        "training_config": {
            "batch_size": 128,
            "learning_rate": 0.001,
            "optimizer": {
                "class_name": "Adam",
                "parameters": null
            },
            "criterion": "CrossEntropyLoss",
            "device": "cpu"
        },
        "dataset_info": {
            "name": "MNIST",
            "train_size": 54000,
            "val_size": 6000,
            "test_size": 10000,
            "input_shape": [
                1,
                28,
                28
            ],
            "num_classes": 10
        },
        "system_info": {
            "python_version": "3.12.6 (main, Sep  6 2024, 19:03:47) [Clang 15.0.0 (clang-1500.3.9.4)]",
            "pytorch_version": "2.6.0",
            "cuda_available": false,
            "cuda_version": null,
            "platform": "macOS-15.1-arm64-arm-64bit",
            "cpu_count": "arm64",
            "processor": "arm"
        },
        "git_info": {
            "commit_hash": "e002b61e0f49ed24cde6d4c5b63a2d8ef535d0f8",
            "branch": "main",
            "is_dirty": true
        },
        "tags": [
            "stochastic_layers_2",
            "activation_SparseMax_layer_temperature_0.1"
        ],
        "final_metrics": {
            "best_val_loss": 1.7943208851712815,
            "best_val_acc": 77.15,
            "best_epoch": 22,
            "total_epochs": 28,
            "training_duration": 108.754287,
            "test_loss": 1.7883687396592731,
            "test_acc": 77.71
        },
        "weight_analysis": {
            "network.linear_0.raw_weight": {
                "mean": -0.007218724582344294,
                "std": 0.14694328606128693,
                "min": -1.3905037641525269,
                "max": 0.6428951025009155,
                "norm": 93.20797729492188,
                "sparsity": 0.0
            },
            "network.linear_1.raw_weight": {
                "mean": -0.09153950959444046,
                "std": 0.22377830743789673,
                "min": -0.9816826581954956,
                "max": 1.5731648206710815,
                "norm": 87.5322265625,
                "sparsity": 0.0
            },
            "network.linear_2.raw_weight": {
                "mean": -0.5437057614326477,
                "std": 0.2210998833179474,
                "min": -0.8450708389282227,
                "max": 1.7748357057571411,
                "norm": 29.69636344909668,
                "sparsity": 0.0
            }
        },
        "activation_analysis": {
            "network.linear_0": {
                "avg_means": -0.02930115973775057,
                "std_means": 0.010109474971326173,
                "avg_stds": 0.1744375317654711,
                "std_stds": 0.006329024415214635,
                "avg_sparsity": 0.0,
                "std_sparsity": 0.0
            },
            "network.linear_1": {
                "avg_means": 0.003900608681934945,
                "std_means": 2.0862783317972136e-05,
                "avg_stds": 0.04928119123933163,
                "std_stds": 0.0009971352426590327,
                "avg_sparsity": 0.0,
                "std_sparsity": 0.0
            },
            "network.linear_2": {
                "avg_means": 0.09932534761251287,
                "std_means": 0.0004966102200668069,
                "avg_stds": 0.22938126293902703,
                "std_stds": 0.005411808495247128,
                "avg_sparsity": 0.0,
                "std_sparsity": 0.0
            }
        }
    }
}