{
    "train_loss": [
        1.6912996494939543,
        1.6272650304563803,
        1.6156650343777443,
        1.6107056338640187,
        1.608635929523486,
        1.6071701727772212,
        1.6042642870220527,
        1.6042012634435536,
        1.6044612913900078,
        1.602734545678324,
        1.6007944724006111,
        1.6011922449862221,
        1.6006754526594804,
        1.5989902770914737,
        1.5995872616767883,
        1.5977964409719712,
        1.5985344563615265,
        1.5992728556501923,
        1.5971038861297318,
        1.5973870050850638,
        1.5995977131111363
    ],
    "train_acc": [
        78.62962962962963,
        83.37962962962963,
        84.50185185185185,
        84.92777777777778,
        85.1962962962963,
        85.41111111111111,
        85.67037037037036,
        85.66296296296296,
        85.66296296296296,
        85.82407407407408,
        85.97962962962963,
        86.01296296296296,
        85.98148148148148,
        86.17037037037036,
        86.0962962962963,
        86.39074074074074,
        86.21666666666667,
        86.11666666666666,
        86.37592592592593,
        86.38518518518518,
        86.09074074074074
    ],
    "val_loss": [
        1.6402841223047135,
        1.6222324624974678,
        1.622114011581908,
        1.619243086652553,
        1.6227752781928855,
        1.6147794875692814,
        1.6087913107364735,
        1.6149203954858984,
        1.6062473870338279,
        1.6136919919480668,
        1.608068306395348,
        1.622936614016269,
        1.6032303825337837,
        1.6053603152011304,
        1.6084504228957155,
        1.6022452953013968,
        1.6024854487561164,
        1.6055842435106318,
        1.6064857168400541,
        1.6042173137056066,
        1.6122204953051629
    ],
    "val_acc": [
        82.16666666666667,
        84.03333333333333,
        83.7,
        84.23333333333333,
        83.81666666666666,
        84.6,
        85.23333333333333,
        84.65,
        85.5,
        84.7,
        85.25,
        83.65,
        85.86666666666666,
        85.55,
        85.08333333333333,
        85.8,
        85.88333333333334,
        85.65,
        85.43333333333334,
        85.61666666666666,
        84.71666666666667
    ],
    "test_loss": 1.6089286185518097,
    "test_acc": 85.28,
    "metadata": {
        "timestamp": "2025-02-25T12:33:45.003461",
        "run_name": "0225123344_BaseMLP_SparseMax_mean-truck",
        "model_config": {
            "class_name": "BaseMLP",
            "input_dim": 784,
            "hidden_dims": [
                512,
                256,
                128
            ],
            "output_dim": 10,
            "activation_type": "SparseMax",
            "dropout_prob": 0.0,
            "store_activations": true,
            "num_parameters": 566528,
            "num_trainable_parameters": 566528
        },
        "training_config": {
            "batch_size": 128,
            "learning_rate": 0.001,
            "optimizer": {
                "class_name": "Adam",
                "parameters": null
            },
            "criterion": "CrossEntropyLoss",
            "device": "cpu",
            "preprocess_fn": "_normalize_to_simplex"
        },
        "dataset_info": {
            "name": "MNIST",
            "train_size": 54000,
            "val_size": 6000,
            "test_size": 10000,
            "input_shape": [
                1,
                28,
                28
            ],
            "num_classes": 10
        },
        "system_info": {
            "python_version": "3.12.6 (main, Sep  6 2024, 19:03:47) [Clang 15.0.0 (clang-1500.3.9.4)]",
            "pytorch_version": "2.6.0",
            "cuda_available": false,
            "cuda_version": null,
            "platform": "macOS-15.1-arm64-arm-64bit",
            "cpu_count": "arm64",
            "processor": "arm"
        },
        "git_info": {
            "commit_hash": "03d718137e77b2c5b3526bcb4ff8b5d40f4f3cf8",
            "branch": "main",
            "is_dirty": true
        },
        "tags": [
            "stochastic_layers_3",
            "activation_SparseMax_layer_temperature_0.01"
        ],
        "final_metrics": {
            "best_val_loss": 1.6022452953013968,
            "best_val_acc": 85.88333333333334,
            "best_epoch": 15,
            "total_epochs": 21,
            "training_duration": 81.555299,
            "test_loss": 1.6089286185518097,
            "test_acc": 85.28
        },
        "weight_analysis": {
            "network.linear_0.raw_weight": {
                "mean": -0.021460026502609253,
                "std": 0.04657595977187157,
                "min": -0.14081668853759766,
                "max": 0.2108508199453354,
                "norm": 32.49039077758789,
                "sparsity": 0.0,
                "has_negative": true,
                "percent_negative": 70.38250732421875,
                "shape": [
                    512,
                    784
                ],
                "num_params": 401408
            },
            "network.linear_1.raw_weight": {
                "mean": -0.0024540922604501247,
                "std": 0.05129939317703247,
                "min": -0.10352214425802231,
                "max": 0.25436931848526,
                "norm": 18.59351348876953,
                "sparsity": 0.0,
                "has_negative": true,
                "percent_negative": 52.001190185546875,
                "shape": [
                    256,
                    512
                ],
                "num_params": 131072
            },
            "network.linear_2.raw_weight": {
                "mean": -0.011028779670596123,
                "std": 0.06804768741130829,
                "min": -0.12502004206180573,
                "max": 0.27158641815185547,
                "norm": 12.47850227355957,
                "sparsity": 0.0,
                "has_negative": true,
                "percent_negative": 58.75244140625,
                "shape": [
                    128,
                    256
                ],
                "num_params": 32768
            },
            "network.linear_3.raw_weight": {
                "mean": -0.009771885350346565,
                "std": 0.11888264119625092,
                "min": -0.20839174091815948,
                "max": 0.27646881341934204,
                "norm": 4.265962600708008,
                "sparsity": 0.0,
                "has_negative": true,
                "percent_negative": 54.375,
                "shape": [
                    10,
                    128
                ],
                "num_params": 1280
            }
        },
        "activation_analysis": {
            "pre_activation:network.linear_0_preact": {
                "avg_means": 0.650251236367733,
                "std_means": 0.01862905872800083,
                "avg_stds": 3.4879990841480013,
                "std_stds": 0.09647826186892053,
                "avg_sparsity": 0.0,
                "std_sparsity": 0.0,
                "avg_mins": 8.846204170193697e-05,
                "std_mins": 4.38780998897457e-05,
                "avg_maxs": 66.2617585202481,
                "std_maxs": 5.697603072524739,
                "avg_sum": 42502.36269946808
            },
            "post_activation:network.activation_0_postact": {
                "avg_means": 0.0019531249851384696,
                "std_means": 1.167048144272127e-10,
                "avg_stds": 0.04330829309022173,
                "std_stds": 0.0002000596609547153,
                "avg_sparsity": 0.9978157675012629,
                "std_sparsity": 4.615470125651253e-05,
                "avg_mins": 0.0,
                "std_mins": 0.0,
                "avg_maxs": 1.0,
                "std_maxs": 0.0,
                "avg_sum": 127.65957349411984
            },
            "pre_activation:network.linear_1_preact": {
                "avg_means": 0.003906250133753774,