{
    "train_loss": [
        2.1733869675776405,
        1.8391681805041165,
        1.8114462879031756,
        1.8078691436781138,
        1.8063535393696826,
        1.8054723861093205,
        1.8049695873147504,
        1.804514557546914,
        1.8042213752936413,
        1.8040879086295576,
        1.8038261281370551,
        1.8037395169384671,
        1.8036365531632121,
        1.8035680247709085,
        1.8034690867103107,
        1.8034548793358824,
        1.803375714198108,
        1.8033278711599197,
        1.8032752611625815,
        1.8032254559733856,
        1.8032797354657504,
        1.803179614351824,
        1.8032617009646519,
        1.8031777307320545,
        1.803131219335077,
        1.8031810298915159,
        1.8031156339916572,
        1.8030649412299784,
        1.8031075263475356
    ],
    "train_acc": [
        55.04814814814815,
        66.35740740740741,
        67.02592592592593,
        66.92407407407407,
        66.86666666666666,
        66.81111111111112,
        66.81481481481481,
        66.82777777777778,
        66.82407407407408,
        66.75740740740741,
        66.84074074074074,
        66.79629629629629,
        66.72962962962963,
        66.82222222222222,
        66.7611111111111,
        66.77407407407408,
        66.73333333333333,
        66.81296296296296,
        66.72777777777777,
        66.85925925925926,
        66.69814814814815,
        66.68333333333334,
        66.7537037037037,
        66.72777777777777,
        66.71851851851852,
        66.8,
        66.77222222222223,
        66.76481481481481,
        66.7388888888889
    ],
    "val_loss": [
        1.937908190361997,
        1.8195999835399872,
        1.8136797078112339,
        1.8120281848501651,
        1.81089441827003,
        1.8098461754778599,
        1.8093227452420173,
        1.8092741661883416,
        1.8091008764632204,
        1.8087968775566587,
        1.8083840583233124,
        1.8084355110817767,
        1.8087072727528024,
        1.8081658647415486,
        1.8084276762414486,
        1.8083942798857993,
        1.8081083196274779,
        1.8081287069523588,
        1.808352381625074,
        1.8079921565157302,
        1.8083001425925722,
        1.8079049536522398,
        1.8084048159579014,
        1.8078142353828917,
        1.8083255316348785,
        1.8080303567521117,
        1.8083862649633529,
        1.8083404657688547,
        1.8084271664315081
    ],
    "val_acc": [
        61.81666666666667,
        66.65,
        66.4,
        66.33333333333333,
        66.28333333333333,
        66.4,
        66.31666666666666,
        66.31666666666666,
        66.06666666666666,
        66.56666666666666,
        66.25,
        66.01666666666667,
        66.1,
        66.36666666666666,
        66.15,
        66.1,
        66.4,
        66.38333333333334,
        66.28333333333333,
        65.98333333333333,
        66.18333333333334,
        66.41666666666667,
        66.23333333333333,
        66.55,
        66.43333333333334,
        66.35,
        66.31666666666666,
        66.23333333333333,
        66.36666666666666
    ],
    "test_loss": 1.7978674565689474,
    "test_acc": 67.39,
    "metadata": {
        "timestamp": "2025-02-25T01:16:36.335101",
        "run_name": "0225011636_BaseMLP_SparseMax_timid-producer",
        "model_config": {
            "class_name": "BaseMLP",
            "input_dim": 784,
            "hidden_dims": [
                512,
                256,
                128
            ],
            "output_dim": 10,
            "activation_type": "SparseMax",
            "dropout_prob": 0.0,
            "store_activations": true,
            "num_parameters": 566528,
            "num_trainable_parameters": 566528
        },
        "training_config": {
            "batch_size": 128,
            "learning_rate": 0.001,
            "optimizer": {
                "class_name": "Adam",
                "parameters": null
            },
            "criterion": "CrossEntropyLoss",
            "device": "cpu"
        },
        "dataset_info": {
            "name": "MNIST",
            "train_size": 54000,
            "val_size": 6000,
            "test_size": 10000,
            "input_shape": [
                1,
                28,
                28
            ],
            "num_classes": 10
        },
        "system_info": {
            "python_version": "3.12.6 (main, Sep  6 2024, 19:03:47) [Clang 15.0.0 (clang-1500.3.9.4)]",
            "pytorch_version": "2.6.0",
            "cuda_available": false,
            "cuda_version": null,
            "platform": "macOS-15.1-arm64-arm-64bit",
            "cpu_count": "arm64",
            "processor": "arm"
        },
        "git_info": {
            "commit_hash": "a3b0a5e3f94443cb345268bf1f25446ff58657b8",
            "branch": "main",
            "is_dirty": true
        },
        "tags": [
            "stochastic_layers_3",
            "activation_SparseMax_layer_temperature_0.1"
        ],
        "final_metrics": {
            "best_val_loss": 1.8078142353828917,
            "best_val_acc": 66.65,
            "best_epoch": 23,
            "total_epochs": 29,
            "training_duration": 120.272117,
            "test_loss": 1.7978674565689474,
            "test_acc": 67.39
        },
        "weight_analysis": {
            "network.linear_0.raw_weight": {
                "mean": 0.011385017074644566,
                "std": 0.13569077849388123,
                "min": -1.3984075784683228,
                "max": 0.5260006785392761,
                "norm": 86.26954650878906,
                "sparsity": 0.0,
                "has_negative": true,
                "percent_negative": 36.22125244140625,
                "shape": [
                    512,
                    784
                ],
                "num_params": 401408
            },
            "network.linear_1.raw_weight": {
                "mean": 0.0020023356191813946,
                "std": 0.2023477554321289,
                "min": -1.01632821559906,
                "max": 1.6277945041656494,
                "norm": 73.26078796386719,
                "sparsity": 0.0,
                "has_negative": true,
                "percent_negative": 39.64691162109375,
                "shape": [
                    256,
                    512
                ],
                "num_params": 131072
            },
            "network.linear_2.raw_weight": {
                "mean": -0.07041061669588089,
                "std": 0.28003522753715515,
                "min": -0.9115500450134277,
                "max": 1.6605993509292603,
                "norm": 52.26883316040039,
                "sparsity": 0.0,
                "has_negative": true,
                "percent_negative": 63.165283203125,
                "shape": [
                    128,
                    256
                ],
                "num_params": 32768
            },
            "network.linear_3.raw_weight": {
                "mean": -0.59846431016922,
                "std": 0.264539897441864,
                "min": -0.8840192556381226,
                "max": 1.7016488313674927,
                "norm": 23.40833854675293,
                "sparsity": 0.0,
                "has_negative": true,
                "percent_negative": 98.28125,
                "shape": [
                    10,
                    128
                ],
                "num_params": 1280
            }
        },
        "activation_analysis": {
            "pre_activation:network.linear_0_preact": {
                "avg_means": -0.06303745032624995,
                "std_means": 0.00965323799039048,
                "avg_stds": 0.16076808597179168,
                "std_stds": 0.0054026485784700925,
                "avg_sparsity": 0.0,
                "std_sparsity": 0.0,
                "avg_mins": -0.42382047024179015,
                "std_mins": 0.0009738595124242658,