{
    "train_loss": [
        2.3025853633880615,
        2.3025853633880615,
        2.3025853633880615,
        2.3025853633880615,
        2.3025853633880615,
        2.302584969036952,
        2.2585815411608365,
        2.094798688074989,
        1.879429600532586,
        1.7302967168708547,
        1.6047775519402672,
        1.5609304193071845,
        1.5200414315784148,
        1.5019318252378167,
        1.4922113486375854,
        1.4856521713225197,
        1.481287934486335,
        1.47801360841046,
        1.474319319589443,
        1.4715409815593918,
        1.469335089362628,
        1.4677255823148936,
        1.4667118717143885,
        1.4660023301133613,
        1.4654146384853888,
        1.4648966794895335,
        1.4644684291563892,
        1.464068149220887,
        1.4637880297068735,
        1.4634817098554276,
        1.4631993177377782,
        1.462955976549483,
        1.4627065432580162,
        1.4625151807098027,
        1.4623429393881304,
        1.4622157072003983,
        1.4620810269744475,
        1.4619939454358901,
        1.4618938472033678,
        1.4618360806980404,
        1.4617694336656146,
        1.461708354723962,
        1.461675227253358,
        1.4615826555902924,
        1.4615289752517266,
        1.4615119783234258,
        1.4614762129941823,
        1.4613894113997148,
        1.4613360830392883,
        1.4613690839559546
    ],
    "train_acc": [
        7.935185185185185,
        10.744444444444444,
        12.540740740740741,
        12.083333333333334,
        10.251851851851852,
        9.883333333333333,
        10.092592592592593,
        23.674074074074074,
        34.88148148148148,
        46.05185185185185,
        54.446296296296296,
        56.5462962962963,
        61.714814814814815,
        62.833333333333336,
        63.35,
        63.77407407407407,
        64.18703703703704,
        64.51296296296296,
        64.97222222222223,
        65.32592592592593,
        65.69814814814815,
        65.94444444444444,
        66.0962962962963,
        66.12407407407407,
        66.29444444444445,
        66.3537037037037,
        66.37962962962963,
        66.35185185185185,
        66.35925925925926,
        66.39259259259259,
        66.43518518518519,
        66.49444444444444,
        66.50555555555556,
        66.63518518518518,
        66.64259259259259,
        66.68888888888888,
        66.68148148148148,
        66.70555555555555,
        66.75,
        66.75,
        66.7074074074074,
        66.78888888888889,
        66.73703703703704,
        66.78888888888889,
        66.77777777777777,
        66.75555555555556,
        66.80555555555556,
        66.75925925925925,
        66.82962962962964,
        66.80185185185185
    ],
    "val_loss": [
        2.3025853633880615,
        2.3025853633880615,
        2.3025853633880615,
        2.3025853633880615,
        2.3025853633880615,
        2.3025827255654843,
        2.1909017917957714,
        1.9480308522569372,
        1.8232637669177765,
        1.632455754787364,
        1.5796910143913108,
        1.5342228793083352,
        1.5066897894473785,
        1.4948486698434709,
        1.487400458214131,
        1.4824843761768747,
        1.4793305498488405,
        1.4761152850820662,
        1.4725256295914346,
        1.4702701644694551,
        1.4681465575035582,
        1.46713291837814,
        1.4664097669276785,
        1.4657494337000745,
        1.4652764594301264,
        1.4648561782025276,
        1.4644344487088792,
        1.4641924310237804,
        1.463861437554055,
        1.4636306356876454,
        1.4633123544936484,
        1.463058902862224,
        1.4628390251321997,
        1.462691068649292,
        1.4625060304682305,
        1.4623655638796218,
        1.4622091689008347,
        1.4621078004228307,
        1.4620472370310034,
        1.4619306351276153,
        1.4619767133225785,
        1.461762841711653,
        1.4617591994874022,
        1.4617417797129204,
        1.4617267365151263,
        1.4617124669095303,
        1.461604265456504,
        1.4615738442603579,
        1.4615994032393111,
        1.461595225841441
    ],
    "val_acc": [
        9.3,
        11.45,
        12.333333333333334,
        11.6,
        9.8,
        9.8,
        12.516666666666667,
        31.783333333333335,
        38.21666666666667,
        51.8,
        54.18333333333333,
        58.983333333333334,
        61.31666666666667,
        62.233333333333334,
        62.833333333333336,
        63.25,
        63.483333333333334,
        63.75,
        64.31666666666666,
        64.55,
        64.83333333333333,
        65.2,
        65.31666666666666,
        65.53333333333333,
        65.5,
        65.48333333333333,
        65.48333333333333,
        65.58333333333333,
        65.61666666666666,
        65.78333333333333,
        65.8,
        65.81666666666666,
        65.86666666666666,
        65.98333333333333,
        65.9,
        66.03333333333333,
        65.91666666666667,
        65.88333333333334,
        65.95,
        65.98333333333333,
        65.85,
        66.01666666666667,
        65.95,
        65.91666666666667,
        65.9,
        65.91666666666667,
        65.88333333333334,
        65.91666666666667,
        65.96666666666667,
        65.81666666666666
    ],
    "test_loss": 1.4498996583721306,
    "test_acc": 66.48,
    "metadata": {
        "timestamp": "2025-02-25T01:06:27.480995",
        "run_name": "0225010627_BaseMLP_ReLU_shabby-engine",
        "model_config": {
            "class_name": "BaseMLP",
            "input_dim": 784,
            "hidden_dims": [
                512,
                256,
                128
            ],
            "output_dim": 10,
            "activation_type": "ReLU",
            "dropout_prob": 0.0,
            "store_activations": true,
            "num_parameters": 566528,
            "num_trainable_parameters": 566528
        },
        "training_config": {
            "batch_size": 128,
            "learning_rate": 0.001,
            "optimizer": {
                "class_name": "Adam",
                "parameters": null
            },
            "criterion": "CrossEntropyLoss",
            "device": "cpu"
        },
        "dataset_info": {
            "name": "MNIST",
            "train_size": 54000,
            "val_size": 6000,
            "test_size": 10000,
            "input_shape": [
                1,
                28,
                28
            ],
            "num_classes": 10
        },
        "system_info": {
            "python_version": "3.12.6 (main, Sep  6 2024, 19:03:47) [Clang 15.0.0 (clang-1500.3.9.4)]",
            "pytorch_version": "2.6.0",
            "cuda_available": false,
            "cuda_version": null,
            "platform": "macOS-15.1-arm64-arm-64bit",
            "cpu_count": "arm64",
            "processor": "arm"
        },
        "git_info": {
            "commit_hash": "a3b0a5e3f94443cb345268bf1f25446ff58657b8",
            "branch": "main",
            "is_dirty": true
        },
        "tags": [
            "stochastic_layers_3",
            "activation_NoActivation_layer_temperature_0.5"
        ],
        "final_metrics": {
            "best_val_loss": 1.4615738442603579,
            "best_val_acc": 66.03333333333333,
            "best_epoch": 47,
            "total_epochs": 50,
            "training_duration": 139.305219,
            "test_loss": 1.4498996583721306,
            "test_acc": 66.48
        },
        "weight_analysis": {
            "network.linear_0.raw_weight": {
                "mean": -0.6603789925575256,
                "std": 1.1781343221664429,
                "min": -6.036588191986084,
                "max": 4.446963310241699,
                "norm": 855.684814453125,
                "sparsity": 0.0,
                "has_negative": true,
                "percent_negative": 65.58787536621094,