{
    "train_loss": [
        1.8532308077360216,
        1.8026323914527893,
        1.8017312839132915,
        1.8009094225851845,
        1.8007724883997045,
        1.8000203704382005,
        1.799714411604461,
        1.8001388201216386,
        1.8002452816443422,
        1.7996765940110266,
        1.7997038177969331,
        1.7997360565651084,
        1.7994802337122189,
        1.7995390199936963,
        1.7996638439842876,
        1.7994713238065276
    ],
    "train_acc": [
        73.50740740740741,
        75.52777777777777,
        75.63333333333334,
        75.85185185185185,
        75.64814814814815,
        75.71666666666667,
        75.93148148148148,
        75.66666666666667,
        75.63703703703703,
        75.86111111111111,
        75.82037037037037,
        75.71296296296296,
        75.80740740740741,
        75.79444444444445,
        75.8462962962963,
        75.8537037037037
    ],
    "val_loss": [
        1.804221122822863,
        1.8019440377012212,
        1.8002817605404144,
        1.7997095179050526,
        1.8010025937506493,
        1.8000559832187408,
        1.800369605104974,
        1.7990062135331175,
        1.8003356913302808,
        1.7990648771854156,
        1.7969598947687353,
        1.7987519959185987,
        1.7973584824420037,
        1.7987373230305124,
        1.798764462166644,
        1.798558602941797
    ],
    "val_acc": [
        75.6,
        75.01666666666667,
        75.9,
        75.51666666666667,
        75.51666666666667,
        76.28333333333333,
        75.41666666666667,
        76.18333333333334,
        75.46666666666667,
        75.91666666666667,
        76.61666666666666,
        76.7,
        75.9,
        75.7,
        75.31666666666666,
        75.91666666666667
    ],
    "test_loss": 1.7923155464703524,
    "test_acc": 76.4,
    "metadata": {
        "timestamp": "2025-02-21T14:52:22.732858",
        "run_name": "0221145222_BaseMLP_SparseMax_funny-stick",
        "model_config": {
            "class_name": "BaseMLP",
            "input_dim": 784,
            "hidden_dims": [
                512,
                256
            ],
            "output_dim": 10,
            "activation_type": "SparseMax",
            "dropout_prob": 0.0,
            "store_activations": true,
            "num_parameters": 535040,
            "num_trainable_parameters": 535040
        },
        "training_config": {
            "batch_size": 128,
            "learning_rate": 0.001,
            "optimizer": {
                "class_name": "Adam",
                "parameters": null
            },
            "criterion": "CrossEntropyLoss",
            "device": "cpu"
        },
        "dataset_info": {
            "name": "MNIST",
            "train_size": 54000,
            "val_size": 6000,
            "test_size": 10000,
            "input_shape": [
                1,
                28,
                28
            ],
            "num_classes": 10
        },
        "system_info": {
            "python_version": "3.12.6 (main, Sep  6 2024, 19:03:47) [Clang 15.0.0 (clang-1500.3.9.4)]",
            "pytorch_version": "2.6.0",
            "cuda_available": false,
            "cuda_version": null,
            "platform": "macOS-15.1-arm64-arm-64bit",
            "cpu_count": "arm64",
            "processor": "arm"
        },
        "git_info": {
            "commit_hash": "e002b61e0f49ed24cde6d4c5b63a2d8ef535d0f8",
            "branch": "main",
            "is_dirty": true
        },
        "tags": [
            "stochastic_layers_2",
            "activation_SparseMax_layer_temperature_0.01"
        ],
        "final_metrics": {
            "best_val_loss": 1.7969598947687353,
            "best_val_acc": 76.7,
            "best_epoch": 10,
            "total_epochs": 16,
            "training_duration": 60.812894,
            "test_loss": 1.7923155464703524,
            "test_acc": 76.4
        },
        "weight_analysis": {
            "network.linear_0.raw_weight": {
                "mean": 0.009288468398153782,
                "std": 0.051848266273736954,
                "min": -0.1472189575433731,
                "max": 0.2538309693336487,
                "norm": 33.37214660644531,
                "sparsity": 0.0
            },
            "network.linear_1.raw_weight": {
                "mean": 0.002418727381154895,
                "std": 0.05956355109810829,
                "min": -0.10735410451889038,
                "max": 0.24437618255615234,
                "norm": 21.581966400146484,
                "sparsity": 0.0
            },
            "network.linear_2.raw_weight": {
                "mean": -0.03542598336935043,
                "std": 0.06176866590976715,
                "min": -0.1501682847738266,
                "max": 0.26243939995765686,
                "norm": 3.602267265319824,
                "sparsity": 0.0
            }
        },
        "activation_analysis": {
            "network.linear_0": {
                "avg_means": -0.2304025980386328,
                "std_means": 0.006997490380923641,
                "avg_stds": 0.17408701079957029,
                "std_stds": 0.004086992909858685,
                "avg_sparsity": 0.0,
                "std_sparsity": 0.0
            },
            "network.linear_1": {
                "avg_means": 0.003906185867542282,
                "std_means": 4.190997898680269e-07,
                "avg_stds": 0.04949426476625686,
                "std_stds": 0.0008374889439816771,
                "avg_sparsity": 0.0,
                "std_sparsity": 0.0
            },
            "network.linear_2": {
                "avg_means": 0.09999424567882051,
                "std_means": 1.76919029211116e-05,
                "avg_stds": 0.230520820364039,
                "std_stds": 0.004605473903080591,
                "avg_sparsity": 0.0,
                "std_sparsity": 0.0
            }
        }
    }
}