{
    "train_loss": [
        1.9849485421632704,
        1.9322964097086288,
        1.924819014931177,
        1.9237327824271686,
        1.9197951784066114,
        1.9229238829906519,
        1.9212359740835796,
        1.9222328575301508,
        1.9211655860828563,
        1.9226962361855529,
        1.9192822411727002,
        1.9221884735387649,
        1.9233379267968274,
        1.9209269494242012
    ],
    "train_acc": [
        47.257407407407406,
        50.662962962962965,
        52.120370370370374,
        52.75185185185185,
        52.93518518518518,
        51.824074074074076,
        51.977777777777774,
        52.28333333333333,
        52.58148148148148,
        52.12592592592593,
        52.833333333333336,
        52.08888888888889,
        51.80740740740741,
        52.97962962962963
    ],
    "val_loss": [
        1.943295656366551,
        1.9375847273684563,
        1.9338802707956193,
        1.9172885417938232,
        1.9183999959458695,
        1.9186557277720024,
        1.9237289352619902,
        1.9354628324508667,
        1.9131869255228247,
        1.9186294231008976,
        1.9159176172094141,
        1.916695571960287,
        1.9338216375797352,
        1.9167367245288605
    ],
    "val_acc": [
        47.166666666666664,
        56.18333333333333,
        55.46666666666667,
        50.733333333333334,
        51.1,
        52.7,
        52.7,
        54.8,
        48.28333333333333,
        53.68333333333333,
        51.416666666666664,
        54.516666666666666,
        53.18333333333333,
        50.61666666666667
    ],
    "test_loss": 1.902425397800494,
    "test_acc": 50.66,
    "metadata": {
        "timestamp": "2025-02-21T14:17:50.919886",
        "run_name": "0221141750_BaseMLP_ReLU_wooden-hardcover",
        "model_config": {
            "class_name": "BaseMLP",
            "input_dim": 784,
            "hidden_dims": [
                256
            ],
            "output_dim": 10,
            "activation_type": "ReLU",
            "dropout_prob": 0.0,
            "store_activations": true,
            "num_parameters": 203264,
            "num_trainable_parameters": 203264
        },
        "training_config": {
            "batch_size": 128,
            "learning_rate": 0.001,
            "optimizer": {
                "class_name": "Adam",
                "parameters": null
            },
            "criterion": "CrossEntropyLoss",
            "device": "cpu"
        },
        "dataset_info": {
            "name": "MNIST",
            "train_size": 54000,
            "val_size": 6000,
            "test_size": 10000,
            "input_shape": [
                1,
                28,
                28
            ],
            "num_classes": 10
        },
        "system_info": {
            "python_version": "3.12.6 (main, Sep  6 2024, 19:03:47) [Clang 15.0.0 (clang-1500.3.9.4)]",
            "pytorch_version": "2.6.0",
            "cuda_available": false,
            "cuda_version": null,
            "platform": "macOS-15.1-arm64-arm-64bit",
            "cpu_count": "arm64",
            "processor": "arm"
        },
        "git_info": {
            "commit_hash": "15e48a32d31478ac54b6c3350a900b9f6e2bcba1",
            "branch": "main",
            "is_dirty": true
        },
        "tags": [
            "stochastic_layers_1",
            "activation_NoActivation"
        ],
        "final_metrics": {
            "best_val_loss": 1.9131869255228247,
            "best_val_acc": 56.18333333333333,
            "best_epoch": 8,
            "total_epochs": 14,
            "training_duration": 30.406527,
            "test_loss": 1.902425397800494,
            "test_acc": 50.66
        },
        "weight_analysis": {
            "network.linear_0.weight": {
                "mean": 0.0012755101779475808,
                "std": 0.0025578944478183985,
                "min": 0.0,
                "max": 0.038731303066015244,
                "norm": 1.2805014848709106,
                "sparsity": 0.634541392326355
            },
            "network.linear_1.weight": {
                "mean": 0.00390625,
                "std": 0.008774119429290295,
                "min": 0.0,
                "max": 0.0740542858839035,
                "norm": 0.48586779832839966,
                "sparsity": 0.5601562261581421
            }
        },
        "activation_analysis": {
            "network.linear_0": {
                "avg_means": 0.41410914063453674,
                "std_means": 0.026788523275044704,
                "avg_stds": 0.4765397532189146,
                "std_stds": 0.014901644417178438,
                "avg_sparsity": 0.0,
                "std_sparsity": 0.0
            },
            "network.activation_0": {
                "avg_means": 0.4518704985050445,
                "std_means": 0.025819162852967495,
                "avg_stds": 0.42794433553168115,
                "std_stds": 0.015149037655556355,
                "avg_sparsity": 0.18521813858062663,
                "std_sparsity": 0.015411363320413497
            },
            "network.linear_1": {
                "avg_means": 0.5253230371373765,
                "std_means": 0.024392001605739778,
                "avg_stds": 0.39465091456758217,
                "std_stds": 0.014616257505696085,
                "avg_sparsity": 0.02760495808213315,
                "std_sparsity": 0.006091836786303536
            }
        }
    }
}