{
    "train_loss": [
        2.298329862938108,
        2.2979544401168823,
        2.2979539587599405,
        2.2979453807758494,
        2.29793645872324,
        2.297936272847144,
        2.297936087536021,
        2.2979358090043633,
        2.297935810699282,
        2.29793565250686,
        2.297935582450216,
        2.2979357349929086,
        2.297935209003105,
        2.297935508438761,
        2.2979352163477533,
        2.2979353095682877,
        2.297935515783409
    ],
    "train_acc": [
        37.977777777777774,
        37.12777777777778,
        37.03888888888889,
        36.275925925925925,
        36.898148148148145,
        36.824074074074076,
        36.851851851851855,
        36.61851851851852,
        36.52037037037037,
        36.59814814814815,
        36.46296296296296,
        36.44444444444444,
        36.44074074074074,
        36.512962962962966,
        36.45740740740741,
        36.54074074074074,
        36.37407407407407
    ],
    "val_loss": [
        2.298177703898004,
        2.2981766741326513,
        2.298176182077286,
        2.2981445840064514,
        2.2981445332790944,
        2.29814450284268,
        2.29814450284268,
        2.298144558642773,
        2.298144497769944,
        2.2981444622607943,
        2.29814446733353,
        2.2981444064607013,
        2.298144411533437,
        2.29814443182438,
        2.2981444622607943,
        2.2981444368971156,
        2.298144441969851
    ],
    "val_acc": [
        35.05,
        35.15,
        35.03333333333333,
        35.06666666666667,
        35.233333333333334,
        35.05,
        34.833333333333336,
        34.78333333333333,
        34.85,
        34.6,
        34.45,
        34.71666666666667,
        34.78333333333333,
        34.53333333333333,
        34.46666666666667,
        35.21666666666667,
        34.733333333333334
    ],
    "test_loss": 2.297956952565833,
    "test_acc": 35.97,
    "metadata": {
        "timestamp": "2025-02-25T02:11:01.157347",
        "run_name": "0225021101_BaseMLP_SparseMax_offline-landing",
        "model_config": {
            "class_name": "BaseMLP",
            "input_dim": 784,
            "hidden_dims": [
                512,
                256,
                128
            ],
            "output_dim": 10,
            "activation_type": "SparseMax",
            "dropout_prob": 0.0,
            "store_activations": true,
            "num_parameters": 566528,
            "num_trainable_parameters": 566528
        },
        "training_config": {
            "batch_size": 128,
            "learning_rate": 0.001,
            "optimizer": {
                "class_name": "Adam",
                "parameters": null
            },
            "criterion": "CrossEntropyLoss",
            "device": "cpu"
        },
        "dataset_info": {
            "name": "MNIST",
            "train_size": 54000,
            "val_size": 6000,
            "test_size": 10000,
            "input_shape": [
                1,
                28,
                28
            ],
            "num_classes": 10
        },
        "system_info": {
            "python_version": "3.12.6 (main, Sep  6 2024, 19:03:47) [Clang 15.0.0 (clang-1500.3.9.4)]",
            "pytorch_version": "2.6.0",
            "cuda_available": false,
            "cuda_version": null,
            "platform": "macOS-15.1-arm64-arm-64bit",
            "cpu_count": "arm64",
            "processor": "arm"
        },
        "git_info": {
            "commit_hash": "a3b0a5e3f94443cb345268bf1f25446ff58657b8",
            "branch": "main",
            "is_dirty": true
        },
        "tags": [
            "stochastic_layers_3",
            "activation_SparseMax_layer_temperature_0.01"
        ],
        "final_metrics": {
            "best_val_loss": 2.2981444064607013,
            "best_val_acc": 35.233333333333334,
            "best_epoch": 11,
            "total_epochs": 17,
            "training_duration": 78.331592,
            "test_loss": 2.297956952565833,
            "test_acc": 35.97
        },
        "weight_analysis": {
            "network.linear_0.raw_weight": {
                "mean": -0.007204922381788492,
                "std": 0.03680737316608429,
                "min": -0.07162603735923767,
                "max": 0.2864686846733093,
                "norm": 23.762300491333008,
                "sparsity": 0.0,
                "has_negative": true,
                "percent_negative": 59.34933853149414,
                "shape": [
                    512,
                    784
                ],
                "num_params": 401408
            },
            "network.linear_1.raw_weight": {
                "mean": -0.0060851117596030235,
                "std": 0.04730391129851341,
                "min": -0.08851305395364761,
                "max": 0.26090139150619507,
                "norm": 17.26688003540039,
                "sparsity": 0.0,
                "has_negative": true,
                "percent_negative": 53.386688232421875,
                "shape": [
                    256,
                    512
                ],
                "num_params": 131072
            },
            "network.linear_2.raw_weight": {
                "mean": -0.00504319928586483,
                "std": 0.06898428499698639,
                "min": -0.1249961256980896,
                "max": 0.286554753780365,
                "norm": 12.52061653137207,
                "sparsity": 0.0,
                "has_negative": true,
                "percent_negative": 51.953125,
                "shape": [
                    128,
                    256
                ],
                "num_params": 32768
            },
            "network.linear_3.raw_weight": {
                "mean": -0.024401769042015076,
                "std": 0.09886933118104935,
                "min": -0.20796792209148407,
                "max": 0.29776841402053833,
                "norm": 3.642057418823242,
                "sparsity": 0.0,
                "has_negative": true,
                "percent_negative": 52.34375,
                "shape": [
                    10,
                    128
                ],
                "num_params": 1280
            }
        },
        "activation_analysis": {
            "pre_activation:network.linear_0_preact": {
                "avg_means": 0.03997753556579985,
                "std_means": 0.012964245358820351,
                "avg_stds": 1.026993383752539,
                "std_stds": 0.012502641920269637,
                "avg_sparsity": 0.0,
                "std_sparsity": 0.0,
                "avg_mins": -0.42421302135954514,
                "std_mins": 4.300620950996412e-09,
                "avg_maxs": 2.821486899193297,
                "std_maxs": 1.1982828313764322e-07,
                "avg_sum": 2610.956997485871
            },
            "post_activation:network.activation_0_postact": {
                "avg_means": 0.0019531250321999827,
                "std_means": 7.945554173169886e-10,
                "avg_stds": 0.008834763687658818,
                "std_stds": 0.00026976325212844975,
                "avg_sparsity": 0.9284560832571476,
                "std_sparsity": 0.0025123197613614095,
                "avg_mins": 0.0,
                "std_mins": 0.0,
                "avg_maxs": 0.26226017322946105,
                "std_maxs": 0.08459146895257037,
                "avg_sum": 127.65957706532579
            },
            "pre_activation:network.linear_1_preact": {
                "avg_means": 0.0036369450687569506,
                "std_means": 0.0001211111037219705,
                "avg_stds": 0.01222418264505711,
                "std_stds": 0.0006212401205732383,
                "avg_sparsity": 0.0,
                "std_sparsity": 0.0,
                "avg_mins": 2.918143761447604e-12,
                "std_mins": 2.2352065846120077e-12,
                "avg_maxs": 0.2359993597294422,