{
    "train_loss": [
        0.491298607563803,
        0.36146063339936224,
        0.3522552034654324,
        0.3452542398954737,
        0.3375212461886248,
        0.3408395877169772,
        0.33711105493290167,
        0.3341748650887566,
        0.33769452190512167,
        0.33258663682858525,
        0.334704397025549,
        0.33177355013046217,
        0.3292746398933408,
        0.33113105053090935,
        0.3293772651968409,
        0.3266094417015523,
        0.32732903270571717,
        0.32531906155895846,
        0.3258923567231233,
        0.3255959638345863
    ],
    "train_acc": [
        85.41111111111111,
        89.49259259259259,
        89.62962962962963,
        89.99259259259259,
        90.12407407407407,
        90.02777777777777,
        90.24814814814815,
        90.25555555555556,
        90.28333333333333,
        90.36296296296297,
        90.34074074074074,
        90.31666666666666,
        90.4888888888889,
        90.41111111111111,
        90.47592592592592,
        90.48148148148148,
        90.50185185185185,
        90.66296296296296,
        90.53888888888889,
        90.54629629629629
    ],
    "val_loss": [
        0.3931556350373207,
        0.35440390921653586,
        0.35549103896668616,
        0.372971643792822,
        0.3580787806434834,
        0.3580191281247646,
        0.3459754338923921,
        0.37376703480456736,
        0.3681256850349142,
        0.342903603898718,
        0.3528674327312632,
        0.35435516212848905,
        0.35135140159028644,
        0.3502599730136547,
        0.33267623978726407,
        0.3375598645590721,
        0.3384209135745434,
        0.3590861907664766,
        0.3443993700945631,
        0.3640457014454172
    ],
    "val_acc": [
        88.01666666666667,
        89.15,
        89.5,
        89.05,
        89.7,
        89.65,
        89.71666666666667,
        89.11666666666666,
        89.13333333333334,
        89.9,
        89.68333333333334,
        90.2,
        89.73333333333333,
        89.73333333333333,
        89.9,
        90.13333333333334,
        89.93333333333334,
        89.31666666666666,
        89.73333333333333,
        89.38333333333334
    ],
    "test_loss": 0.3422460413148886,
    "test_acc": 90.3,
    "metadata": {
        "timestamp": "2025-02-25T12:26:39.702258",
        "run_name": "0225122639_BaseMLP_StochasticLayer_chalky-garlic",
        "model_config": {
            "class_name": "BaseMLP",
            "input_dim": 784,
            "hidden_dims": [
                512,
                256,
                128
            ],
            "output_dim": 10,
            "activation_type": "StochasticLayer",
            "dropout_prob": 0.0,
            "store_activations": true,
            "num_parameters": 566528,
            "num_trainable_parameters": 566528
        },
        "training_config": {
            "batch_size": 128,
            "learning_rate": 0.001,
            "optimizer": {
                "class_name": "Adam",
                "parameters": null
            },
            "criterion": "CrossEntropyLoss",
            "device": "cpu",
            "preprocess_fn": "_normalize_to_simplex"
        },
        "dataset_info": {
            "name": "MNIST",
            "train_size": 54000,
            "val_size": 6000,
            "test_size": 10000,
            "input_shape": [
                1,
                28,
                28
            ],
            "num_classes": 10
        },
        "system_info": {
            "python_version": "3.12.6 (main, Sep  6 2024, 19:03:47) [Clang 15.0.0 (clang-1500.3.9.4)]",
            "pytorch_version": "2.6.0",
            "cuda_available": false,
            "cuda_version": null,
            "platform": "macOS-15.1-arm64-arm-64bit",
            "cpu_count": "arm64",
            "processor": "arm"
        },
        "git_info": {
            "commit_hash": "03d718137e77b2c5b3526bcb4ff8b5d40f4f3cf8",
            "branch": "main",
            "is_dirty": true
        },
        "tags": [
            "stochastic_layers_3",
            "activation_NoActivation_layer_temperature_0.01"
        ],
        "final_metrics": {
            "best_val_loss": 0.33267623978726407,
            "best_val_acc": 90.2,
            "best_epoch": 14,
            "total_epochs": 20,
            "training_duration": 61.542836,
            "test_loss": 0.3422460413148886,
            "test_acc": 90.3
        },
        "weight_analysis": {
            "network.linear_0.raw_weight": {
                "mean": -0.011711294762790203,
                "std": 0.041845373809337616,
                "min": -0.11147664487361908,
                "max": 0.22413723170757294,
                "norm": 27.530345916748047,
                "sparsity": 0.0,
                "has_negative": true,
                "percent_negative": 61.74441146850586,
                "shape": [
                    512,
                    784
                ],
                "num_params": 401408
            },
            "network.linear_1.raw_weight": {
                "mean": -0.004594511352479458,
                "std": 0.054250411689281464,
                "min": -0.11051963269710541,
                "max": 0.1963726133108139,
                "norm": 19.71097183227539,
                "sparsity": 0.0,
                "has_negative": true,
                "percent_negative": 55.55572509765625,
                "shape": [
                    256,
                    512
                ],
                "num_params": 131072
            },
            "network.linear_2.raw_weight": {
                "mean": -0.004985285457223654,
                "std": 0.07040022313594818,
                "min": -0.12523718178272247,
                "max": 0.1907281130552292,
                "norm": 12.775522232055664,
                "sparsity": 0.0,
                "has_negative": true,
                "percent_negative": 54.65087890625,
                "shape": [
                    128,
                    256
                ],
                "num_params": 32768
            },
            "network.linear_3.raw_weight": {
                "mean": -0.00277925212867558,
                "std": 0.12141883373260498,
                "min": -0.20798105001449585,
                "max": 0.2527993619441986,
                "norm": 4.3434529304504395,
                "sparsity": 0.0,
                "has_negative": true,
                "percent_negative": 50.390625,
                "shape": [
                    10,
                    128
                ],
                "num_params": 1280
            }
        },
        "activation_analysis": {
            "pre_activation:network.linear_0_preact": {
                "avg_means": -0.00189659437362818,
                "std_means": 0.01964236265541612,
                "avg_stds": 0.8560723256557545,
                "std_stds": 0.016969848992866313,
                "avg_sparsity": 0.0,
                "std_sparsity": 0.0,
                "avg_mins": -3.3336803507297597,
                "std_mins": 0.000178649802119801,
                "avg_maxs": 9.829077132204747,
                "std_maxs": 1.123875024893429,
                "avg_sum": -121.9697096804355
            },
            "pre_activation:network.linear_1_preact": {
                "avg_means": -0.003793156346643066,
                "std_means": 0.039284725591426616,
                "avg_stds": 1.0420337091100977,
                "std_stds": 0.03443513030362686,
                "avg_sparsity": 0.0,
                "std_sparsity": 0.0,
                "avg_mins": -7.049276362074182,
                "std_mins": 0.27762641770043456,
                "avg_maxs": 14.010365871672935,
                "std_maxs": 1.5972747332519266,
                "avg_sum": -121.96865187300013
            },
            "pre_activation:network.linear_2_preact": {
                "avg_means": -0.007586302334799412,