{
    "train_loss": [
        2.1158229211495385,
        1.8126513328032472,
        1.8027272684879212,
        1.7999884068118452,
        1.7987003272743587,
        1.797860271840299,
        1.7973632004588702,
        1.7970234912718641,
        1.7967455223273328,
        1.7965773739520972,
        1.796408438852048,
        1.796339511871338,
        1.7961736044612542,
        1.7960668805086217,
        1.796041027064572,
        1.795997839120892,
        1.795916266068463,
        1.7958658877142233,
        1.7958013279743104
    ],
    "train_acc": [
        77.98703703703704,
        70.91111111111111,
        70.93888888888888,
        71.04074074074074,
        70.97592592592592,
        71.05740740740741,
        71.07037037037037,
        71.05925925925926,
        71.0537037037037,
        71.12592592592593,
        71.05555555555556,
        71.02222222222223,
        71.0962962962963,
        71.08148148148148,
        71.03703703703704,
        71.0111111111111,
        71.0962962962963,
        71.08148148148148,
        71.05740740740741
    ],
    "val_loss": [
        1.8258664481183315,
        1.8012110299252448,
        1.796553520446128,
        1.7951999370087968,
        1.7941302745900256,
        1.793727753010202,
        1.7936568361647585,
        1.7929866390025362,
        1.7924366732861132,
        1.7925122748029994,
        1.7924667672908052,
        1.7924457712376372,
        1.7923810558116182,
        1.7918974998149466,
        1.7923633494275681,
        1.7920812419120302,
        1.7919182396949607,
        1.7922003725741773,
        1.7922574611420328
    ],
    "val_acc": [
        71.33333333333333,
        71.96666666666667,
        72.33333333333333,
        72.01666666666667,
        71.98333333333333,
        72.16666666666667,
        72.13333333333334,
        71.78333333333333,
        72.18333333333334,
        72.28333333333333,
        71.9,
        72.06666666666666,
        71.76666666666667,
        71.9,
        72.05,
        72.01666666666667,
        72.13333333333334,
        71.76666666666667,
        72.21666666666667
    ],
    "test_loss": 1.7920756415475774,
    "test_acc": 71.57,
    "metadata": {
        "timestamp": "2025-02-21T14:55:49.499848",
        "run_name": "0221145549_BaseMLP_SparseMax_friendly-skunk",
        "model_config": {
            "class_name": "BaseMLP",
            "input_dim": 784,
            "hidden_dims": [
                512
            ],
            "output_dim": 10,
            "activation_type": "SparseMax",
            "dropout_prob": 0.0,
            "store_activations": true,
            "num_parameters": 406528,
            "num_trainable_parameters": 406528
        },
        "training_config": {
            "batch_size": 128,
            "learning_rate": 0.001,
            "optimizer": {
                "class_name": "Adam",
                "parameters": null
            },
            "criterion": "CrossEntropyLoss",
            "device": "cpu"
        },
        "dataset_info": {
            "name": "MNIST",
            "train_size": 54000,
            "val_size": 6000,
            "test_size": 10000,
            "input_shape": [
                1,
                28,
                28
            ],
            "num_classes": 10
        },
        "system_info": {
            "python_version": "3.12.6 (main, Sep  6 2024, 19:03:47) [Clang 15.0.0 (clang-1500.3.9.4)]",
            "pytorch_version": "2.6.0",
            "cuda_available": false,
            "cuda_version": null,
            "platform": "macOS-15.1-arm64-arm-64bit",
            "cpu_count": "arm64",
            "processor": "arm"
        },
        "git_info": {
            "commit_hash": "e002b61e0f49ed24cde6d4c5b63a2d8ef535d0f8",
            "branch": "main",
            "is_dirty": true
        },
        "tags": [
            "stochastic_layers_1",
            "activation_SparseMax_layer_temperature_0.1"
        ],
        "final_metrics": {
            "best_val_loss": 1.7918974998149466,
            "best_val_acc": 72.33333333333333,
            "best_epoch": 13,
            "total_epochs": 19,
            "training_duration": 56.051827,
            "test_loss": 1.7920756415475774,
            "test_acc": 71.57
        },
        "weight_analysis": {
            "network.linear_0.raw_weight": {
                "mean": 0.0028256140649318695,
                "std": 0.12121618539094925,
                "min": -1.1755385398864746,
                "max": 0.577069103717804,
                "norm": 76.81838989257812,
                "sparsity": 0.0
            },
            "network.linear_1.raw_weight": {
                "mean": -0.6101309061050415,
                "std": 0.13962499797344208,
                "min": -0.8282328844070435,
                "max": 1.349194049835205,
                "norm": 44.785762786865234,
                "sparsity": 0.0
            }
        },
        "activation_analysis": {
            "network.linear_0": {
                "avg_means": -0.051856711387951324,
                "std_means": 0.010747891218224016,
                "avg_stds": 0.16988155753054518,
                "std_stds": 0.006841894694594999,
                "avg_sparsity": 0.0,
                "std_sparsity": 0.0
            },
            "network.linear_1": {
                "avg_means": 0.11814694249249519,
                "std_means": 0.0026679706258464385,
                "avg_stds": 0.2531865930303614,
                "std_stds": 0.0050814998560161015,
                "avg_sparsity": 0.0,
                "std_sparsity": 0.0
            }
        }
    }
}