{
    "train_loss": [
        1.5307478229581462,
        1.4710820060205685,
        1.4687814246421742,
        1.4687252103999893,
        1.468285486313969,
        1.4681723338167814,
        1.4680036377002843,
        1.468068675972274,
        1.4680545242476801,
        1.467212089147613,
        1.4679545412696369,
        1.4676389019071208
    ],
    "train_acc": [
        64.05740740740741,
        65.38703703703703,
        65.78703703703704,
        65.77222222222223,
        65.86481481481482,
        65.63888888888889,
        65.7388888888889,
        65.72592592592592,
        65.8537037037037,
        65.69814814814815,
        65.60185185185185,
        65.6962962962963
    ],
    "val_loss": [
        1.4719339609146118,
        1.465864617773827,
        1.4667888778321287,
        1.4673882900400366,
        1.4690338931185134,
        1.4661883521587291,
        1.46328289711729,
        1.4673005367847198,
        1.4674762208411034,
        1.4669483849342833,
        1.4667408060520253,
        1.464286395843993
    ],
    "val_acc": [
        65.18333333333334,
        65.76666666666667,
        65.95,
        65.68333333333334,
        64.6,
        65.63333333333334,
        66.18333333333334,
        64.65,
        64.85,
        65.2,
        65.4,
        65.43333333333334
    ],
    "test_loss": 1.455603587476513,
    "test_acc": 65.3,
    "metadata": {
        "timestamp": "2025-02-25T00:16:06.899962",
        "run_name": "0225001606_BaseMLP_ReLU_every-poutine",
        "model_config": {
            "class_name": "BaseMLP",
            "input_dim": 784,
            "hidden_dims": [
                512,
                256
            ],
            "output_dim": 10,
            "activation_type": "ReLU",
            "dropout_prob": 0.0,
            "store_activations": true,
            "num_parameters": 535040,
            "num_trainable_parameters": 535040
        },
        "training_config": {
            "batch_size": 128,
            "learning_rate": 0.001,
            "optimizer": {
                "class_name": "Adam",
                "parameters": null
            },
            "criterion": "CrossEntropyLoss",
            "device": "cpu"
        },
        "dataset_info": {
            "name": "MNIST",
            "train_size": 54000,
            "val_size": 6000,
            "test_size": 10000,
            "input_shape": [
                1,
                28,
                28
            ],
            "num_classes": 10
        },
        "system_info": {
            "python_version": "3.12.6 (main, Sep  6 2024, 19:03:47) [Clang 15.0.0 (clang-1500.3.9.4)]",
            "pytorch_version": "2.6.0",
            "cuda_available": false,
            "cuda_version": null,
            "platform": "macOS-15.1-arm64-arm-64bit",
            "cpu_count": "arm64",
            "processor": "arm"
        },
        "git_info": {
            "commit_hash": "a3b0a5e3f94443cb345268bf1f25446ff58657b8",
            "branch": "main",
            "is_dirty": true
        },
        "tags": [
            "stochastic_layers_2",
            "activation_NoActivation_layer_temperature_0.01"
        ],
        "final_metrics": {
            "best_val_loss": 1.46328289711729,
            "best_val_acc": 66.18333333333334,
            "best_epoch": 6,
            "total_epochs": 12,
            "training_duration": 33.831711,
            "test_loss": 1.455603587476513,
            "test_acc": 65.3
        },
        "weight_analysis": {
            "network.linear_0.raw_weight": {
                "mean": -0.01918814703822136,
                "std": 0.04413833096623421,
                "min": -0.13894128799438477,
                "max": 0.24293090403079987,
                "norm": 30.49258041381836,
                "sparsity": 0.0,
                "has_negative": true,
                "percent_negative": 66.71691131591797,
                "shape": [
                    512,
                    784
                ],
                "num_params": 401408
            },
            "network.linear_1.raw_weight": {
                "mean": -0.012669934891164303,
                "std": 0.05052604153752327,
                "min": -0.12121576815843582,
                "max": 0.2696571946144104,
                "norm": 18.858627319335938,
                "sparsity": 0.0,
                "has_negative": true,
                "percent_negative": 60.44921875,
                "shape": [
                    256,
                    512
                ],
                "num_params": 131072
            },
            "network.linear_2.raw_weight": {
                "mean": -0.03845291957259178,
                "std": 0.06625065952539444,
                "min": -0.15000447630882263,
                "max": 0.23049938678741455,
                "norm": 3.875192880630493,
                "sparsity": 0.0,
                "has_negative": true,
                "percent_negative": 75.6640625,
                "shape": [
                    10,
                    256
                ],
                "num_params": 2560
            }
        },
        "activation_analysis": {
            "pre_activation:network.linear_0": {
                "avg_means": 0.492916964470072,
                "std_means": 0.026334284812832724,
                "avg_stds": 0.9871045148119013,
                "std_stds": 0.01365279173638571,
                "avg_sparsity": 0.0,
                "std_sparsity": 0.0,
                "avg_mins": -0.42421275504091954,
                "std_mins": 6.705203984646638e-08,
                "avg_maxs": 2.8214754094468786,
                "std_maxs": 2.4751382536725018e-05,
                "avg_sum": 32222.926030585106
            },
            "post_activation:network.activation_0": {
                "avg_means": 0.6356456013436013,
                "std_means": 0.022932997524259945,
                "avg_stds": 0.8734979439289012,
                "std_stds": 0.014052590920216905,
                "avg_sparsity": 0.461306447044332,
                "std_sparsity": 0.010990704521365599,
                "avg_mins": 0.0,
                "std_mins": 0.0,
                "avg_maxs": 2.8214754094468786,
                "std_maxs": 2.4751382536725018e-05,
                "avg_sum": 41551.38904587766
            },
            "pre_activation:network.linear_1": {
                "avg_means": 0.7711279379560593,
                "std_means": 0.028493125217963385,
                "avg_stds": 0.8151437462644374,
                "std_stds": 0.013807692735931673,
                "avg_sparsity": 0.0,
                "std_sparsity": 0.0,
                "avg_mins": 8.374030568260806e-09,
                "std_mins": 3.4889948649995107e-09,
                "avg_maxs": 2.821424778471602,
                "std_maxs": 8.726968476699469e-05,
                "avg_sum": 25203.305934175532
            },
            "post_activation:network.activation_1": {
                "avg_means": 0.7711279379560593,
                "std_means": 0.028493125217963385,
                "avg_stds": 0.8151437462644374,
                "std_stds": 0.013807692735931673,
                "avg_sparsity": 0.0,
                "std_sparsity": 0.0,
                "avg_mins": 8.374030568260806e-09,
                "std_mins": 3.4889948649995107e-09,
                "avg_maxs": 2.821424778471602,
                "std_maxs": 8.726968476699469e-05,
                "avg_sum": 25203.305934175532
            },
            "pre_activation:network.linear_2": {
                "avg_means": 0.7591882031014625,
                "std_means": 0.02847892081678487,
                "avg_stds": 0.7181229654778826,
                "std_stds": 0.014501825296035241,
                "avg_sparsity": 0.0,
                "std_sparsity": 0.0,
                "avg_mins": 8.105698327200416e-08,
                "std_mins": 3.025981675398412e-08,
                "avg_maxs": 2.811316840192105,