{
    "hyperparameters": {
        "harmonic": false,
        "n": null,
        "temperature": 0.5,
        "hidden_dim": 100,
        "epochs": 1000,
        "patience": 10,
        "min_delta": 0.0001,
        "batch_size": 64,
        "learning_rate": 0.001,
        "subfolder": "softmax_ReLU",
        "run_name": null
    },
    "training_history": {
        "epoch_losses": [
            1.6265346930225266,
            0.9036811280733487,
            0.646820330575331,
            0.5269199421665053,
            0.45407273791936925,
            0.4051723173940614,
            0.3669531846732727,
            0.3330085050545013,
            0.30145059123254025,
            0.27074692362565983,
            0.24412505318329278,
            0.22074359475073022,
            0.20505914992011431,
            0.19339550951364706,
            0.1827917349582383,
            0.1750108134815656,
            0.16851400113952503,
            0.1626840240335954,
            0.1573412343363232,
            0.15244002418834834,
            0.14784927983313545,
            0.14551531561195596,
            0.13915878417653474,
            0.136391481668599,
            0.134078257108556,
            0.12991146537870454,
            0.1267493348151668,
            0.12420835029155111,
            0.12152369196183169,
            0.11782224744018208,
            0.11707967469917495,
            0.11513663871861152,
            0.1116485856205368,
            0.11044508279132437,
            0.10889995636057052,
            0.10604136426752406,
            0.10379117064730031,
            0.10263325643044577,
            0.09823091204530363,
            0.09684851459725928,
            0.0955529703792415,
            0.09476294822152903,
            0.09224112166056056,
            0.09080495927105549,
            0.08981355648886945,
            0.08798507430247152,
            0.08661937860718398,
            0.08721432001190955,
            0.08454780366077129,
            0.08449091729886735,
            0.08203761194691633,
            0.08088672551552831,
            0.07992381371879406,
            0.07933352351871761,
            0.07774501309634796,
            0.07712122917657833,
            0.07551087152266474,
            0.07465371226014168,
            0.07296210056645418,
            0.07301563777770204,
            0.07176395025608667,
            0.06987814509969101,
            0.07005989839926537,
            0.06933952931529169,
            0.0680708020691202,
            0.0669177680262434,
            0.06548329279013375,
            0.06717463039896333,
            0.06495966726461294,
            0.06444061176329137,
            0.0635350555685887,
            0.06351612956483545,
            0.06271970478533856,
            0.06160047515404663,
            0.061422166757599345,
            0.06135807992783246,
            0.059023673248999535,
            0.05968741717627212,
            0.05838333354614524,
            0.058118767345320184,
            0.05705747895016234,
            0.05694314816952752,
            0.056419799778499265,
            0.05588408397969359,
            0.05556031515095026,
            0.054972729520069985,
            0.05452412011638991,
            0.0539794367634312,
            0.05290928669373141,
            0.05250717379844813,
            0.052671872438795404,
            0.05190768727073585,
            0.05127792932025627,
            0.05092311831367915,
            0.05021928624088155,
            0.04907642566968304,
            0.049901103410971114,
            0.04870370584083344,
            0.0481062197557855,
            0.04800159253725119,
            0.047850830596871674,
            0.046768856136056816,
            0.04682751066822892,
            0.04680857643473155,
            0.04519998984459017,
            0.04812564938264623,
            0.044699053956704066,
            0.044116567257346945,
            0.043880439102788694,
            0.04481158445332088,
            0.043549051177926235,
            0.043237740203970546,
            0.043324992714721816,
            0.04146226096043447,
            0.04154938356087073,
            0.04325114862684574,
            0.04068913014217425,
            0.04110710765781211,
            0.04058526281087693,
            0.04166264163934862,
            0.04159806789815434,
            0.04119444384635774,
            0.040372489545710766,
            0.040279849935551365,
            0.03960283676451291,
            0.038901108614196864,
            0.040309294134622684,
            0.04001281107105672,
            0.03999377658857759,
            0.03807436080991046,
            0.03877515149196542,
            0.03911188774099792,
            0.03645820734994625,
            0.03817103020643303,
            0.03827845817109121,
            0.03757605226467183,
            0.03780891486892361,
            0.036790547984789236,
            0.03731446993251297,
            0.03618748397278443,
            0.03557957621015259,
            0.03630959540347396,
            0.035634584755434205,
            0.03614295841748717,
            0.035728932116806174,
            0.03499645335914523,
            0.0351600605584403,
            0.033746287435181994,
            0.0348864077485657,
            0.03437501554295961,
            0.0352322743805463,
            0.035030449420508585,
            0.03443574714017655,
            0.03306183850701485,
            0.03306267482798491,
            0.033888950700690944,
            0.03344128012527098,
            0.0322557056187662,
            0.033253946115941936,
            0.032239417048932704,
            0.03342363022904255,
            0.03247821686041257,
            0.032484570684443624,
            0.03273935209977617,
            0.032553860914956996,
            0.0306346336469503,
            0.032560939167334296,
            0.032904079674915876,
            0.03062887573570037,
            0.03185192380013115,
            0.031323365784852876,
            0.03168554600702523,
            0.032187341784150884,
            0.030678506559833313,
            0.03118803875651389,
            0.031252000787938786
        ],
        "early_stop_epoch": 175,
        "best_epoch": 165,
        "best_loss": 0.0306346336469503,
        "final_test_loss": 0.21967118978500366,
        "final_test_accuracy": 95.54
    },
    "timestamps": {
        "start_time": "2025-02-18 12:04:49",
        "end_time": "2025-02-18 12:08:26",
        "training_duration": "0:03:37"
    }
}