{
    "hyperparameters": {
        "harmonic": false,
        "n": null,
        "temperature": 0.5,
        "hidden_dim": 100,
        "epochs": 1000,
        "patience": 10,
        "min_delta": 0.0001,
        "batch_size": 64,
        "learning_rate": 0.001,
        "subfolder": "softmax_ReLU",
        "run_name": null,
        "ReLU": false,
        "softmax": true
    },
    "training_history": {
        "epoch_losses": [
            1.5922649714992498,
            0.8278797886201313,
            0.5548122978286703,
            0.44953470148130265,
            0.3987089136420791,
            0.36633311283550285,
            0.340085895307092,
            0.3139714314294522,
            0.29058858493307255,
            0.2716730838137141,
            0.25640146717079665,
            0.2447390439890341,
            0.23233911717560754,
            0.21999170081908387,
            0.21252850013802935,
            0.20373880125677535,
            0.19678591815695198,
            0.19221241299364802,
            0.18673612457761632,
            0.18145607108834075,
            0.17815392886175277,
            0.17458828223118586,
            0.16982120732222794,
            0.16764139191610916,
            0.16376143003474358,
            0.16244969506666604,
            0.15967860429692687,
            0.1571807815258437,
            0.15485451543239007,
            0.15303223586873585,
            0.15096482304113507,
            0.14916990013487302,
            0.14742362617191349,
            0.1443817463608137,
            0.14395667506314352,
            0.14190601723304372,
            0.14133874726380463,
            0.13939480164122067,
            0.13950489290646398,
            0.13734137684082998,
            0.1353818430110558,
            0.13291101633652505,
            0.13375374915372176,
            0.13147103624827444,
            0.1306006920510041,
            0.12940349096634876,
            0.12933766629610424,
            0.12842507791052113,
            0.12821311999394347,
            0.12671674640753916,
            0.12514630051901632,
            0.1241195601836117,
            0.12404422624719771,
            0.12384635636181847,
            0.12236832578513604,
            0.12354366482594914,
            0.12208668360593858,
            0.12034565978137447,
            0.11960722455707218,
            0.11976459741628151,
            0.11784776032113953,
            0.11838485583313492,
            0.11686198477412878,
            0.11652662710193346,
            0.11524209869739566,
            0.11601610204923762,
            0.1150476677037442,
            0.1146536005138636,
            0.11506231705934158,
            0.11444167850483487,
            0.11405415737878348,
            0.11255611255983396,
            0.11255437137086445,
            0.11242299930238203,
            0.11047941648852089,
            0.11184965006546425,
            0.11109718228025096,
            0.1110541816614171,
            0.11150963183170728,
            0.1093581096013027,
            0.1101882023615703,
            0.1101502801245972,
            0.10858435190812961,
            0.10867421027682007,
            0.1080102066565027,
            0.1087325446383118,
            0.10748534566804227,
            0.10826129795633939,
            0.10671242347944265,
            0.10698610169292767,
            0.10743961523054664,
            0.10491720640233584,
            0.1063692848881218,
            0.10620579455516485,
            0.10595774934736332,
            0.10476746188768589,
            0.10404011426267148,
            0.10411258559944088,
            0.10321781572911626,
            0.10290987973611777,
            0.10265643518370415,
            0.1027357744138394,
            0.1016410929011876,
            0.10302634627969344,
            0.1012775908514206,
            0.10216042090223225,
            0.10182679554463418,
            0.1005409098734686,
            0.10042255797755045,
            0.10120151069626879,
            0.10151473902213548,
            0.10010968503812308,
            0.09897942060846955,
            0.09924606401135704,
            0.09816139816606381,
            0.0968723071050018,
            0.09788289356794057,
            0.09682014555946342,
            0.09645343526824514,
            0.09490585935883906,
            0.09657549190877089,
            0.09435411601234028,
            0.09529588062034201,
            0.0941911955435536,
            0.09397437132950594,
            0.0922589938271481,
            0.09257189075855701,
            0.09331738811705126,
            0.0932300121747831,
            0.09197677634328778,
            0.09169380691077218,
            0.09180300148116595,
            0.09121137305295893,
            0.09043784154507556,
            0.09069737767639842,
            0.09171517497486571,
            0.08977751605766716,
            0.0893673881618326,
            0.08912015832595226,
            0.08819402292170234,
            0.08949039319653247,
            0.08952519821294987,
            0.08743057680725337,
            0.0869274721848272,
            0.08820086860779061,
            0.08830168630792769,
            0.08720297374621605,
            0.08660344482024214,
            0.08602041676332717,
            0.08635814385667348,
            0.08669563865851063,
            0.08630431711927915,
            0.08587191034722001,
            0.08609325445638394,
            0.08473577362292611,
            0.08512445479266044,
            0.08542979726824028,
            0.08565095195800924,
            0.08406118441845721,
            0.08485864078117682,
            0.08535168979908707,
            0.08366849732352917,
            0.0845765676880593,
            0.08363396399416156,
            0.08410342397299339,
            0.08417685057169624,
            0.08292037150514786,
            0.08281581494053687,
            0.08293416509792002,
            0.08258733286389283,
            0.08305273284522026,
            0.08116626545393676,
            0.08156724424381405,
            0.08034107137495267,
            0.080219733222489,
            0.08096968887278488,
            0.08039090155250529,
            0.0798456342945467,
            0.08111488431898643,
            0.08225825739238085,
            0.07944965411001431,
            0.07799337469418642,
            0.07834509212517742,
            0.08011539294861003,
            0.07904338440013879,
            0.07804907850130821,
            0.07972585496905722,
            0.07797540126314788,
            0.07794601755784646,
            0.07732705935103092,
            0.0780291627578215,
            0.07747173223392304,
            0.07662052307218345,
            0.07645255949661962,
            0.07648696303854126,
            0.07647034299047564,
            0.0773022365671938,
            0.07615328195995327,
            0.07635025074606193,
            0.07723547495516346,
            0.07475117127448797,
            0.07523491966035734,
            0.07477408696684851,
            0.07491048343870829,
            0.07393639451061595,
            0.07531651754829802,
            0.07507580346507288,
            0.07388447680826317,
            0.07434710508226347,
            0.07373810723485516,
            0.07457449044863473,
            0.07258756173852045,
            0.07254876223589375,
            0.07322942550981175,
            0.0736919167230148,
            0.07184268820927596,
            0.07324042101837457,
            0.07217717654149193,
            0.07254727388660648,
            0.07097231100267692,
            0.07160148361145752,
            0.07223346459268253,
            0.0717739571860906,
            0.07163043086554037,
            0.07098940457962057,
            0.07193975218448605,
            0.07150268880302893,
            0.0701331705751537,
            0.07135922238747003,
            0.07141001286483538,
