{
    "hyperparameters": {
        "harmonic": false,
        "n": null,
        "temperature": 0.05,
        "hidden_dim": 100,
        "epochs": 1000,
        "patience": 10,
        "min_delta": 0.0001,
        "batch_size": 64,
        "learning_rate": 0.001,
        "subfolder": "softmax_ReLU",
        "run_name": null,
        "ReLU": false,
        "softmax": true
    },
    "training_history": {
        "epoch_losses": [
            1.6784990016839652,
            0.9189612385687798,
            0.635200049227743,
            0.5374139274742558,
            0.4989874228231434,
            0.4753087240654522,
            0.45701779255162933,
            0.4535755706843791,
            0.4405988441633263,
            0.43570878081865655,
            0.4326569424795189,
            0.4263772087882577,
            0.4243826932394937,
            0.4198003407321505,
            0.41809876444243166,
            0.4165947741743471,
            0.414901612441677,
            0.4137227952337341,
            0.406013184931995,
            0.4018935153860527,
            0.40369877575048757,
            0.4003217384092081,
            0.4022491904718281,
            0.39953935483911396,
            0.394849792774171,
            0.3952534104238695,
            0.3954753525126209,
            0.3865409075165354,
            0.390201103379096,
            0.38596407940456356,
            0.3814770890705621,
            0.3812753919408774,
            0.3788567877956418,
            0.36766310910712174,
            0.348306769556773,
            0.32805343849985585,
            0.3045182827748914,
            0.2914091048480224,
            0.2874137544746338,
            0.2828990840780011,
            0.27833774042075504,
            0.2722597210995678,
            0.2728724147735247,
            0.26610214559873663,
            0.2686648355570556,
            0.2636295823590842,
            0.2660227838490627,
            0.2610516416937558,
            0.2556068538976059,
            0.25782030442360243,
            0.25671759704505204,
            0.2571592264012424,
            0.2588626443664593,
            0.25739856634630576,
            0.26239772871740336,
            0.25553328700379524,
            0.2553483871048066,
            0.251222286313804,
            0.24950734021932458,
            0.250288442448417,
            0.24563631086127719,
            0.2452315732137735,
            0.2480154420410011,
            0.24051410700879625,
            0.2416383541349981,
            0.24433644942399155,
            0.23454104792445835,
            0.24284006074182132,
            0.23885630908360614,
            0.239227041248669,
            0.2397699680711542,
            0.2403756607967272,
            0.23545521191124724,
            0.2350038311311177,
            0.23530349549231752,
            0.23299965345020743,
            0.23029735661757145,
            0.23339063689303297,
            0.22989563869514953,
            0.22999349199553162,
            0.22690239886262778,
            0.22622419271800817,
            0.224097568025467,
            0.2329267345027311,
            0.2236550062108459,
            0.22148034196180194,
            0.22152951561899453,
            0.22380700857559246,
            0.22317630124053975,
            0.2207371519525041,
            0.21966060568123802,
            0.21789827499626033,
            0.2223857160050001,
            0.21580806746681744,
            0.22232937692865126,
            0.2183994997594593,
            0.22225886938382566,
            0.21475830433894194,
            0.21608605869670414,
            0.2146353218545601,
            0.2143899654266613,
            0.2175856414062382,
            0.21562710178019143,
            0.2163682618756284,
            0.21572095144992826,
            0.21472611974503822,
            0.21220129172303784,
            0.2141603954009283,
            0.2146891355593957,
            0.215435005791946,
            0.21180180221327397,
            0.21091137165183832,
            0.20918982694827037,
            0.213411413395265,
            0.2112069660698427,
            0.20912462585309802,
            0.21170938858933158,
            0.21484864920155325,
            0.21052651225662689,
            0.21298209803182877,
            0.2067386804104868,
            0.20822069865625614,
            0.21027905825795587,
            0.21093988742655528,
            0.20684237610389875,
            0.20730217331563677,
            0.20347879214613424,
            0.20441527223027844,
            0.20617873067937809,
            0.21345815102635288,
            0.20944161662883531,
            0.20360048651409302,
            0.20858641138383702,
            0.20398787684293826,
            0.20792533956102724,
            0.20029998565517637,
            0.20157953573744308,
            0.20676958379643495,
            0.20511025924688336,
            0.20125632389768291,
            0.1983817124933894,
            0.20232421914532558,
            0.20331957727583297,
            0.19811322387935384,
            0.2016747344765804,
            0.1989260522910813,
            0.2063812986989297,
            0.19512554664990858,
            0.19499889760415182,
            0.19404871715530594,
            0.19196168824371054,
            0.19470705115782427,
            0.1949291872098915,
            0.19704385010450126,
            0.19071969886753223,
            0.1960242460551324,
            0.1882588510919831,
            0.19670046950136422,
            0.18669457645860435,
            0.19593797813751487,
            0.1888133746736657,
            0.18904056826999574,
            0.19227197126888518,
            0.1914857449724889,
            0.19173560607463502,
            0.19263101943822175,
            0.18919775143130693,
            0.184065068549693,
            0.18623605879869606,
            0.19078645638541689,
            0.18687526789555417,
            0.18789869347718288,
            0.1890814114731353,
            0.18265853520792558,
            0.18174183126022694,
            0.1892710438907655,
            0.18981626971777696,
            0.18178792281358291,
            0.18530358710308384,
            0.18362388760248607,
            0.18505784769111605,
            0.18777908359382198,
            0.18300726181114596,
            0.17608962591086177,
            0.18131214416008007,
            0.18140709767741625,
            0.1841468584737671,
            0.1796075919511984,
            0.18143031906995818,
            0.17727707194954728,
            0.1802847955082017,
            0.17881347441763829,
            0.17800609116702637,
            0.18272200622347626
        ],
        "early_stop_epoch": 193,
        "best_epoch": 183,
        "best_loss": 0.17608962591086177,
        "final_test_loss": 0.25737238228321074,
        "final_test_accuracy": 95.13
    },
    "timestamps": {
        "start_time": "2025-02-18 13:57:29",
        "end_time": "2025-02-18 14:01:52",
        "training_duration": "0:04:23"
    }
}