{
    "hyperparameters": {
        "harmonic": false,
        "n": null,
        "temperature": 0.1,
        "hidden_dim": 100,
        "epochs": 1000,
        "patience": 10,
        "min_delta": 0.0001,
        "batch_size": 64,
        "learning_rate": 0.001,
        "subfolder": "softmax_ReLU",
        "run_name": null,
        "ReLU": false,
        "softmax": true
    },
    "training_history": {
        "epoch_losses": [
            1.6381500561608435,
            0.8780768835849599,
            0.6030168717286226,
            0.5032868396911794,
            0.46348270713520456,
            0.4403207353246746,
            0.42281690908711095,
            0.4059753751020823,
            0.400746584478726,
            0.39554284725870403,
            0.3858353013613585,
            0.38204576934515033,
            0.3779349670783162,
            0.3740700942430415,
            0.37204239187019467,
            0.36460566608064465,
            0.3614263038502446,
            0.3580850084056097,
            0.3511144739351293,
            0.30396567439156047,
            0.2670988033630891,
            0.257600696622404,
            0.24828105242347032,
            0.23868150063065577,
            0.23493887644523243,
            0.2242005224079529,
            0.21817378684290564,
            0.21683077840630943,
            0.21084537175196066,
            0.21186970691405124,
            0.2073730291195039,
            0.2032681801306731,
            0.1975284900679104,
            0.197922577626749,
            0.1947440089506985,
            0.1917081426249257,
            0.19029936894798266,
            0.1864712207750884,
            0.1879590574655928,
            0.1821298432915704,
            0.18397730022970674,
            0.18252160262538872,
            0.18357078206620173,
            0.17745768381103968,
            0.17899992632697512,
            0.17844676511135818,
            0.17499556140438008,
            0.17518709996528525,
            0.17388705258319245,
            0.16805306775396123,
            0.16809185454324047,
            0.16945285979372415,
            0.17135505516653948,
            0.16345948940599714,
            0.16510897002288147,
            0.1692849715003994,
            0.16779239228896814,
            0.16254871847953942,
            0.16496691914168057,
            0.16430056830252537,
            0.15964291110904869,
            0.16418294086734622,
            0.16232718855166423,
            0.15616012714715846,
            0.15801350586712043,
            0.15558051253790095,
            0.1555102000664324,
            0.15591855943679556,
            0.15624112980380686,
            0.15718134308952703,
            0.15839797505604497,
            0.15369606531187416,
            0.14850957700009668,
            0.15543772648972298,
            0.15156689316415584,
            0.1522840039351824,
            0.15050024972327036,
            0.15036384273034487,
            0.1544538110550215,
            0.14689684505743195,
            0.15053841772912216,
            0.14805919976074938,
            0.145998074800205,
            0.1459131059782909,
            0.145053168006146,
            0.14452692765250072,
            0.1446109823445712,
            0.145360535415791,
            0.14398542653793084,
            0.14106299107802955,
            0.14281360344734909,
            0.14041981584370644,
            0.14471069123866018,
            0.1414010670465002,
            0.14176757592977937,
            0.1391602429126435,
            0.14250188575251332,
            0.14238575631295886,
            0.1438236049334727,
            0.14267490943993077,
            0.13949786648670556,
            0.13500552246772024,
            0.1390076960577989,
            0.13735940641582584,
            0.14006508067885695,
            0.13774455145898976,
            0.136733013884361,
            0.137248877733787,
            0.13460890673942913,
            0.13645614461619843,
            0.1345682837533703,
            0.13319431255454384,
            0.13523674182601766,
            0.13358858258310538,
            0.13339311748679514,
            0.13303145938820993,
            0.13463314381966204,
            0.130012715791366,
            0.1299200136947241,
            0.13289404027402274,
            0.13211641398701332,
            0.13418950542990268,
            0.12653871700127942,
            0.13150541022666165,
            0.12911962645291203,
            0.12839417553731183,
            0.13201729461415682,
            0.12702758040731904,
            0.12816704986398536,
            0.1265993160285008,
            0.13224071747402966,
            0.12509146334329393,
            0.12801993595384586,
            0.1239633823224683,
            0.12942404378412056,
            0.1298633130855048,
            0.12700595574151638,
            0.12497092752373898,
            0.12656537528588638,
            0.12703520921505748,
            0.12279344657892739,
            0.1264753122218271,
            0.12654743045528752,
            0.12910469800237812,
            0.12360786523586556,
            0.12109368170168736,
            0.12019433128808353,
            0.11686670368533335,
            0.1237506071008297,
            0.11996727206631065,
            0.12024648240042617,
            0.11909172492923895,
            0.11992028759303949,
            0.12357254091824994,
            0.11843452241712574,
            0.1159689617025525,
            0.12093271509901102,
            0.1192919944357405,
            0.1157010473531367,
            0.11789921021212076,
            0.11737107029403133,
            0.12005894115941325,
            0.11810411910699216,
            0.11741058328556322,
            0.11670757243449469,
            0.11703500706853388,
            0.11667377643708164,
            0.11715457421530888,
            0.11727375725705201
        ],
        "early_stop_epoch": 168,
        "best_epoch": 158,
        "best_loss": 0.1157010473531367,
        "final_test_loss": 0.26684312894940376,
        "final_test_accuracy": 94.98
    },
    "timestamps": {
        "start_time": "2025-02-18 13:52:01",
        "end_time": "2025-02-18 13:55:37",
        "training_duration": "0:03:36"
    }
}