{
    "hyperparameters": {
        "harmonic": false,
        "n": null,
        "temperature": 0.01,
        "hidden_dim": 100,
        "epochs": 1000,
        "patience": 10,
        "min_delta": 0.0001,
        "batch_size": 64,
        "learning_rate": 0.001,
        "subfolder": "softmax_ReLU",
        "run_name": null,
        "ReLU": false,
        "softmax": true
    },
    "training_history": {
        "epoch_losses": [
            1.7937987782299392,
            1.1195181513518921,
            0.864209748915772,
            0.7844064292877213,
            0.7563344815265395,
            0.7245470304478968,
            0.7114197357631187,
            0.6905964035977686,
            0.6748405893220067,
            0.6665514290714061,
            0.6734006378823506,
            0.6702952793539206,
            0.6552587759329566,
            0.6637673149866335,
            0.6298340509441107,
            0.6291276931699151,
            0.6262515473372138,
            0.6283281652975693,
            0.6124090292910015,
            0.6145040654360867,
            0.6148847844173659,
            0.6016453357615958,
            0.6037918623926034,
            0.5911144780547126,
            0.5960908477494458,
            0.5911293592153073,
            0.5854362256364274,
            0.5910769852875138,
            0.5914549690637507,
            0.5888954522544896,
            0.6007789927822694,
            0.5845397546220181,
            0.5784398196602681,
            0.5882319415143049,
            0.5705354130312578,
            0.5658223442494996,
            0.5676860292392499,
            0.5711490316495204,
            0.5666796624628719,
            0.5823813709559471,
            0.5606907211673031,
            0.5609426394835718,
            0.5609876796730292,
            0.5542369238666888,
            0.5578650685070928,
            0.5667122985953207,
            0.5526114027383231,
            0.5607299694755693,
            0.5594286594881432,
            0.546574882305126,
            0.5483949825262973,
            0.5408874599378246,
            0.5306899331367092,
            0.5158024967860565,
            0.4993811778104636,
            0.486185663687522,
            0.45916302232091616,
            0.45898986211431814,
            0.44671586476790626,
            0.4657886817511211,
            0.44311680197556896,
            0.4489885247640137,
            0.4462545683214278,
            0.4339932095743954,
            0.42561406241074556,
            0.4178014412633519,
            0.41124236528902675,
            0.4172523320515527,
            0.42014188284495235,
            0.42305990191760345,
            0.40705138073960095,
            0.407387750306681,
            0.4155029228199392,
            0.41147856379368664,
            0.40387488734016797,
            0.4099780482444555,
            0.40078786843176334,
            0.4159545779291755,
            0.40267846730948764,
            0.3966851671303767,
            0.4002147721631059,
            0.3922005760263024,
            0.4145043937207412,
            0.4091648764765339,
            0.40250033326049856,
            0.3996744504424809,
            0.3928453659356784,
            0.3930622161562636,
            0.39975477403986936,
            0.39229753136889006,
            0.4044625101996256,
            0.394600891299657
        ],
        "early_stop_epoch": 91,
        "best_epoch": 81,
        "best_loss": 0.3922005760263024,
        "final_test_loss": 0.4052049249410629,
        "final_test_accuracy": 92.19
    },
    "timestamps": {
        "start_time": "2025-02-19 11:30:23",
        "end_time": "2025-02-19 11:32:30",
        "training_duration": "0:02:07"
    }
}