{
    "hyperparameters": {
        "harmonic": false,
        "n": null,
        "temperature": 1.0,
        "hidden_dim": 100,
        "epochs": 1000,
        "patience": 10,
        "min_delta": 0.0001,
        "batch_size": 64,
        "learning_rate": 0.001,
        "subfolder": "softmax_ReLU",
        "run_name": null,
        "ReLU": false,
        "softmax": true
    },
    "training_history": {
        "epoch_losses": [
            1.596243157951054,
            0.8131030444333802,
            0.5309360729161102,
            0.408809248000574,
            0.34451116330778675,
            0.30501876894567315,
            0.27601631459936915,
            0.2552357965520323,
            0.2406835657185011,
            0.22911136589451894,
            0.219085263084374,
            0.21155993728987824,
            0.20365128719976652,
            0.19760415760446776,
            0.19135377113459143,
            0.18644547104628992,
            0.18189996926745436,
            0.17741655827219935,
            0.17382843157788838,
            0.1701855929032254,
            0.16745051277130207,
            0.1654724989876723,
            0.1624436009226482,
            0.15980906814320892,
            0.15756508532061633,
            0.1557289889213373,
            0.15275631455589395,
            0.15069773056701238,
            0.14872264440880337,
            0.1470727778530356,
            0.1447837870401233,
            0.14379875325182798,
            0.14148014078715018,
            0.14029171460194947,
            0.138464287061419,
            0.13831347338597116,
            0.13640863484025859,
            0.13541267509323987,
            0.13446553083839638,
            0.13267110604077959,
            0.13118255971325263,
            0.13088617404041164,
            0.1300035279992817,
            0.12915896847079605,
            0.1285051640563968,
            0.12733063568323374,
            0.12604107608351467,
            0.12502434045703872,
            0.12453043985484379,
            0.12398506987339525,
            0.12271474237178466,
            0.12203702492329643,
            0.1213129439514313,
            0.12114320634437331,
            0.1197459758577078,
            0.11950558734569214,
            0.11843243746289503,
            0.11774261564766961,
            0.11755204932597368,
            0.11686621520167856,
            0.11614558998662144,
            0.11576226143353084,
            0.11468221531954528,
            0.11433099880655691,
            0.11352761263853864,
            0.11268844436913697,
            0.11291363801179664,
            0.11196895854086923,
            0.11147785802651793,
            0.11048560633635851,
            0.11056969361280454,
            0.11039280934509502,
            0.10930599711998217,
            0.10897738585617942,
            0.10839120775802748,
            0.10748995562145577,
            0.10739755564466563,
            0.10648810073856448,
            0.10567371969494516,
            0.10512748290039996,
            0.10551819993433223,
            0.10501084866315953,
            0.10364238332424845,
            0.10410875126447425,
            0.1037882102796359,
            0.10327849878288155,
            0.1020737588306321,
            0.10207158356988386,
            0.10164732360509413,
            0.10152311397315279,
            0.1011825127582719,
            0.1010987196715354,
            0.09989811856645162,
            0.09974392510152288,
            0.09946027501418726,
            0.09884200317920176,
            0.09889737824434792,
            0.0985666037783392,
            0.09835750959031204,
            0.09721853521996057,
            0.0968446066014286,
            0.09689486754843707,
            0.09587344899475733,
            0.09659586425946116,
            0.09581223833483896,
            0.09543767454388585,
            0.09470385474277966,
            0.09424744595163889,
            0.09359048468583046,
            0.09346466678540225,
            0.09327325739784599,
            0.0930368885758327,
            0.0927045904377948,
            0.09175141527404838,
            0.09231691017770755,
            0.09177755140044144,
            0.09104453239327809,
            0.08989292917165484,
            0.09018634923441864,
            0.0899359355760075,
            0.08870653142886502,
            0.08891108497651591,
            0.089015520425009,
            0.08858760882830267,
            0.08756344230807842,
            0.08802378324043157,
            0.08766166967099537,
            0.08701317401519462,
            0.08737840953229396,
            0.08607876960730264,
            0.08581096514203608,
            0.08614568292115654,
            0.08599154058265994,
            0.08515751381505972,
            0.08490659255109458,
            0.0851034940709906,
            0.08461803874261042,
            0.08399668570284222,
            0.08371743308390175,
            0.08349324539075417,
            0.08412425729559302,
            0.08366397328958758,
            0.08405562214005285,
            0.0826209623218655,
            0.08270180100318926,
            0.08240996171801743,
            0.08201532734921381,
            0.08221207508372504,
            0.08171703365903452,
            0.08146833436641056,
            0.08151365871449857,
            0.08133952215270225,
            0.0810984728722843,
            0.0808127381087247,
            0.08019026968755257,
            0.08021801984759727,
            0.08027110791066165,
            0.08017048501431434,
            0.07964516619641358,
            0.07962034972332942,
            0.0789454406333853,
            0.07960531846242848,
            0.07877977178352617,
            0.07823515532494608,
            0.07876500785241583,
            0.07798599726709127,
            0.07865763531882626,
            0.07856327746468567,
            0.07797461353552176,
            0.07755319129423435,
            0.07835972497263538,
            0.07756221976909619,
            0.07733732960852129,
            0.07788823172152201,
            0.0775344359235707,
            0.07636414509989432,
            0.07627603842386368,
            0.07691154483336407,
            0.07656925786107874,
            0.07673992204374627,
            0.07676461502276202,
            0.07576408232204807,
            0.07600532149472065,
            0.07542191539654758,
            0.07523557345376912,
            0.0757535055243988,
            0.0759559243600736,
            0.07586150359549025,
            0.07535987465120138,
            0.07501454163007121,
            0.07555611473299674,
            0.07502327567444983,
            0.07536162216234198,
            0.07454661502421442,
            0.07442894137736514,
            0.07519270970857442,
            0.0743532906507831,
            0.07418061618401266,
            0.07387035691749248,
            0.07391752534534043,
            0.07392117832012887,
            0.07378932554076222,
            0.07412011341811386,
            0.07331979947873572,
            0.07373917605112325,
            0.07406466609206615,
            0.0730962327955517,
            0.07321500089237971,
            0.07288417195591496,
            0.07290235206113457,
            0.07325179763644664,
            0.07290075522517837,
            0.07328141382438684,
            0.07267963512490855,
            0.07217599522731484,
            0.07223583944489373,
            0.07170152084590165,
            0.07191058372292342,
            0.07188442892986717,
            0.07204816278878416,
            0.07214465707258534,
            0.07163948869940315,
            0.07182532023223462,
            0.0713121672632542,
            0.07156222204475213,
            0.07184859040205174,
            0.07159330841076415,
            0.07173504576490108,
            0.07162020303138188,
            0.07102035073491969,
